id,type,group_key,split
55031181e9bde69634000014,summary,is hirschsprung disease a mendelian or a multifactorial disorder,validation
55046d5ff8aee20f27000007,list,list signaling molecules ligands that interact with the receptor egfr,validation
54e25eaaae9738404b000017,yesno,is the protein papilin secreted,internal_test_LOCKED
535d292a9a4572de6f000003,yesno,are long non coding rnas spliced,internal_test_LOCKED
55262a9787ecba3764000009,yesno,is rankl secreted from the cells,train
51406e6223fec90375000009,yesno,does metformin interfere thyroxine absorption,train
553fa78b1d53b76422000007,list,which mirnas could be used as potential biomarkers for epithelial ovarian cancer,internal_test_LOCKED
5149199dd24251bc05000040,list,which acetylcholinesterase inhibitors are used for treatment of myasthenia gravis,train
52bf1db603868f1b06000011,yesno,has denosumab prolia been approved by fda,validation
5709e4b2cf1c32585100001c,list,list the human genes encoding for the dishevelled proteins,internal_test_LOCKED
56bc751eac7ad10019000013,factoid,name synonym of acrokeratosis paraneoplastica,train
54d4e03a3706e89528000001,list,which are the classes of anti arrhythmic drugs according to vaughan williams classification,train
55072c803b8a5dc045000001,list,which are the different isoforms of the mammalian notch receptor,train
53061af558348c0f52000002,list,which are the major characteristics of cellular senescence,train
56c1f01def6e394741000045,factoid,orteronel was developed for treatment of which cancer,validation
5313b049e3eabad021000013,yesno,is the monoclonal antibody trastuzumab herceptin of potential use in the treatment of prostate cancer,train
53137541e3eabad021000010,list,which are the yamanaka factors,internal_test_LOCKED
515aa0abd24251bc050000a8,summary,what is the aim of the human chromosome centric proteome project c hpp,train
56af9f130a360a5e45000015,factoid,where is the protein pannexin1 located,train
5718bbb37de986d80d00000b,list,which currently known mitochondrial diseases have been attributed to polg mutations,internal_test_LOCKED
532f062ad6d3ac6a34000027,summary,what is the effect of ivabradine in heart failure after myocardial infarction,validation
52bf1b0a03868f1b06000009,factoid,what is the mode of inheritance of wilson s disease,validation
517395b98ed59a060a00001a,yesno,are transcription and splicing connected,validation
52bf19c503868f1b06000001,factoid,what is the mode of inheritance of facioscapulohumeral muscular dystrophy fshd,validation
54db1d580f63c58e6e000005,yesno,is alu hypomethylation associated with breast cancer,train
54f9d3eedd3fc62544000004,list,which proteins participate in the formation of the ryanodine receptor quaternary macromolecular complex,train
5505edac8e1671127b000005,factoid,what kind of chromatography is hilic,train
5160193d298dcd4e51000039,summary,what is the effect of trh on myocardial contractility,train
51593dc8d24251bc05000099,yesno,proteomic analyses need prior knowledge of the organism complete genome is the complete genome of the bacteria of the genus arthrobacter available,train
56e2cec751531f7e33000015,factoid,what is the structural fold of bromodomain proteins,train
515deafd298dcd4e51000025,list,list the endoscopic diagnoses that have been reported in children with autism,train
532624ae600967d132000005,summary,what are the outcomes of renal sympathetic denervation,internal_test_LOCKED
5518e7da622b194345000004,factoid,which map kinase phosphorylates the transcription factor c jun,train
530a5117970c65fa6b000007,factoid,what is the meaning of the acronym tails used in protein n terminomics,train
56bf365eef6e39474100000e,yesno,do mutations of akt1 occur in meningiomas,internal_test_LOCKED
52bf202003868f1b06000018,list,what are the main indications of lacosamide,train
552fac4fbc4f83e828000006,factoid,which fusion protein is involved in the development of ewing sarcoma,train
56be0da3ef6e394741000007,list,list hemolytic uremic syndrome triad,train
5158644cd24251bc0500008e,yesno,does physical activity influence gut hormones,internal_test_LOCKED
515a7ffdd24251bc050000a5,list,what are the effects of depleting protein km23 1 dynlrb1 in a cell,train
54cf7051f693c3b16b000013,factoid,treatment of which disease was investigated in the mr clean study,train
56a92be0a17756b72f000009,list,which factors activate zygotic gene expression during the maternal to zygotic transition in zebrafish,internal_test_LOCKED
54f08d4a94afd61504000016,yesno,is irritable bowel syndrome more common in women with endometriosis,train
54f49995d0d681a040000002,summary,what is evaluated using the eortc qlq info25 questionnaire,train
531d2aa5267d7dd053000003,yesno,does bnp increase after intensive exercise in athletes,train
56bf3a79ef6e39474100000f,summary,what is the association of estrogen replacement therapy and intracranial meningioma risk,train
54fefff26ad7dcbc1200000b,yesno,are there web based self management strategies for chronic pain,train
571f34ac0fd6f91b68000005,yesno,is weaver syndrome similar to sotos,internal_test_LOCKED
54e0d1491388e8454a000014,factoid,which enzyme is targeted by evolocumab,train
553a8d78f321868558000003,yesno,are ultraconserved elements often transcribed,train
51404dd723fec90375000002,factoid,what is the methyl donor of dna cytosine 5 methyltransferases,train
552fa6f5bc4f83e828000002,yesno,is peripheral neuroepithelioma related to ewing sarcoma,train
56d0451c3975bb303a00000e,factoid,which signaling pathway does sonidegib inhibit,train
54ede8c594afd61504000009,factoid,in which phase of the cell cycle arrest is impaired in fanconi anemia,train
56c3327c50c68dd41600000c,list,which dna sequences are more prone for the formation of r loops,train
551c23bc6b348bb82c00000b,factoid,mutation of which gene is implicated in the familial isolated pituitary adenoma,train
5314a7a4dae131f847000003,list,which mutations of troponin c gene have been found to cause hypertrophic cardiomyopathy,train
535d78137d100faa09000005,summary,what is known about the effect of acupuncture in smoking cessation,internal_test_LOCKED
56c6dd275795f9a73e000008,list,which post translational histone modifications are characteristic of constitutive heterochromatin,train
56c1f02cef6e39474100004c,factoid,gv1001 vaccine targets which enzyme,train
550af222c2af5d5b7000000b,factoid,which is the e3 ubiquitin ligase which ubiquitinates ikb leading to its proteasomal degradation,train
5318a955b166e2b806000020,yesno,is c met involved in the activation of the akt pathway,train
531a3fe3b166e2b806000038,yesno,is pregnancy an additional risk during during h1n1 infection,internal_test_LOCKED
51757bbb8ed59a060a00002e,yesno,are long non coding rnas as conserved in sequence as protein coding genes,train
56c1f03bef6e394741000053,factoid,mutation of which gene is implicated in the brain lung thyroid syndrome,internal_test_LOCKED
52d946c798d023950500000a,summary,what is clathrin,train
5322d9339b2d7acc7e000011,summary,what are the main results of prkar1a knockdown,validation
535d75ab7d100faa09000004,yesno,is tens machine effective in pain,train
56d1d14567f0cb3d66000003,yesno,is there any algorithm for enhancer identification from chromatin state,train
532498959b2d7acc7e000017,factoid,which enzyme is targeted by the drug imetelstat,validation
56c1f005ef6e39474100003a,list,which interleukins are inhibited by dupilumab,validation
513ce3c8bee46bd34c000008,list,which human genes are more commonly related to craniosynostosis,train
553f78c7ab98a37113000008,yesno,are transcribed ultraconserved regions involved in cancer,validation
56d06e043975bb303a000011,factoid,in which breast cancer patients can palbociclib be used,train
56d8b27651531f7e33000003,yesno,do patients with pendred syndrome present congenital deafness,train
571e1e11bb137a4b0c000004,list,list side effects of sglt2 inhibitors,internal_test_LOCKED
552fa32fbc4f83e828000001,yesno,is cd56 useful in ewing sarcoma prognosis,train
5509f433c2af5d5b70000008,factoid,what is the method fasp used for,train
553fa2201d53b76422000005,summary,what is the role of extracellular signal related kinases 1 and 2 erk1 2 proteins in craniosynostosis,internal_test_LOCKED
52fa73c62059c6d71c000058,yesno,are there any urine biomarkers for chronic kidney disease,train
533f9df0c45e133714000016,list,what is being measured with an accelerometer in back pain patients,train
56a3a386496b62f23f000007,list,list the releases of jaspar database,train
56c1f038ef6e394741000051,list,list symptoms of the ifap syndrome,internal_test_LOCKED
531a34d5b166e2b806000036,factoid,which gene is required for the efficient function of clopidogrel,train
56c1f029ef6e39474100004a,yesno,is valproic acid effective for glioblastoma treatment,train
56cdf40d5795f9a73e00003d,factoid,which transcription factor is considered as a master regulator of lysosomal genes,internal_test_LOCKED
571529efcb4ef8864c000001,list,which antibiotics target peptidoglycan biosynthesis,train
52b2ec744003448f55000001,yesno,can levoxyl levothyroxine sodium cause insomnia,train
530e42e65937551c09000007,yesno,is fatigue prevalent in patients receiving treatment for glioblastoma,train
53358cd2d6d3ac6a3400004e,list,list two common features of tay syndrome,train
52b2d405f828ad283c000009,list,which cell types are known to be driving rheumatoid arthritis,validation
550324d7e9bde6963400002f,summary,what is the association between personality trait of neuroticism and risk for alzheimer s disease,train
52f125332059c6d71c000007,summary,what is the mode of action of everolimus,train
5158a5b8d24251bc05000097,yesno,have quantitative trait loci affecting splicing splicing qtls been linked to disease,train
553653a5bc4f83e828000007,factoid,which technique is used for detection of ews fli1 fusion transcripts,train
5344310baeec6fbd0700000c,yesno,does the ctcf protein co localize with cohesin,train
56c868a95795f9a73e000017,factoid,what is the application of the bimolecular fluorescence complementation bifc assay in drosophila embryos,validation
54dcb29dc0bb8dce23000004,summary,which pathological condition of the heart is known as hypertrophic cardiomyopathy hcm,internal_test_LOCKED
516e5f41298dcd4e5100007f,factoid,what is the genetic basis of rubinstein taybi syndrome,train
511a51331159fa8212000009,summary,what is the function of the viral kp4 protein,train
56ed27012ac5ed145900000b,factoid,what is the function of the aire gene at the embryonic stage,train
533c388dc45e133714000008,summary,what is the principle of the par clip methodology,train
518cb4b5310faafe08000006,list,which drugs are utilized to treat amiodarone induced thyroitoxicosis,train
56c3323a50c68dd416000009,summary,how is spastic diplegia diagnosed,train
52f223e02059c6d71c00000e,factoid,which is the genetic defect causing neurofibromatosis type 1,train
5343caffaeec6fbd07000002,factoid,which is the human selenoprotein that contains several se cys residues,validation
56a39d60496b62f23f000006,factoid,which package is available for analysing genomic interactions in r bioconductor,internal_test_LOCKED
5150b807d24251bc05000072,factoid,how many clinical trials for off label drugs in neonates are cited in the literature,train
56c81fd15795f9a73e00000c,yesno,are stress granules involved in the pathogenesis of amyotrophic lateral sclerosis,train
52f5083d2059c6d71c00001e,yesno,does tgf beta play a role in cardiac regeneration after myocardial infarction,train
56cf413f3975bb303a000009,summary,is there a genetic component for happiness,internal_test_LOCKED
56c1d857ef6e394741000033,factoid,what enzyme is inhibied by opicapone,train
5140569623fec90375000003,summary,what kind of affinity purification would you use in order to isolate soluble lysosomal proteins,train
552faa43bc4f83e828000004,list,which are the genes thought to be regulated by ews fli,validation
52fe58f82059c6d71c00007a,factoid,do archaeal genomes contain one or multiple origins of replication,train
533c3af6c45e13371400000d,list,which pathological conditions are caused by mutations in the cyld gene,validation
56c5fd325795f9a73e000005,factoid,which is the genetic basis of spinal muscular atrophy sma,train
571f3b320fd6f91b68000007,list,which are the common symptoms of cushing s syndrome,train
5319ac99b166e2b806000034,factoid,which is the third subunit of the tsc1 tsc2 complex upstream of mtorc1,train
54f89e1a06d9727f76000001,factoid,which kinase is inhibited by the small molecule kn 93,internal_test_LOCKED
5357bd56f1005d6b58000009,summary,what is the effect of chk2 splice variants on wild type chk2 kinase activity,train
54d65b6b3706e8952800000c,list,list genes that have been found mutated in cmt1a charcot marie tooth disease type 1 a,train
517a8c918ed59a060a000043,list,which viruses are best known to cause myocarditis,internal_test_LOCKED
571f2b5bbb137a4b0c000010,list,which genes have been associated with cerebral cavernous malformation,internal_test_LOCKED
52fb4b462059c6d71c00005f,yesno,is ditpa a thyroid hormone analog utilized in experimental and clinical studies,train
56c1d848ef6e39474100002f,summary,what is tarlov cyst,train
571e275dbb137a4b0c000005,factoid,what are vildagliptin sitagliptin saxagliptin alogliptin linagliptin and dutogliptin,train
51739df58ed59a060a00001c,factoid,which is the most important prognosis sub classification in chronic lymphocytic leukemia,internal_test_LOCKED
5168023b298dcd4e51000061,yesno,is mammaprint cleared by the united states food and drug administration,train
530f7cdde3eabad021000001,yesno,is amantadine effective for treatment of disorders conciousness,train
56e857ae42442bac75000004,factoid,what is needed for mmp proteins to be functional,train
5509c52f1180f13250000004,factoid,what is hyperosmia,validation
535d2cf09a4572de6f000004,factoid,what is the number of long non coding rnas in the human genome,validation
55475dc2f35db75526000001,factoid,which is the most known bacterium responsible for botulism sausage poisoning,train
56c073fcef6e394741000020,factoid,what is the association of spermidine with α synuclein neurotoxicity,internal_test_LOCKED
550320cbe9bde6963400002d,list,list symptoms of 4h leukodystrophy,train
53312464d6d3ac6a3400003a,summary,what is the extracellular core matrisome,validation
56f3f6b12ac5ed145900001a,yesno,is gaga associated with nucleosome free regions nfr,train
511a4d391159fa8212000003,list,which are the plant dna cytosine 5 methyltransferase families,train
52fe52702059c6d71c000078,factoid,where is the histone variant cenpa preferentially localized,train
517137c18ed59a060a000001,list,in which proteins is the chromodomain present,train
56b3efc38525abca1e000006,summary,what is genomicus,train
5509df4ac2af5d5b70000003,yesno,is amiodarone a class i anti arrhythmic drug,train
5339ecf4d6d3ac6a3400005f,factoid,which is the prognostic meaning of delayed enhancement documented in patients hypertrophic cardiomyopathy,train
56ae35bc0a360a5e45000007,summary,what is the couger tool,train
532083389b2d7acc7e000003,list,are there drugs for tick borne encephalitis,internal_test_LOCKED
571e3d42bb137a4b0c000007,yesno,is slc22a3 expressed in the brain,train
53386282d6d3ac6a3400005a,yesno,has the protein tieg1 been associated with apoptosis,train
5717d64f29809bbe7a000001,factoid,which is the cellular localization of the protein opa1,internal_test_LOCKED
531d7430267d7dd053000008,list,which are the drugs utilized for the burning mouth syndrome,train
55031650e9bde69634000026,yesno,is pten involved in follicular thyroid carcinoma,train
56c8f4615795f9a73e00001a,factoid,which genome browser database for dna shape annotations is available,validation
54fc97b86ad7dcbc12000002,summary,what is known about clinical efficacy of ceftriaxone for treatment of amyotrophic lateral sclerosis,internal_test_LOCKED
56ccae765795f9a73e000035,summary,what is the relationship between tailorx and oncotype,train
51598b08d24251bc0500009f,yesno,does strenuous physical activity affect thyroid hormone metabolism,train
56f112932ac5ed145900000d,summary,which is the main function of rna sponges,train
56cf50253975bb303a00000b,yesno,is the gene maoa epigenetically modified by methylation,train
5523f1a62c8b63434a000002,list,which mutations of phopspholamban have been found in patients with cardiomyopathy,train
52df8ce798d023950500000d,list,which are the supplemental antioxidant in athletes,validation
5713c4a11174fb1755000013,yesno,is glycyl trna synthetase gene involved in the development of charcot marie tooth disease,validation
5311cdcce3eabad021000007,yesno,is there any software for automated analysis of fish images,train
51659356298dcd4e5100005a,summary,how do histone methyltransferases cause histone modification,train
54ede5df94afd61504000007,yesno,is there an increased risk for cancer in dyskeratosis congenita,validation
54f4703764850a5854000008,yesno,does microrna 21 mir 21 contribute to cardiovascular disease,validation
552421082c8b63434a000005,factoid,what is the enzymatic activity of the breast cancer associated gene brca1,internal_test_LOCKED
5505b9ff8e1671127b000001,list,list markers for autophagy,train
56b29bf545561f0573000003,yesno,are there any statistical methods for normalizing and identifying differential regions in histone modification chip seq data,train
52ef7170c8da898910000012,yesno,is cd84 genetically associated with arthritis,train
5719f5b27de986d80d00000c,factoid,what is the function of neu5gc n glycolylneuraminic acid,train
532f08b8d6d3ac6a34000029,yesno,are there any specific antidotes for rivaroxaban,internal_test_LOCKED
5710a592cf1c32585100002a,factoid,which metabolite activates atxa,train
57169662cb4ef8864c000008,summary,what is the function of 6srna in bacteria,train
54d77f0e3706e8952800001b,yesno,is cytisine superior to nicotine replacement therapy for smoking cessation,train
532366f09b2d7acc7e000015,factoid,which amino acid residue appears mutated in most of the cases reported with cadasil syndrome,train
57090784cf1c325851000011,list,which syndromes are associated with mutations in the ezh2 gene,validation
55414a763f2354b713000003,list,which databases exist for experimentally determined topologies of α helical transmembrane proteins,train
55000cc4e9bde69634000004,factoid,which disease is characterized by congenital absence of intrinsic ganglion cells of the gastrointestinal tract,internal_test_LOCKED
54ede28094afd61504000003,factoid,what is the disease in which patients are sensitive to dna crosslinking agents presenting with a high frequency of chromosomal aberrations,train
56ecfd572ac5ed1459000002,factoid,how is oprozomib administered,train
54f57892d0d681a040000009,summary,what is a caveolae,train
56ebfa13107309bc2f000004,list,which are the roles of chromatin compartments in the eukaryotic nucleus,train
56c0708eef6e39474100001f,yesno,is the abnormal dosage of ultraconserved elements disfavored in cancer cells,train
515ac533d24251bc050000a9,yesno,does thyroid hormone regulate calcium transient in the myocardium,validation
533c2230c45e133714000002,list,what are the biological roles proposed for proteins containing the spry domain,train
511979b04eab811676000003,summary,how could we infer functional associations from gene fusion events,train
514241fcd24251bc05000006,list,the protein nono forms heterodimers with which proteins,train
5709ee36cf1c32585100001e,factoid,which syndrome is associated with mutant dvl1,train
517179718ed59a060a00000e,yesno,are proteasome inhibitors good candidates for treatment of leukemia and solid tumors,train
553cae13f32186855800000e,yesno,is there any link between ctf4 and ctf18 during sister chromatid cohesion,train
56a7d5afa17756b72f000002,summary,what is the genomic regions enrichment of annotations tool great,train
54d649843706e89528000009,factoid,what is the target of the drug olaparib,train
52f7c4bd2059c6d71c00002d,yesno,are thyroid hormone receptor alpha1 mutations implicated in thyroid hormone resistance syndrome,train
53188c12b166e2b80600001a,summary,what is the role of rhoa in bladder cancer,train
56f802ea09dd18d46b000017,list,list human proteins that are subject to a dimer to tetramer transition,train
5335c7f2d6d3ac6a34000051,factoid,inhibition of which transporter is the mechanism of action of drug canagliflozin,train
531b2fc3b166e2b80600003c,summary,what is the prognostic role of thyroid hormone in patients with heart failure,train
531376c8e3eabad021000012,list,which mutations of phospholamban gene have been found to cause hypertrophic cardiomyopathy,train
5545186cbf90a13052000002,factoid,which gene strand is targeted by transcription coupled repair tcr,validation
5312280ce3eabad02100000a,list,abnormalities in which chromosomes were linked to the moyamoya disease,train
5357a6d0f1005d6b58000004,factoid,which is the branch site consensus sequence in u12 dependent introns,train
5523dc8c7b523f2123000002,summary,for what is protein a from staphylococcus aureus used in biochemistry,train
5710ade4cf1c32585100002c,summary,what is the suggested therapy for mycobacterium avium infection,validation
517a8ce98ed59a060a000045,summary,what is the treatment of acute pericarditis,train
56ed14d92ac5ed145900000a,factoid,what is the genetic basis of tuberous sclerosis,train
57092332cf1c325851000018,factoid,what is the molecular function of the chd1 protein,train
54df69af1388e8454a000005,list,which drugs are included in the fec 75 regimen,train
5536554abc4f83e828000008,list,between which probes does the recurrent translocation breakpoint on chromosome 22 of neuroepithelioma lie,train
532673c4d6d3ac6a34000009,yesno,does administration of triiodothyronine improve outcome following coronary artery bypass grafting,train
56f3f0f02ac5ed1459000017,list,which are the most widely used computational methods for the identification of crms cis regulatory modules,train
56ed03862ac5ed1459000004,factoid,which enzyme does mln4924 inhibit,train
54f9cb34dd3fc62544000002,factoid,which protein has been found to interact with phospholamban pln and is also an anti apoptotic protein,train
53009f6d2059c6d71c00007e,yesno,is long qt syndrome a cause for sudden cardiac death in athletes,internal_test_LOCKED
51485b9ad24251bc0500002b,summary,what is the clinical value of mammaprint,train
5512cce26a8cde6b7200000c,yesno,is protein m3 6 a dual specificity phosphatase,validation
532c0946d6d3ac6a34000019,yesno,are there focused databases from which you can retrieve gene expression data on renal disease,train
532ad23ad6d3ac6a34000011,summary,what systems have been developed for the numbering of antibody residues,train
511a16f9df1ebcce7d000005,yesno,are there any dnmt3 proteins present in plants,train
535d3c069a4572de6f000006,factoid,what is the number of protein coding genes in the human genome,train
530cf57efe2466f70c000006,yesno,has vitamin d has been shown to reduce incidence of falls in older people in clinical trials,train
515df063298dcd4e51000029,factoid,what is the indication for prophylactic use of antibiotics in copd,train
530cf57efe2466f70c000001,yesno,has depression been shown to be a predictor of frailty,train
54d73e223706e89528000010,factoid,what is the generic name of gliolan,train
56b8f28a156496395c000006,yesno,is there any association between jarid2 and mir 155 in th17 cells,train
56b2863945561f0573000001,summary,what is enchip,train
515db083298dcd4e51000012,factoid,how many genes does the human hoxd cluster contain,train
51640b4a298dcd4e51000050,yesno,is it safe to take isotretinoin during pregnancy,validation
55058af6f73303d458000004,factoid,which protein is the e3 ubiquitin ligase that targets the tumor suppressor p53 for proteasomal degradation,validation
56c71cb65795f9a73e00000b,yesno,can dna intercalators function as topoisomerase inhibitors,train
5156be75d24251bc05000088,list,which diseases is microrna 132 mir 132 implicated in,train
57169b63cb4ef8864c00000b,list,which are the human glutamate transporters,internal_test_LOCKED
5162da97298dcd4e51000048,summary,what are the functions of sorting nexin 27,train
56bb154aac7ad10019000003,yesno,do orphan and gene related cpg islands follow power law like distributions,train
535d35779a4572de6f000005,factoid,what is the proportion of non canonical splice sites in the human genome,train
55184d46622b194345000001,list,list protein gel staining methods visualizing the entire protein set,train
5318a6b2b166e2b80600001f,summary,what clinical use aptamers may have,validation
56b7083376d8bf8d13000001,factoid,what is the causative agent of the panama disease affecting bananas,train
52bf1df903868f1b06000013,summary,what is the mechanism of action of nalmefene,train
54cf43abf693c3b16b000008,list,synostosis of which cranial structures are characteristic to the mercedes benz syndrome,train
52f89ee42059c6d71c00004d,yesno,can valproic acid act as an activator of ampk,train
55391ce8bc4f83e828000018,list,which signaling pathways have been associated with medulloblastoma formation and growth,train
5319ac7fb166e2b806000033,summary,what is the role of invadopodia in emt,train
534428feaeec6fbd0700000a,summary,what are cancer driver genes,internal_test_LOCKED
552016a36b348bb82c000018,summary,what is a mitochondrial nucleoid,internal_test_LOCKED
518cb513310faafe08000007,summary,what is the treatment of amiodarone induced thyrotoxicosis,validation
5159cc88d24251bc050000a4,summary,how does exercise affect thyroid hormone receptors expression in the heart,train
56b8841189239fd259000001,yesno,is the drosophila translational control element tce involved in spermatogenesis,internal_test_LOCKED
51542dc3d24251bc0500007e,list,what are the symptoms of abacavir hypersensitivity,train
532f0511d6d3ac6a34000024,summary,what is the effect of ivabradine in heart failure with preserved ejection fraction,train
5325de7d9b2d7acc7e000029,yesno,is low t3 syndrome a prognostic marker in patients with renal insufficiency,train
531d76a2267d7dd05300000a,yesno,does burning mouth syndrome preferentially affect post mepopausal women,train
55376663bc4f83e82800000a,factoid,which biomarker is widely used in the diagnosis of ewing sarcoma,validation
51595fb0d24251bc0500009c,list,proteomic analyses have revealed proteins associated with the triple negative breast cancers list some proposed proteins,train
52f11b922059c6d71c000004,factoid,which signalling pathway is involved in tuberous sclerosis,train
52f88a972059c6d71c000033,yesno,can life style changes reduce oxidative stress,train
536787467d100faa09000010,factoid,which is the relation between sweating and anaerobic threshold,train
56c077e9ef6e394741000021,factoid,name monoclonal antibody against slamf7,train
54d9071a4b1fd0d33c000007,summary,what is the mode of action of bedaquiline,train
551c2cd26b348bb82c00000d,summary,does helicobacter pylori infection increase risk for ischemic stroke,train
5547d700f35db75526000007,list,which are the major types of the motor speech disorder dysarthria,train
5316111fb166e2b806000001,yesno,is oxidative stress affected by foxo expression,train
54e22ee4ae9738404b000013,summary,describe the mechanism of action of the linx system for treatment of gastroesophageal reflux disease,train
571f609c0fd6f91b6800000c,factoid,which enzyme deficiency can cause gm1 gangliosidoses,train
55032e65e9bde69634000034,factoid,what is the characteristic feature of the dyke davidoff masson syndrome,train
5717d86029809bbe7a000003,factoid,which gene is involved in the development of barth syndrome,internal_test_LOCKED
51406dd123fec90375000008,summary,what is the treatment of subacute thyroiditis,train
56e45bc651531f7e33000018,summary,what are the effects of bmal1 deficiency,train
531b1e3cb166e2b80600003b,list,which histone modifications are associated with polycomb group pcg proteins,train
53319916d6d3ac6a3400003f,summary,where is the protein clic1 localized,validation
52d832dd98d0239505000003,list,list phosphorylation consensus motifs for casein kinase 1 ck1,train
56bb616dac7ad10019000008,list,what medication were compared in the rocket af trial,train
56bdc452a36a056b3d000001,summary,describe the usefulness of the spike database in human signaling pathways,train
56b39f148525abca1e000004,yesno,is the dictyostelium discoideum proteome known,train
56b3a3ce8525abca1e000005,list,list proteins of lipids droplets,train
55152c0a46478f2f2c000004,summary,what is the barr body,train
5144bc8fd24251bc0500000e,yesno,is single cell analysis sca possible in proteomics,train
532f3e08d6d3ac6a34000034,yesno,is shotgun lipidomics the direct infusion of a lipid sample into a mass spectrometer,train
514a0f4ad24251bc05000053,factoid,how many genes are in the gene signature screened by mammaprint,internal_test_LOCKED
52fc94572059c6d71c000070,yesno,is apixaban effective for treatment of acute venous thromboembolism,train
56c4a217b04e159d0e000001,yesno,is the tricarboxylic acid tca cycle affected in inflammation,train
535d59349a4572de6f000009,list,what are the indications for treatment with anti hepcidin,train
51651e24298dcd4e51000054,factoid,how many genera comprise the flaviviridae family,train
56bc8d65ac7ad1001900001a,yesno,are reduced nicotine cigarettes effective for smoking cessation,train
57089865cf1c32585100000c,yesno,is the wnt protein modified by notum,validation
56c1d84cef6e394741000031,list,list functions that are evaluated with the full outline of unresponsiveness score,train
5713bf261174fb1755000011,list,for the constructions of which organs has 3d printing been tested,train
5335b373d6d3ac6a34000050,yesno,is ospemifene effective for treatment of dyspareunia,train
54cf4a0ef693c3b16b00000c,yesno,is pregabalin effective for treatment of patients with restless leg syndrome,train
513eec89bee46bd34c00000d,summary,what is the biological role of expansins in fungi,internal_test_LOCKED
56f15c5a2ac5ed1459000012,yesno,can zinc finger nucleases be used to combat disease,train
56bb54d3ac7ad10019000006,summary,what is known about depression in acoustic neuroma patients,train
52b2e498f828ad283c000010,factoid,mutation of which gene is associated with achondroplasia,internal_test_LOCKED
5309fa5e970c65fa6b000003,summary,what is the mode of action of hsp90 inhibitors,train
5503121de9bde69634000019,yesno,is ret the major gene involved in hirschsprung disease,validation
5147c088d24251bc05000026,factoid,which type of lung cancer is the most strongly associated with lambert eaton syndrome,train
5719f5c67de986d80d00000d,factoid,what distinguishes lantibiotics from antibiotics,train
5503263fe9bde69634000030,list,list three major features of the ccfdn syndrome,train
5167be1a298dcd4e5100005c,yesno,is intense physical activity associated with longevity,validation
56f6a63d09dd18d46b00000c,yesno,are cyclophilins proteins that bind to prolines,train
5549f7a1f35db7552600000d,yesno,can a given genotype exhibit opposite fitness effects beneficial and detrimental within the same environment,train
54f5f8925f206a0c06000003,yesno,has the protein setmar metnase a transposase domain,internal_test_LOCKED
5175b97a8ed59a060a00002f,yesno,is alternative splicing of apoptotic genes playing a role in the response to dna or mitochondrial damage,train
5309f8f5970c65fa6b000001,list,which oncogenes are able to induce cellular senescence,train
56c23652ef6e39474100005a,summary,what is hbvar,train
52f89fba2059c6d71c00004f,summary,can dmso as an additive improve proteomic analysis results,train
517901bc8ed59a060a00003b,factoid,the antibodies mk 3475 and ct 011 have shown promising results in treating malignancies which protein are they targeting,train
5517f9286487737b43000002,list,which are the different proteins isoforms encoded but the asph aspartate beta hydroxylase gene in humans,internal_test_LOCKED
56d1d94667f0cb3d66000005,list,list processes which are under the control of the yap protein,internal_test_LOCKED
54e0e902ae9738404b000001,factoid,what family do mdia proteins belong in,train
532ff558d6d3ac6a34000037,yesno,is nucleosome eviction atp dependent,train
51588c34d24251bc05000095,yesno,is trem2 associated with alzheimer s disease in humans,train
554356d0ed966d112c000005,factoid,which is the most common measure of differences between dinucleotide relative abundance genomic signatures,internal_test_LOCKED
532206819b2d7acc7e00000f,factoid,name a method for enrichment of arginine methylated peptides,train
5335ebb6d6d3ac6a34000054,summary,why do we use n terminal proteomics,train
56d29d4df22319765a000003,list,list omics technologies comprised in system biology,validation
54d8fd334b1fd0d33c000005,factoid,rindopepimut is an analog of which growth factor,train
52ea605098d0239505000028,list,which gene mutations are responsible for isolated non compaction cardiomyopathy,train
52f89fc62059c6d71c000050,factoid,from which tissue was the nci h520 cell line derived,train
5176c6d08ed59a060a000032,yesno,have mutations in the polycomb group been found in human diseases,train
54fc98f16ad7dcbc12000003,summary,describe the mechanism of action of drisapersen,train
513f4025bee46bd34c000011,yesno,is microrna mirna 29 involved in post ischemic cardiac remodeling,train
52f350042059c6d71c000010,factoid,what is the incidence of edwards syndrom in the european population,train
56c9e9d15795f9a73e00001d,yesno,is exonuclease xrn1 a component of the p bodies,train
54f60ae05f206a0c06000008,factoid,what is the substrate of the microbial enzyme inulinase,train
517a8cc68ed59a060a000044,list,what is the treatment of acute myocarditis,internal_test_LOCKED
5318367cb166e2b806000012,list,list causative genes for autosomal recessive forms of monogenic parkinson s disease,train
517138d98ed59a060a000003,summary,how does ranolazine affect calcium handling in the heart,train
554403395beec11c10000001,summary,which is the primary distinction between the reverse warburg effect and the conventional warburg effect,internal_test_LOCKED
53175e4fb166e2b806000008,summary,what is the role of per genes in circadian rhythm control,train
56c8318f5795f9a73e00000f,yesno,can sorafenib activate ampk,train
5324a8ac9b2d7acc7e000018,factoid,what tyrosine kinase involved in a philadelphia chromosome positive chronic myelogenous leukemia is the target of imatinib gleevec,internal_test_LOCKED
571e172bbb137a4b0c000002,factoid,when was empagliflozin fda approved,train
56b330bb39c782df06000001,factoid,which r bioconductor package is used for integrative genomics visualizations,train
56be06cdef6e394741000004,list,list symptoms of congenital toxoplasmosis triad,train
57090c33cf1c325851000013,factoid,how many genes are imprinted in the human genome,train
5318b452b166e2b806000021,yesno,is exome sequencing efficient for the detection of germline mutations,train
515d1ff7298dcd4e51000009,list,which cellular processes are regulated by nanog,train
56ed27202ac5ed145900000c,factoid,in which cells are a type lamins expressed,validation
5341d15dc45e133714000018,summary,what is the definition of autophagy,train
5157539ed24251bc0500008a,factoid,gene silencing can be achieved by rna interference rnai in eukaryotic organisms what is the name of the analogous process in prokaryotic organisms,train
55424745ed966d112c000002,summary,between which types of dna bases are mutational biases introduced due to directional mutation pressure,internal_test_LOCKED
5157fce5d24251bc0500008c,yesno,is it feasible to determine the complete proteome of yeast,train
530cf4e0c8a0b4a00c000004,list,which mutations of alpha myosin heavy chain gene are implicated in hypertrophic cardiomyopathy,train
530cf4e0c8a0b4a00c000005,list,which are the cardiac manifestations of marfan syndrome,train
530cf4e0c8a0b4a00c000002,factoid,how is connected isolated non compaction cardiomyopathy with dilated cardiomyopathy,train
51753a948ed59a060a000029,summary,what is the role of ampk in diabetic cardiomyopathy,internal_test_LOCKED
56b73c7a345adcac48000002,yesno,are circrnas associated with diseases and traits,train
530cf4e0c8a0b4a00c000006,factoid,which is the most common cause of sudden cardiac death in young athletes,train
56bb1b4eac7ad10019000004,yesno,could the menzerath altmann law be proved mathematically trivial in genomes,internal_test_LOCKED
530cf4e0c8a0b4a00c000007,factoid,what is the rate of survival after commotio cordis,train
530a34eb970c65fa6b000004,summary,what is the oldest human sample analysed by paleontology proteomics,train
52e0141498d023950500000e,list,what are the results of loss of the protein lon1 in the plant arabidopsis,validation
572096c90fd6f91b6800000e,factoid,which gene is involved in giant axonal neuropathy,train
532bf822d6d3ac6a34000016,yesno,are there studies representing the involvement of notch mutations in neurodegenerative diseases such as down syndrome pick s and prion s disease and cadasil syndrome,train
553f8bc11d53b76422000002,yesno,are there any functional differences between mfd and its human cocaine syndrome protein b csb homolog,validation
570a7594cf1c325851000026,summary,what is membrane scission,train
5173bdb38ed59a060a000020,factoid,how many tap73 isoforms have been identified in humans,validation
56e19eba51531f7e33000012,yesno,is the yeast μac1 transcription factor induced upon copper deficiency,train
56a8b1a5a17756b72f000004,summary,what is the mechanism of dna replication termination in vertebrates,internal_test_LOCKED
5518e817622b194345000006,list,which are the different members isoforms of the ras oncogenes,validation
53442ca9aeec6fbd0700000b,factoid,which is the subcellular localization of erap2,train
532c147bd6d3ac6a3400001e,yesno,have thyronamines effects on fat tissue,train
530cefaaad0bf1360c000003,list,what are the names of anti cd52 monoclonal antibody that is used for treatment of multiple sclerosis patients,train
56d19ffaab2fed4a47000001,yesno,is there a package in r bioconductor for classification of alternative splicing,train
530cefaaad0bf1360c000002,list,which brain structures have been investigated as potential targets for deep brain stimulation of patients suffering from major depression,internal_test_LOCKED
530cefaaad0bf1360c000001,yesno,is alemtuzumab effective for remission induction in patients diagnosed with t cell prolymphocytic leukemia,train
530cefaaad0bf1360c000006,summary,what is the association between moon cycle and rupture risk of intracranial aneurysms,validation
55032bbfe9bde69634000032,yesno,is there an association between tert promoter mutation and survival of glioblastoma patients,train
530cefaaad0bf1360c000004,yesno,is bapineuzumab effective for treatment of patients with alzheimer s disease,train
52ecf2dd98d023950500002e,list,which deiodinase polymorphisms are implicated in arterial hypertension,train
52efbfccc8da898910000018,factoid,at which kind of individuals is pharmacological treatment of subclinical hypothyroidism effective in reducing cardiovascular events,train
518ccac0310faafe0800000b,yesno,is intense physical activity associated with longevity,validation
55476a3ff35db75526000003,summary,how homoplasy affects phylogenetic reconstruction,train
530cefaaad0bf1360c000009,summary,what is known about the association between the use of selective serotonin reuptake inhibitors during pregnancy and risk for autism in offspring,train
5319abe4b166e2b80600002e,list,which transcription factors are involved in e cadherin repression during emt,train
55031963e9bde6963400002a,yesno,is desmin an intermediate filament protein involved in dilated cardiomyopathy dcm,train
530cefaaad0bf1360c000008,yesno,is lambrolizumab effective for treatment of patients with melanoma,train
54ff30dc6ad7dcbc1200000f,list,list human diseases involving genomic imprinting,train
52fa74252059c6d71c00005b,summary,why are insulators necessary in gene therapy vectors,train
530cefaaad0bf1360c000012,factoid,which deficiency is the cause of restless leg syndrome,train
53398855d6d3ac6a3400005b,factoid,what histone modification is recognized by the bromodomain,train
530cefaaad0bf1360c000011,list,what memory problems are reported in the gulf war syndrome,train
532361fd9b2d7acc7e000013,yesno,is cadasil syndrome a hereditary disease,train
55031628e9bde69634000024,list,which neuroendocrine tumors are associated with specific tumor syndromes,train
56d1da3b67f0cb3d66000006,factoid,how many periods of regulatory innovation led to the evolution of vertebrates,train
56c048e2ef6e39474100001d,yesno,is nintedanib effective for idiopathic pulmonary fibrosis,validation
51713cb58ed59a060a000006,summary,what is the role of serca in diabetic cardiomyopathy,train
530cefaaad0bf1360c000010,yesno,is pesticide exposure associated with polyneuropathy,train
56f3f94109dd18d46b000001,summary,what is the methodological principle of chia pet,validation
530f685c329f5fcf1e000002,yesno,is there an association between borna virus and brain tumor,train
530cefaaad0bf1360c00000c,list,list medication interfering with purine metabolism that are used for treatment of t cell prolymphocytic leukemia,internal_test_LOCKED
56e05a7b51531f7e3300000d,yesno,does pu 1 spi1 affect nf kb binding,train
55423fc0ed966d112c000001,yesno,does the majority of the mitochondrial genomes abide to the second parity rule pr2,train
530cefaaad0bf1360c00000b,summary,what is the association between h index and academic rank in academic neurosurgery,train
530cefaaad0bf1360c00000f,yesno,is there an association between bruxism and reflux,train
54f09a5894afd6150400001c,summary,what is known about the value of mindfulness interventions in prostate cancer patients,train
530cefaaad0bf1360c00000e,summary,what is known about prostate cancer screening in the uk,internal_test_LOCKED
530cefaaad0bf1360c00000d,factoid,which hormone abnormalities are common in williams syndrome,validation
5159502dd24251bc0500009b,summary,the secreted frizzled related protein 3 sfpr3 is altered in human cancers are its level found to increase or to decrease,train
515a9d86d24251bc050000a7,summary,albumin depletion is a common first step for proteomic analysis of csf fluid what is the advantage and disadvantage of this procedure,train
533c3571c45e133714000005,summary,how are lincrna affecting the regulation of gene expression,train
56f6d11c09dd18d46b00000f,factoid,which is the protein encoded by the human gene grik,train
550c4011a103b78016000009,factoid,which residue of alpha synuclein was found to be phosphorylated in lewy bodies,train
514a59c2d24251bc0500005d,yesno,is paroxetine effective for treatment of premenstrual dysphoric disorder,train
54f1e887c409818c32000004,summary,what is known about thalidomide therapy and survival of glioblastoma patients,train
53124e84e3eabad02100000c,yesno,is endostatin a proangiogenic factor,validation
54d670163706e8952800000f,list,list genes associated with adolescent idiopathic scoliosis,train
554763f0f35db75526000002,yesno,can botulism poisoning of a pregnant woman harm her fetus,train
5324cf139b2d7acc7e00001f,list,list the off label use of ssris,validation
52e204a998d0239505000012,summary,which is the definition of pyknons in dna,train
5709152ecf1c325851000014,yesno,does a linker histone exist in the yeast genome,train
5162af0f298dcd4e51000045,summary,what is the role of deadenylases in the cell,internal_test_LOCKED
56bc9268ac7ad1001900001b,factoid,what molecule is targeted by brodalumab,train
54ff5197e9bde69634000001,factoid,how long in kb kilobases is a long interspersed nuclear element,validation
5343fc1aaeec6fbd07000003,factoid,which is the gene mutated in type 1 neurofibromatosis,train
54cf705ff693c3b16b000014,list,list receptors of the drug cilengitide,internal_test_LOCKED
51763a278ed59a060a000030,yesno,can protein coding exons originate from alu sequences,internal_test_LOCKED
5357a514f1005d6b58000003,summary,how could u1 small nuclear rna be used in therapeutics,internal_test_LOCKED
5150b5c4d24251bc05000070,summary,what is the influence of patent expiry on ace inhibitor prescribing,internal_test_LOCKED
56c1d85cef6e394741000034,yesno,is there evidence that tomato juice lowers cholesterol levels,train
56c44ce83aaba2a675000001,yesno,are there transposon free regions in mammalian genomes,train
56d2ee61f22319765a000007,yesno,are messenger rna molecules epigenetically methylated,train
5171a1498ed59a060a000012,list,which genes are more frequently affected by somatic mutations in chronic lymphocytic leukemia,train
5321bc029b2d7acc7e00000c,summary,how effective is the dentritic cells treatment on cancer,internal_test_LOCKED
516be1d6298dcd4e5100006a,factoid,what is the mode of inheritance of nemaline myopathy,train
56d860ad51531f7e33000002,factoid,which syndrome is nhe6 associated with,train
5150b45ad24251bc0500006f,summary,what is known about the reimbursement of viagra,internal_test_LOCKED
530b01a6970c65fa6b000008,summary,why is lock mass used in orbitrap measurements,train
52bf1cad03868f1b0600000a,factoid,which virus is cidofovir vistide indicated for,internal_test_LOCKED
56f12ca92ac5ed145900000e,yesno,have gnotobiotic animal models been used for the study of bowel disease,train
54d77bdf3706e89528000019,list,list chromosomes that have been linked to arnold chiari syndrome in the literature,internal_test_LOCKED
552faababc4f83e828000005,factoid,which translocation is the hallmark of ewing sarcoma,train
5316d4fcb166e2b806000005,yesno,is invasion and metastasis one of the hallmarks of cancer,train
51680a49298dcd4e51000062,yesno,is it possible to detect survivin protein expression in normal human adult tissues,train
56be0a18ef6e394741000006,list,list symptoms of meigs syndrome,train
55390901bc4f83e828000014,factoid,what is the effect of crd bp on the stability of c myc mrna,internal_test_LOCKED
56c341acfedd0b786b000001,factoid,what is the molecular function of psoralen photobinding on dna,train
54cf48acf693c3b16b00000b,yesno,is progesterone effective for treatment of patients with traumatic brain injury based on clinical trial data,train
5545e926d355485447000002,yesno,is there a role for the cylindromatosis tumor suppressor cyld in lung cancer,train
5311b99ae3eabad021000004,list,which medical diagnostic tests are used to test kidney function,train
53189656b166e2b80600001c,factoid,against which protein is the antibody used for immonostaining of lewy bodies raised,train
5131fa145274a5fb07000009,list,which are the main causes of fetal echogenic bowel,train
5171393e8ed59a060a000005,summary,how does trimetazidine affect intracellular kinase signaling in the heart,train
54d6562c3706e8952800000b,factoid,which is the enzymatic activity of the myotubularin family of proteins,train
55435aeced966d112c000007,yesno,can we detect dna strand asymmetries using dinucleotide relative abundance genomic signatures,validation
515ddda6298dcd4e5100001f,factoid,what is the percentage of responders to tetrabenazine treatment for dystonia in children,validation
5344194daeec6fbd07000006,yesno,is there any relationship between histone ubiquitylation and splicing,train
56bc7d71ac7ad10019000018,factoid,which disease can be treated with delamanid,train
5314c045dae131f847000007,summary,what was the aim of the coss carotid occlusion surgery study clinical trial,train
51630226298dcd4e5100004d,list,what are the advantages of the top down mass spectrometric analysis of histones,train
56d3346cf22319765a000008,factoid,what is situs inversus,train
56cc947b5795f9a73e000033,yesno,can sumo affect calcium homeostasis,train
52b2e1d8f828ad283c00000c,factoid,what is the indication of daonil glibenclamide,train
55411d9f379ddf3f47000001,factoid,which is the most typical peptide sequence responsible for retrieval of endoplasmic reticulum er lumenal proteins from the golgi apparatus,train
515dd9a0298dcd4e5100001e,summary,what are the clinical trial outcomes of metformin use in polycystic ovary disease,train
5505eed08e1671127b000006,list,list the main proteases used for sample digestion in proteomics,validation
55451e53bf90a13052000003,list,which proteins act as factors that promote transcription coupled repair in bacteria,internal_test_LOCKED
54f4914bd0d681a040000001,summary,what is the association between generalized anxiety disorder and mortality risk,internal_test_LOCKED
54d907c84b1fd0d33c000008,factoid,which molecule is targeted by a monoclonal antibody mepolizumab,train
550342a8f8aee20f27000002,factoid,which is the major symptom of the doose syndrome,train
52b2ecd34003448f55000003,yesno,have mutations in the gars gene been identified to cause charcot marie tooth disease type 2d cmt2d,train
550313aae9bde6963400001f,summary,which treatment leads to an increase in neutrophil counts in severe congenital neutropenia,validation
52eea509c8da89891000000d,list,which genes are affected in romano ward syndrome,train
515df6f2298dcd4e5100002d,yesno,does melanoma occur in people of african origin,validation
551177626a8cde6b72000005,summary,what is the effect of resveratrol on mtor activity,internal_test_LOCKED
551ae6c564b14b4618000001,yesno,are people with blood group o protected against severe malaria,train
56bdc79bef6e394741000001,factoid,which eye condition is managed by the athens protocol,train
516c0dc6298dcd4e5100006c,summary,what is the role of ampk kinase in myocardial remodeling after myocardial infarction,train
52fc94ae2059c6d71c000073,summary,what is the mechanism of action of solanezumab,train
54e1252fae9738404b000003,list,what are the major clinical villefranche criteria for classic ehlers danlos syndrome,validation
515da6e2298dcd4e51000010,list,what is the treatment of neuropathic pain in children,train
54fc3cf410565e080c000001,summary,which phenomenon is known as the calcium paradox in the isolated perfused heart,internal_test_LOCKED
532aad53d6d3ac6a34000010,yesno,is there a crystal structure of the full length of the flaviviridae ns5 methyltransferase rna depended rna polymerase,validation
56cafb1b5795f9a73e00002f,summary,how do hsp70 and hsp110 affect mrna stability,train
533175add6d3ac6a3400003c,summary,what is prudent diet,internal_test_LOCKED
53175f0bb166e2b80600000c,summary,what is the role of necroptosis in cancer therapy,train
56cf32e23975bb303a000006,yesno,can venlafaxine block net and sert,validation
5118dd1305c10fae75000001,factoid,is rheumatoid arthritis more common in men or women,train
56c234a4ef6e394741000059,summary,what is findbase,validation
572211540fd6f91b68000016,yesno,can vitamin b1 deficiency cause encephalopathy,train
534ebb59288f4dae47000004,factoid,which methyl cpg binding protein when mutant becomes the hallmark for rett syndrome,internal_test_LOCKED
54f7291630767eb92e000002,yesno,are epigenetic modifications implicated in cardiovascular development and disease,train
517a8bef8ed59a060a000041,list,which deiodinases are present in skeletal muscle,train
5148885ad24251bc05000032,list,which genes are involved in patient response to warfarin,train
54d7ae1fe19bba8909000001,factoid,which is the molecular weight of the protein angiogenin,internal_test_LOCKED
571e189dbb137a4b0c000003,list,list sodium glucose co transporter 2 sglt2 inhibitors that have been fda approved for type 2 diabetes mellitus treatment,train
532f55fed6d3ac6a34000036,factoid,what is the gene mutated in the gaucher disease,internal_test_LOCKED
533eba45c45e133714000014,summary,why does the prodrug amifostine ethyol create hypoxia,train
54eded8c94afd6150400000c,summary,what is considered a reliable technique for the definitive cytogenetic diagnosis of fanconi anemia homozygosity,validation
550895c12e93f0133a000002,yesno,can exosomes be detected in urine,train
55435a46ed966d112c000006,summary,what is the role of lysine specific demethylase 1 lsd1 in hematopoiesis,train
52bf1f4503868f1b06000016,list,for the treatment of which conditions can atypical neuroleptic drugs be used,validation
52eeddfcc8da898910000010,list,which are the characteristics of andersen syndrome,train
54fc48bb6ea36a810c000002,summary,how are induced pluripotent stem cells used in the study and treatment of cardiovascular diseases,train
5519110f622b19434500000c,factoid,which disease is included as an additional feature in the goldberg shprintzen syndrome,train
54ff45966ad7dcbc12000010,factoid,which protein is causing netherton syndrome,train
56f56a8609dd18d46b00000b,list,mutations in which gene and which protein are associated with netherton syndrome,validation
550c3754a103b78016000007,factoid,which disease of the central nervous system is characterized by the presence of lewy bodies,train
517a8b768ed59a060a00003f,factoid,which deiodinase is known to be present in liver,train
54fb6fb5d176fff445000004,list,which proteins participate in the formation of the notch transcriptional activation complex,train
532ad4b4d6d3ac6a34000012,summary,how is the sequence variability defined in antibodies,internal_test_LOCKED
52fa6ac72059c6d71c000055,factoid,is the transcriptional regulator bach1 an activator or a repressor,validation
56f7c44109dd18d46b000013,yesno,is kanzaki disease associated with deficiency in alpha n acetylgalactosaminidase,train
5710a650cf1c32585100002b,yesno,is mycobacterium avium less susceptible to antibiotics than mycobacterium tuberculosis,internal_test_LOCKED
56c1f003ef6e394741000039,factoid,what molecule is targeted by suvorexant,train
571e14fbbb137a4b0c000001,factoid,for which type of diabetes can empagliflozin be used,train
532c0c21d6d3ac6a3400001b,list,which are the main methods for pharmacophore modelling,internal_test_LOCKED
5544bcde5beec11c10000003,yesno,are there conserved noncoding elements identified between genomes of human and teleosts,train
57136a7e1174fb1755000006,factoid,how early during pregnancy does non invasive cffdna testing allow sex determination of the fetus,train
514b335dd24251bc05000061,yesno,does cortical spreading depression appear in ischemic penumbra following ischemic stroke,internal_test_LOCKED
5501b3b3e9bde69634000007,yesno,is phospholamban a regulatory inhibitory protein of the ca atpase serca,train
56a3a6c9496b62f23f000008,summary,what is tfbsshape,validation
5718a69e7de986d80d00000a,yesno,is alpers disease inherited in an autosomal recessive mode,internal_test_LOCKED
56c02bc3ef6e394741000018,yesno,is vemurafenib effective for hairy cell leukemia,validation
5166f41a298dcd4e5100005b,list,which are the inhibitors of histone methyltransferases,train
56b469448525abca1e000007,summary,what is the main characteristic of amyotrophic lateral sclerosis,train
517539af8ed59a060a000026,list,which genes are regulated by mef 2 in the heart,validation
56c095b7ef6e394741000025,yesno,is there an association between tert promoter mutation and survival of glioma patients,internal_test_LOCKED
53357193d6d3ac6a34000047,factoid,which jak janus kinase inhibitor is approved for treatment of rheumatoid arthritis,train
57167625cb4ef8864c000006,summary,which is the mechanism used for synthesis of a highly functional n truncated dystrophin isoform that attenuates dystrophinopathy,train
52d2818403868f1b06000033,list,which are the newly identified dna nucleases that can be used to treat thalassemia,validation
56cf27293975bb303a000003,yesno,does ziconotide bind to n type calcium channels,train
571e2beabb137a4b0c000006,factoid,how is oct3 associated with serotonin,train
54ede5a494afd61504000005,summary,what constitutes an increased risk for individuals with fanconi anemia,internal_test_LOCKED
52f77f892059c6d71c00002c,yesno,is stop codon bypass possible,internal_test_LOCKED
56e5b445edfc094c1f000001,yesno,is the protein β1 integrin recycled,train
55032179e9bde6963400002e,yesno,are bbs mutations involved in syndromic hirschsprung disease,internal_test_LOCKED
5708a845cf1c32585100000f,factoid,which signaling pathway is activating the dishevelled proteins,internal_test_LOCKED
51405cd123fec90375000005,factoid,which is the defective protein causing the lysosomal storage disease fabry,train
5311ceeae3eabad021000008,yesno,is there any software for automated analysis of immuno histochemistry images,internal_test_LOCKED
56f555b609dd18d46b000007,yesno,is talen being used on stem cells,train
52f8a7eb2059c6d71c000052,yesno,is there an association between bruxism and reflux,train
52f385052059c6d71c000011,summary,what is the role of igf 1 in cardiac regeneration after myocardial infarction,train
52f88a062059c6d71c000032,summary,what is known about prostate cancer screening in the uk,internal_test_LOCKED
53443b13aeec6fbd0700000e,yesno,can a peptide aptamer be used as protein inhibitor,train
571cd9537de986d80d00000e,list,list inflammatory caspase proteins,train
553c994af32186855800000b,list,list invertebrates where ultraconserved elements have been identified,train
5503133ae9bde6963400001d,factoid,which gene is most commonly associated with severe congenital and cyclic neutropenia,train
530b7ae4970c65fa6b00000b,summary,what is the role of tgfbeta in cardiac regeneration after myocardial injury,train
54e061ee1388e8454a00000c,list,list two chemotherapeutic agents that are used for treatment of subependymal giant cell astrocytoma,train
56e83a2342442bac75000001,yesno,are integrins part of the extracellular matrix,validation
54c26e29f693c3b16b000003,yesno,is calcium homeostasis important in cardiac physiology and pathophysiology,train
553d061cf321868558000013,list,list available databases containing information about conserved noncoding elements,validation
569e731cca240fa209000003,factoid,what was the purpose of the fantom5 project,validation
55152c2946478f2f2c000005,yesno,is the gene dux4 epigenetically regulated in somatic cells,train
513832a75274a5fb07000012,summary,what is the function of the mammalian gene irg1,train
56f553aa09dd18d46b000005,yesno,have hesc been tested for the treatment of age related macular degeneration,train
52b2e409f828ad283c00000e,factoid,what disease in loxapine prominently used for,train
5325b0419b2d7acc7e000026,summary,what is the systemic nickel allergy syndrome,train
56c1f040ef6e394741000055,factoid,which antibodies cause riedel thyroiditis,train
5179602c8ed59a060a00003d,list,what are the effects of ilk ablation,train
554614bcd355485447000004,yesno,does d tubocurarine d tc induces irreversible inhibition of nicotinic acetylcholine receptor nachr at the neuromuscular junction,train
56c1f043ef6e394741000057,list,which receptors are bound by tasimelteon,train
54f4b319d0d681a040000005,yesno,is zyxin a focal adhesion protein,validation
56c2fbd91e69116444000001,summary,what is the role of elmo1 gene in cell migration,train
5507fc114b2a315d41000003,summary,what is the biological role of k 48 linked protein ubiquitination,train
5162e9df298dcd4e5100004b,yesno,could dna cytosine 5 methyltransferases serve as tumour markers,validation
56f24fec2ac5ed1459000015,list,which rna polymerase is used for the replication of viroids,train
5318380bb166e2b806000013,list,list parkin binding partners,validation
54e1bdacae9738404b000009,factoid,what is generic name of drug adempas,internal_test_LOCKED
515d71ee298dcd4e5100000b,summary,what is known about vancomycin dosing in neonates,internal_test_LOCKED
56f146db2ac5ed145900000f,factoid,is single guide rna part of the crispr cas9 tool or an inhibitor of its function,internal_test_LOCKED
5321bc309b2d7acc7e00000d,factoid,what is the target protein of the drug idelalisib,train
51588bb2d24251bc05000091,factoid,which antiepileptic drug is most strongly associated with spina bifida,train
571cdd227de986d80d00000f,factoid,which bacteria caused plague,internal_test_LOCKED
54f9b74306d9727f76000004,factoid,the drug jtv519 is derivative of which group of chemical compounds,train
53440d2caeec6fbd07000004,factoid,is the long non coding rna malat 1 up or downregulated in cancer,train
530c7f52970c65fa6b000010,factoid,oxantel is used for periodontitis treatment how does it work,train
56e6dfc2edfc094c1f000003,factoid,what is apelin,train
531d744c267d7dd053000009,factoid,what is the function of the protein encoded by the gene pabpc4,train
55241f9e2c8b63434a000004,factoid,what kind of enzyme is encoded by the proto oncogene abl1,train
52ee9f55c8da898910000009,factoid,what is the mode of inheritance of romano ward long qt syndrome,internal_test_LOCKED
5173b5ea8ed59a060a00001f,summary,which histone modifications have been associated to alternative splicing,train
54da0c524b1fd0d33c00000b,yesno,is phospholamban phosphorylated by protein kinase a,train
54ff106b6ad7dcbc1200000c,yesno,are there telemedicine applications for chronic pain management,train
54d8e59f4b1fd0d33c000001,summary,what is a p body processing body,train
57169a49cb4ef8864c00000a,summary,what is the mechanism of action of decitabine,train
52e92c6e98d0239505000024,factoid,which gene is associated with the mitchell riley syndrome,validation
513efe01bee46bd34c00000e,yesno,is paramyxovirus involved in human subacute thyroiditis,train
5324cca79b2d7acc7e00001d,list,what are the mobile applications fields of use for patients,train
56ae67a40a360a5e4500000c,yesno,is there any link between the aurora b kinase and the polycomb protein ring1b,train
54f431d664850a5854000006,list,which are the genes responsible for dyskeratosis congenita,validation
55376b37bc4f83e82800000b,yesno,is cd99 encoded by mic2 gene,validation
5354f289288f4dae47000008,list,name five programs for transcript quantification from rnaseq experiments,train
54d8efb84b1fd0d33c000003,summary,what are the main characteristics symptoms of the brugada syndrome,train
550c3d45a103b78016000008,factoid,what is the main component of the lewy bodies,validation
515ac941d24251bc050000ab,summary,how does thyroid hormone regulate mitochondrial biogenesis in the myocardium,internal_test_LOCKED
56ae2fab0a360a5e45000006,factoid,what is the link between hot regions and rna polymerase recruitment,internal_test_LOCKED
570a5343cf1c325851000022,list,list variants of the mc1r gene,train
56cdf5315795f9a73e000046,factoid,which is the enzyme that degrades decapped mrnas,validation
5713b29f1174fb175500000f,list,which phenotypes are associated with heterozygous mutations of the bscl2 gene,train
56f780cb09dd18d46b000011,factoid,which is the target protein of the drug nivolumab,train
5141bcd423fec9037500000d,list,the cxcr2 receptor is targeted in cancer name five antagonists,train
54edf27e94afd61504000010,summary,what is the genomic structure of the faa fanca gene,train
52b2f1014003448f5500000a,summary,what is snord116,validation
5717dbfe7de986d80d000001,factoid,what is the functional role of the protein drp1,train
54ede34694afd61504000004,summary,which is the genetic cause for the development of fanconi anemia complementation group d1,train
52bf1af803868f1b06000008,list,which diseases are caused by mutations in calsequestrin 2 casq2 gene,internal_test_LOCKED
517575558ed59a060a00002d,summary,what are the most frequent non canonical sequence motifs at the donor and acceptor splice sites in vertebrates,validation
56cf20eb3975bb303a000001,factoid,what does isradipine do to l type channels,internal_test_LOCKED
5314ad66dae131f847000004,summary,why does cranberry juice help combat urinary tract infections,train
550303a5e9bde6963400000c,list,in which diseases have electronic patient diaries been applied,train
56ed0ffe2ac5ed1459000008,factoid,which type of myeloma is ixazomib being evaluated for,internal_test_LOCKED
51bdf045047fa84d1d000003,list,which are the atg8 homologs in human,train
56b76d916e3f8eaf4c000001,factoid,to which family does the zika virus belong,validation
550e6688a103b7801600000d,yesno,has the fungus ashbya gossypii got many nuclei that share cytoplasm,internal_test_LOCKED
56d1ddd267f0cb3d66000008,summary,what is the functionality of the triplex r bioconductor package,validation
5177def18ed59a060a000034,factoid,which is the molecular mechanism underlying k ras alterations in carcinomas,train
513f4249bee46bd34c000012,yesno,is microrna mirna 30 involved in post ischemic cardiac remodeling,train
515db020298dcd4e51000011,list,list all clinical trials of the polypill,internal_test_LOCKED
553d0c1df321868558000014,summary,what is transvection,internal_test_LOCKED
515de643298dcd4e51000022,summary,what is the role of probiotics in gastrointestinal disease,train
56f4011709dd18d46b000003,factoid,what is the main symptom of marfan syndrome patients,train
552033206b348bb82c00001b,summary,what species is associated with tetrodotoxin,train
51635202298dcd4e5100004f,factoid,how is myotonic dystrophy inherited,internal_test_LOCKED
56ae5a8a0a360a5e4500000b,summary,how do hbs1l myb intergenic variants regulate fetal hemoglobin,train
533c2a55c45e133714000003,list,which are the mammalian orthologs of drosophila yki,train
530e131b5937551c09000002,yesno,is statin use associated with improved outcomes after aneurysmal subarachnoid hemorrhage,validation
553f72edab98a37113000007,factoid,what is the typical outer diameter of microtubules tubulin heterodimers,train
52cae04c03868f1b06000024,yesno,does molindone affect body weight,train
5318813ab166e2b806000016,summary,what is the genetic basis of propionic acidemia,internal_test_LOCKED
5506ce078e1671127b00000b,factoid,which protein phosphatase has been found to interact with the heat shock protein hsp20,train
55031406e9bde69634000021,summary,what is the risk in g csf treatment for severe congenital neutropenia,train
54fc99f36ad7dcbc12000004,factoid,neurostimulation of which nucleus is used for treatment of dystonia,train
5548da00f35db7552600000b,list,which myosin isozymes are located within the pericuticular necklace of the hair cell,train
571394701174fb175500000c,summary,which is the treatment strategy followed in spinocerebellar ataxia type 3 for cag removal,train
551d8b3a6b348bb82c000011,summary,where is the angiogenin binding element located,validation
530db83b38c1322806000002,list,which proteins cause cytoplasmic sequestration of nf kb,train
532f0bd6d6d3ac6a3400002d,factoid,what is the mode of inheritance of marchesani syndrome,train
56c1f007ef6e39474100003b,list,tumor treating fields are effective for treatment of which cancers,train
551173c26a8cde6b72000004,summary,which event results in the acetylation of s6k1,train
56e46ad951531f7e3300001a,list,list angiocrine factors,train
56f82a39cf1c325851000001,summary,what is protein carbamylation,train
571e4293bb137a4b0c00000b,factoid,what is the cause of episodic ataxia type 6,train
530cf22aa177c6630c000004,factoid,what is the main role of ctf4 in dna replication,validation
516523fd298dcd4e51000055,yesno,could arimidex anastrozole cause hot flashes,train
530cf22aa177c6630c000001,summary,what is the role of inn1 in cytokinesis,internal_test_LOCKED
53130a77e3eabad02100000f,factoid,which hormone deficiency is implicated in the costello syndrome,train
530cf22aa177c6630c000005,list,list the components of a replisome progression complex rpc,train
56acda7c0a360a5e45000005,summary,what is the definition of minimal absent words,validation
55167dec46478f2f2c00000a,summary,what is the common feature in congenital central hypoventilation and mowat wilson syndromes,train
56c5feb75795f9a73e000006,factoid,which is the most common cftr mutation in caucasians,internal_test_LOCKED
56bf487def6e394741000011,list,which cdk targets control cytokinesis,train
54dcd8f61388e8454a000001,yesno,are alu elements transcribed,train
5543a1b2ee40ea110c000001,list,in what type s of plant organelles we can detect prolamellar bodies,train
56cf2be73975bb303a000005,list,what do mepolizumab and reslizumab have in common,internal_test_LOCKED
54d669003706e8952800000e,factoid,when are itaconic acid levels elevated,train
5171833c8ed59a060a00000f,yesno,are chromomethylases present in animal genomes,train
5713bc991174fb1755000010,list,which genes are associated with autosomal dominant charcot marie tooth,train
54fb4b34d176fff445000001,list,which transcription factors tfs participate in the formation of the interferon beta ifn b enhanceosome,train
5321bb019b2d7acc7e00000b,yesno,is low t3 syndrome related with high bnp in cardiac patients,train
56a39a32496b62f23f000005,list,list packages for transcription factor binding sites tfbs analysis available in r bioconductor,internal_test_LOCKED
56c1f010ef6e394741000041,factoid,simpson grading is used to describe resection of which brain tumor,train
51596a8ad24251bc0500009e,factoid,where in the cell do we find the protein cep135,train
5339ed7bd6d3ac6a34000060,yesno,is delayed enhancement documented in patients with non ischemic dilated cardiomyopathy,internal_test_LOCKED
56c1f00def6e39474100003f,factoid,which enzyme is inhibited by varespladib,train
571e12097de986d80d000017,factoid,which protein does empagliflozin inhibit,train
52bf1d3c03868f1b0600000d,summary,what symptoms characterize the muenke syndrome,train
515de993298dcd4e51000024,list,list all reported treatment options for anxiety in autism spectrum disorder,internal_test_LOCKED
54fc9b236ad7dcbc12000005,list,list adenosine a2a receptor antagonists that are used for parkinson s disease treatment,validation
533ba218fd9a95ea0d000007,factoid,what is the clinical indication of cardiac t1 mapping magnetic resonance,validation
5540fbce234c5a7c75000001,factoid,which autophagy pathway is trigered by the kferq motif of cytosolic proteins,train
52f77f042059c6d71c000029,list,which are the clinical characteristics of tsc,train
532f06e6d6d3ac6a34000028,summary,how does dabigatran therapy affect aptt in patients with atrial fibrillation,train
54fe09036ad7dcbc12000009,list,list fish anti freeze proteins,validation
5343bdd6aeec6fbd07000001,factoid,which is the phosphorylated residue in the promoter paused form of rna polymerase ii,train
52b2e97df828ad283c000012,yesno,has overexpression of sirtuins been reported to increase lifespan in budding yeast saccharomyces cerevisiae,validation
517295c18ed59a060a000016,list,name the major classes of small non coding rnas in mammalians,train
5311bcc2e3eabad021000005,factoid,describe a diet that reduces the chance of kidney stones,train
5148a2f6d24251bc05000035,summary,what pharmacological and non pharmacological interventions can be considered as prophylactic therapies in cluster headache patients,train
54fd5dd86ad7dcbc12000008,summary,how does phospholamban affect the biological activity of the calcium atpase serca,internal_test_LOCKED
5505c9008e1671127b000002,list,list the components of mtor complex 2 mtorc2,train
54f08fa494afd61504000017,summary,what is known about the digit ratio 2d 4d cancer,validation
531a31a1b166e2b806000035,yesno,is trem2 associated with alzheimer s disease,train
5505ad7ff73303d458000007,yesno,does the protein mtor regulate autophagy,train
5326c6fed6d3ac6a3400000c,list,which are the mains risk factors of metabolic syndrome,train
5319a6c9b166e2b806000022,list,which multiple kinase inhibitors are used in cancer therapy,train
532f05bdd6d3ac6a34000026,yesno,has proteomics been used in the study of pick s disease,train
52cb9b9b03868f1b0600002d,yesno,are there any urine biomarkers for bladder cancer diagnosis,train
56a37e33496b62f23f000003,list,list types of avoided words in bacterial genomes,internal_test_LOCKED
5518414a15fa47643f000001,list,which gene s should be genotyped in order to prescribe the drug cetuximab anti egfr,train
533d0f44c45e13371400000e,yesno,is signal transducer and activator of transcription 3 stat3 critical for tumor angiogenesis progression,train
56ae57350a360a5e4500000a,factoid,which is the physiological target for leurs translational quality control,internal_test_LOCKED
56cca4da5795f9a73e000034,yesno,is sumoylation implicated in myogenesis,train
515dc066298dcd4e5100001a,summary,what do studies show about the effect of induced hypothermia in premature babies,train
54da21bf4b1fd0d33c00000d,summary,describe what is the advantage of using a stain free protein gel in a western blot experiment,train
56e6ec49edfc094c1f000005,factoid,which is the target of the drug denosumab,train
53357ca0d6d3ac6a3400004b,factoid,which enzyme is inhibited by a drug fostamatinib,internal_test_LOCKED
571f59cd0fd6f91b68000008,yesno,is the miller fisher syndrome considered to be a variant of guillain barré,train
553a5a34bc4f83e82800001a,yesno,is ctf4 involved in sister chromatid cohesion establishment,train
55423875ec76f5e50c000002,summary,what states the second parity rule pr2,validation
52ce531f03868f1b06000031,yesno,are retroviruses used for gene therapy,train
516e5f33298dcd4e5100007e,yesno,do lincrnas play a role in human cancer,train
55048939f8aee20f27000009,summary,explain the concept proteostasis,train
51542dabd24251bc0500007d,factoid,which gene test can be used for the x linked myotubular myopathy,train
53354eafd6d3ac6a34000044,yesno,is there a phylogenetic analysis for hiv,train
55031d82e9bde6963400002c,summary,what is the association between adiponectin and migraine,train
55253d7087ecba3764000008,summary,which phenomenon is described as oncogene addiction,train
515d9e5c298dcd4e5100000e,yesno,are there randomised controlled trials on sevoflurane,train
571ce13f7de986d80d000011,factoid,in which cells are gasdermins expressed,train
550718e9fd1abe1741000001,factoid,where in a protein can a signal sequence be found,train
52b2ec944003448f55000002,yesno,can foxos modulate longevity,train
56c1f039ef6e394741000052,factoid,which antibody is implicated in the bickerstaff s brainstem encephalitis,train
533c3533c45e133714000004,list,which micro rnas have been associated in the pathogenesis of rheumatoid arthritis,validation
56c1f042ef6e394741000056,yesno,is there an association between fgfr3 mutation and plagiocephaly,train
533bf29cc45e133714000001,yesno,are cd44 variants cd44v associated with poor prognosis of metastasis,train
515df98f298dcd4e51000030,yesno,is bladder training an effective method to treat urge incontinence,train
56b77a866e3f8eaf4c000004,summary,what is the scope of the omia database,train
515de127298dcd4e51000020,summary,what is the effect of methotrexate in treating uveitis due to juvenile idiopathic arthritis,validation
52f112bb2059c6d71c000002,list,which are the enzymes involved in the addition of 7 methylguanosine in mrna,validation
56c8efef5795f9a73e000019,summary,what is hocomoco,validation
55203ae78e534a4535000001,factoid,in which condition was protein s100a7 originally identified,train
513f3ab6bee46bd34c00000f,yesno,do proton pump inhibitors affect thyroxine absorption,train
5357b5ecf1005d6b58000007,yesno,is per3 required for chk2 activation in human cells,validation
532670e7d6d3ac6a34000008,factoid,what is the typical alteration of the thyroid profile metabolism early after coronary artery bypass graft surgery,train
5358e067f1005d6b5800000b,list,which proteins are involved in actin bundling and filopodia formation and function,validation
56b76f496e3f8eaf4c000002,factoid,what does the saga complex acronym stands for,train
5319a7f2b166e2b80600002a,summary,what is the result of the interaction between tsc1 and plk1,train
53482bfcaeec6fbd07000010,summary,what are the characteristics of the universal proteomics standard 2 ups2,train
56cae60f5795f9a73e00002b,factoid,which polyq tract protein is linked to spinocerebellar ataxia type 2,train
56e0447a51531f7e3300000b,factoid,which are the smallest known subviral pathogens of plants,train
56bb621fac7ad10019000009,factoid,what causes katayama fever,validation
52f893f92059c6d71c00003c,list,list clinical trials for prevention of sarcopenia,train
554140ad182542114d000003,factoid,which is the database of molecular recognition features in membrane proteins,train
554148c23f2354b713000001,factoid,which database is available for the identification of chorion proteins in lepidopteran proteomes,train
5324cf869b2d7acc7e000020,yesno,are there any clinical trials of the effect of evening primrose oil on postmenopausal symptoms,train
572099930fd6f91b6800000f,yesno,is acid alpha glucosidase the enzyme that causes pompe disease when mutant,train
56cb9b065795f9a73e000032,factoid,which kinase is inhibited by tripolin a,train
56e073ad51531f7e3300000e,yesno,is the optogenetics tool chr2 light sensitive,train
5327139ad6d3ac6a3400000d,yesno,is the prostate specific antigen psa test relevant only for prostate cancer,train
56bdfa73ef6e394741000003,list,list symptoms of hakim triad,internal_test_LOCKED
53188480b166e2b806000018,factoid,which is the cellular target of gefitinib,internal_test_LOCKED
56f96333cf1c325851000004,list,what kind of bonds are connecting keratin molecules,train
5727b6410fd6f91b6800001b,yesno,is autism one of the characteristics of moebius syndrome,internal_test_LOCKED
55016397e9bde69634000006,yesno,is sarcolipin a regulatory inhibitory protein of the calcium atpase serca,train
54ede76294afd61504000008,factoid,what is the risk of developing acute myelogenous leukemia in fanconi anemia,train
52c7311903868f1b0600001d,factoid,how many different mutations have been associated with muenke syndrome,train
571366ba1174fb1755000005,factoid,how can the fetal rhesus be determined with non invasive testing,validation
54c90dabf693c3b16b000004,list,which genes have been proposed as potential candidates for gene therapy of heart failure,train
54f1e031c409818c32000001,factoid,dx 88 is investigational name of which drug,train
5507ea9a0195c16935000008,summary,what type of arrhythmia is known as bidirectional ventricular tachycardia bdvt,train
52f8995b2059c6d71c00004a,list,which genes have been found to be associated with restless leg syndrome,train
56bf7d90ef6e394741000015,yesno,is the circadian clock involved in ribosome biogenesis,validation
52b2f0864003448f55000007,yesno,can mutations in calmodulin cause ventricular fibrillation,internal_test_LOCKED
56c4d14ab04e159d0e000003,factoid,do the sleeping beauty or the piggybac transposons have higher transposition efficiency,train
56cdf4fe5795f9a73e000044,summary,where does torc1 sequester during heat stress,train
532f09d2d6d3ac6a3400002b,yesno,is rivaroxaban metabolized in kidneys,internal_test_LOCKED
52bf1dea03868f1b06000012,list,what are the side effects of nalmefene,train
55001420e9bde69634000005,yesno,is hirschsprung disease one of the characteristics of the mowat wilson syndrome,train
530cf4d5e2bfff940c000004,list,which are the most common methods for gene prioritization analysis,train
513ce494bee46bd34c000009,factoid,which is the most common disease attributed to malfunction or absence of primary cilia,validation
553cf397f321868558000010,summary,what is the usefulness of ultraconserved elements in phylogeny,train
56c86aa95795f9a73e000018,factoid,treprostinil is an analogue for which prostaglandin,train
5537766dbc4f83e82800000d,summary,which are the characteristics of the meier gorlin syndrome,train
571f5e740fd6f91b6800000b,factoid,which enzyme is deficient in gaucher s disease,train
531881acb166e2b806000017,summary,what is the role of hsp90 inhibition in cancer therapy,train
55376f19bc4f83e82800000c,factoid,which is the most common type of pediatric cerebellar tumor,train
5319a7d2b166e2b806000029,factoid,which is the e3 ubiquitin ligase of hsp90,internal_test_LOCKED
55439140ed966d112c00000a,list,which are the major phycobiliproteins present in cyanobacteria,train
550c44d1a103b7801600000a,yesno,is plk2 involved in alpha synuclein phosphorylation in the nervous system,validation
5547a01cf35db75526000005,factoid,in which kingdom do microsporidia belong according to their current classification scheme,train
51656c94298dcd4e51000058,list,what is the inheritance pattern of emery dreifuss muscular dystrophy,internal_test_LOCKED
51485a4dd24251bc0500002a,summary,what is the mechanism of action of anticoagulant medication dabigatran,validation
56b710f276d8bf8d13000003,factoid,what is the effect of a defective cln3 gene,train
517539ca8ed59a060a000027,list,which genes are regulated by tralpha2 in the heart,train
54e12ae3ae9738404b000004,yesno,is insulin like growth factor i igf i able to affect tendon protein synthesis in classic ehlers danlos syndrome patients,train
554143ad182542114d000004,list,list available methods for transmembrane protein topology prediction,train
55422640ccca0ce74b000004,yesno,does gc content vary markedly within a given isochore,train
5317606eb166e2b80600000d,yesno,is tubulin acetylation involved in cell motility,train
56b739d976d8bf8d13000005,list,list available genetic multicolor cell labeling techiniques in drosophila,train
5319abffb166e2b80600002f,list,which growth factors are known to be involved in the induction of emt,validation
51600ca2298dcd4e51000037,summary,what is the function of the yeast protein aft1,train
5148e42cd24251bc0500003b,yesno,can pln mutations lead to dilated cardiomyopathy,validation
5319a6e9b166e2b806000023,factoid,which is the genetic lesion associated with huntington s disease,train
5314896adae131f847000001,yesno,is corpus callosum involved in the mowat wilson syndrome,validation
56c703445795f9a73e00000a,list,which histone modification discriminates between active and poised enhancers,train
56c344abfedd0b786b000003,list,what are the properties of super enhancers,train
52bf208003868f1b06000019,factoid,what is the inheritance pattern of li fraumeni syndrome,train
514a51c2d24251bc0500005c,factoid,which pituitary adenoma is common cause of infertility is women,train
553e07caf321868558000016,summary,what is the role of mismatched uracil glycosylase mug in dna repair,train
534bb147aeec6fbd07000014,list,which are the cardiac effects of thyronamines,train
55086ea1098a1b487b000001,list,matuzumab has been tested for treatment of which cancers,train
5171651e8ed59a060a000009,list,which are the synonyms of prostate specific antigen,validation
56b397a98525abca1e000003,factoid,what is the lipid droplet used for in the cell,train
56c58ceeb04e159d0e000004,factoid,what is the function of circular rna,train
54d62faf3706e89528000003,yesno,can nxy 059 be used for treatment of acute ischemic stroke patients,train
56bb6b0eac7ad1001900000e,yesno,is flibanserin effetive for hypoactive sexual desire disorder,validation
55414c65472cfd8617000001,list,list available biomedical question answering systems,internal_test_LOCKED
517a8c238ed59a060a000042,list,which dediodinases are present in kidney,internal_test_LOCKED
54edf72c94afd61504000013,factoid,what is the presumed key event in fanconi anemia pathogenesis,train
515df1d4298dcd4e5100002b,summary,what is the effect of allopurinol on asphyxia in neonates,internal_test_LOCKED
53267871d6d3ac6a3400000a,yesno,is recommended the use of perioperative treatment with thyroid hormone therapy in patients undergoing coronary artery bypass grafting,train
56e844c442442bac75000002,summary,when is the protein nfl a biomarker,train
56e68967edfc094c1f000002,yesno,is protein cxcr4 used as a prognostic marker of cancer,train
5159a306d24251bc050000a1,summary,how does thyroid hormone regulate sr ca2 atpase serca protein in the heart,train
56d138fe3975bb303a000015,factoid,which trancription factor activates the betalain pathway,validation
530e1c985937551c09000004,list,list common symptoms of patients with the doors syndrome,internal_test_LOCKED
56f403d009dd18d46b000004,summary,which is the most well accepted method for down syndrome non invasive prenatal diagnosis,train
512d2fff5274a5fb07000006,factoid,is the h3k4me3 histone mark related to transcriptional initiation or elongation,train
5326a85ad6d3ac6a3400000b,factoid,what does polyadenylate binding protein 4 pabp4 bind to,validation
515db3d8298dcd4e51000015,factoid,what is the average diameter of intermediate filaments,train
56a3a8c7496b62f23f000009,summary,elaborate on the association between genomic regulatory blocks grbs and target genes,validation
52fb20a32059c6d71c00005d,summary,which therapeutic interventions for sarcopenia have been applied,train
52d783bf98d0239505000001,summary,what is the genetic basis of progeria,train
51680a6d298dcd4e51000063,factoid,what is the function of cryptochrome 1 in mouse,train
56c1f00fef6e394741000040,summary,describe july effect,internal_test_LOCKED
5540ca8a0083d1bf0e000003,factoid,which intermediate filament if protein can be used as a non specific marker of the neuronal precursor cells of the subventricular zone,train
51585b28d24251bc0500008d,factoid,which enzyme is involved in the maintenance of dna cytosine 5 methylation,train
5321b4959b2d7acc7e000007,yesno,is transcapillary albumin escape altered in diabetic patients,train
516c0ebc298dcd4e5100006e,list,which genes does thyroid hormone receptor beta1 regulate in the liver,train
553d02c1f321868558000012,yesno,are conserved noncoding elements associated with developmental genes,train
515dd3d5298dcd4e5100001c,factoid,in what proportion of children with heart failure has enalapril been shown to be safe and effective,validation
55032d8be9bde69634000033,yesno,is myasthenia gravis associated with osteoporosis,validation
54e262daae9738404b000018,factoid,which cell type has the protein chromogranin a as marker,validation
5540a8d20083d1bf0e000001,yesno,does a selective sweep increase genetic variation,validation
5713b0a51174fb175500000e,list,which disease phenotypes are associated to prps1 mutations,train
53329c84d6d3ac6a34000040,yesno,is indicated the use of antioxidant supplements in patients at risk for coronary artery disease,train
533c394ec45e13371400000c,summary,which are the main functions of the human hur elavl1 protein in fibroblasts,train
56c8605b5795f9a73e000014,list,which kinases does baricitinib inhibit,train
552010076b348bb82c000015,yesno,is there evidence to suggest that triiodothyronine has neuroprotective properties in traumatic brain injury,train
5319a80fb166e2b80600002b,summary,what is the role played by mtor in hypertrophic response and heart failure,train
553c011af321868558000009,yesno,is lysine specific demethylase 1 lsd1 a critical regulator of hematopoiesis,train
550899c92e93f0133a000003,yesno,is k 63 linked protein ubiquitination related to proteasomal degradation,train
56a7d32fa17756b72f000001,yesno,could transcription factors act as cell cell signalling molecules,train
550b0408c2af5d5b7000000c,list,magnetic beads has been used in numerous applications list some coatings used,train
52d7b45e98d0239505000002,yesno,is pharmacological treatment of subclinical hypothyroidism effective in reducing cardiovascular events,train
52e8e96698d023950500001f,yesno,could catecholaminergic polymorphic ventricular tachycardia cpvt cause sudden cardiac death,internal_test_LOCKED
5312f0f0e3eabad02100000d,summary,what is the mechanism of action of dna topoisomerase ii inhibitors,train
517404878ed59a060a000023,yesno,are histone deacetylase hdac inhibitors good candidates to control metastasis of solid tumors,train
54f704b630767eb92e000001,yesno,is muscle lim protein mlp involved in cardiomyopathies,validation
56d1f790f22319765a000001,factoid,which gene harbors the mutation t790m,train
52f3a9ef2059c6d71c000012,summary,what is the role of fgf 2 in cardiac regeneration after myocardial infarction,train
571f33f10fd6f91b68000004,yesno,have 5q35 microdeletions been implicated in sotos syndrome development,train
51477de5d24251bc05000020,list,tumors of which three organs are classically associated with the multiple endocrine neoplasia type 1 syndrome,train
57138eb21174fb175500000a,factoid,which is the protein implicated in spinocerebellar ataxia type 3,train
56d2ae19f22319765a000006,summary,what is tn seq,train
5328185dd6d3ac6a3400000e,yesno,is metabolic syndrome related with cardiovascular disease,train
5321b8579b2d7acc7e000008,yesno,is there any functional association during viral replication between flaviviridae viral rna depended rna polymerase and viral helicase,validation
52f77f752059c6d71c00002b,yesno,are defects in recombination repair involved in carcinogenesis,train
513ce5f2bee46bd34c00000a,factoid,which is the prevalence of cystic fibrosis in the human population,train
5721f6f90fd6f91b68000012,yesno,are seizures among the neurological symptoms of incontinentia pigmenti,validation
5524562387ecba3764000001,list,which are the different homologs or family members of the hedgehog proteins in mammals,validation
5505a587f73303d458000005,factoid,what does mtor stands for,train
5722027a0fd6f91b68000014,summary,which is the most common genetic lesion among patients with joubert syndrome and a cerebello oculo renal phenotype,train
51486f7dd24251bc0500002e,list,which scales are recommended by the american heart association for depression screening in cardiovascular patients,train
56c332a350c68dd41600000d,yesno,is there a genome wide technique for the detection of r loop formation,train
530d7e8a38c1322806000001,summary,how is cbx1 m31 related to position effect variegation,train
571394141174fb175500000b,yesno,can bioprinting use human cells,train
5544f3005beec11c10000008,yesno,is transcription associated mutagenesis tam related to gene expression levels,internal_test_LOCKED
514a1469d24251bc05000056,yesno,is there a pharmacogenetic test for trastuzumab,train
56cf236f3975bb303a000002,factoid,which calcium channels does ethosuximide target,train
55201a316b348bb82c000019,factoid,what is the sedimentation coefficient of the mammalian mitoribosome,internal_test_LOCKED
54e221f6ae9738404b000010,summary,describe the mechanism of action of aliskiren,train
52ef7754c8da898910000014,list,which proteins act as histone like molecules in prokaryotes,train
55032efde9bde69634000035,factoid,which receptor is targeted by telcagepant,validation
56c097deef6e394741000027,summary,what is the role of photodynamic therapy for meningioma treatment,train
54d630283706e89528000004,yesno,do carmustine wafers improve survival of glioblastoma patients,validation
5516fc8832767d0305000002,yesno,is dicer part of the risc loading complex,train
5318985eb166e2b80600001d,summary,what is the arnold chiari syndrome,train
5508453a4b2a315d41000008,summary,what is the biological role of serca2 sumoylation in cardiac physiology and pathophysiology such as in heart failure,train
5319a724b166e2b806000025,list,which trinucleotide repeat disorders are affecting the nervous system,internal_test_LOCKED
54ecb66d445c3b5a5f000002,yesno,is hypersensitivity to dna crosslinking agents a hallmark of fanconi anemia,train
53188992b166e2b806000019,list,which are the cellular targets of imatinib mesylate,validation
52ebb2c698d0239505000029,list,which are the clinical characteristics of tuberous sclerosis,validation
55414e4f472cfd8617000002,summary,what is known about mer41 repeat sequences,train
514a2649d24251bc0500005a,summary,how functional connectivity of the default mode network changes in patients with disorders of consciousness,train
5713c7dd1174fb1755000014,yesno,have c12orf65 mutations been associated with axonal neuropathy and optic atrophy,train
54f0920f94afd61504000018,list,list drugs included in the dhap r chemotherapy regiment,internal_test_LOCKED
514a4679d24251bc0500005b,yesno,are psammoma bodies characteristic to meningiomas,train
57220e400fd6f91b68000015,list,which are the most common symptoms in lambert eaton myasthenic syndrome,train
56afa7fd0a360a5e45000016,summary,what is the pyroptotic pathway,validation
553babc0f321868558000007,list,which types of bacterial microflora are associated with the progression of peri implantitis,train
5162c8a8298dcd4e51000047,list,what are the known families of deadenylases,train
553656c4bc4f83e828000009,factoid,which translocation is harbored in the askin tumor cells,train
5710a51bcf1c325851000029,summary,what is the function of the atxa pleiotropic regulator,validation
550bf315c2af5d5b7000000e,yesno,is cystatin c or cystatin 3 used as a biomarker of kidney function,train
56bdcc4cef6e394741000002,factoid,which r bioconductor package utilizes the hilbert curve in order to visualize genomic data,train
57136cbf1174fb1755000007,yesno,can fetal aneuploidy be detected with non invasive prenatal testing,train
56a3bf0f496b62f23f00000a,list,which packages are used for performing overlap analysis of genomic regions in r bioconductor,internal_test_LOCKED
56c1d841ef6e39474100002d,yesno,is dichlorphenamide effective for periodic paralysis,train
56c1d84aef6e394741000030,summary,what is evaluated with the hydrocephalus outcome questionnaire,train
56c1d85fef6e394741000036,summary,what is known about maternal smoking and brain tumor risk,train
56c1d856ef6e394741000032,factoid,which pathway is activated by ficolin 3,validation
56bb68a5ac7ad1001900000a,yesno,is nivolumab used for treatment of non small cell lung cancer,validation
516281e6298dcd4e51000040,list,global quantitative phosphoproteomic analyses are emerging list the preferred technologies for the enrichment for phosphorylated peptides,train
56c3326750c68dd41600000b,list,which histone modifications are correlated with transcription elongation,train
516c0e08298dcd4e5100006d,yesno,does thyroid hormone receptor beta1 affect insulin secretion,train
54d646403706e89528000008,list,list disorders that have been associated to the polymorphism rs2535629,train
56c1f01aef6e394741000043,factoid,what is targeted by monoclonal antibody pembrolizumab,train
5710dd61cf1c32585100002e,yesno,does replication timing affect the rate of somatic mutations,train
5172f8118ed59a060a000019,summary,which metazaon species or taxa are known to lack selenoproteins,train
52e8e93498d023950500001e,factoid,what is the mode of inheritance of facioscapulohumeral muscular dystrophy fshd,validation
57091eefcf1c325851000016,yesno,is nod1 activated in inflammation,train
534df8c9aeec6fbd07000016,list,list diseases where protein citrullination plays an important role,train
53035d7c2059c6d71c000085,factoid,what is commotio cordis,train
56bb68f9ac7ad1001900000b,factoid,what is the cause of phthiriasis palpebrarum,internal_test_LOCKED
54c12fd1f693c3b16b000001,yesno,does the histidine rich ca binding protein hrc interact with triadin,train
52d3cc5203868f1b06000037,summary,how are cpg island shores defined,internal_test_LOCKED
54d62ede3706e89528000002,yesno,does magnesium sulfate improve outcomes of subarachnoid hemorrhage patients,train
54f9ae2506d9727f76000002,factoid,which gene is mutated in a subtype of arrhythmogenic right ventricular cardiomyopathy known as naxos disease,train
530e42bf5937551c09000005,summary,what is the role of edaravone in traumatic brain injury,internal_test_LOCKED
532c169ed6d3ac6a3400001f,yesno,are there plasma membrane receptors for thyroid hormones,validation
56c1f020ef6e394741000047,factoid,which disorder is rated by palmini classification,validation
52f4f2082059c6d71c00001d,summary,what is the role of erythropoietin in cardiac regeneration after myocardial infarction,train
56b9c937ac7ad10019000001,yesno,does rad9 interact with aft1 in s cerevisiae,train
5162e011298dcd4e51000049,yesno,are there any desmins present in plants,train
513711055274a5fb0700000e,yesno,are viruses involved in the etiology of human subacute thyroiditis,internal_test_LOCKED
56e30dd551531f7e33000016,list,list core circadian clock genes,train
5713c8d71174fb1755000015,factoid,which peripheral neuropathy has been associated with ndrg1 mutations,train
51485008d24251bc05000028,yesno,is mir 126 involved in heart failure,train
52e7bbf698d023950500001d,yesno,does resveratrol reduce cardiac remodeling,train
51bdd9c2047fa84d1d000002,factoid,which is the receptor for substrates of chaperone mediated autophagy,train
54d892ee014675820d000005,summary,what are the hallmarks of congestive heart failure,train
52f509512059c6d71c000020,factoid,what is the mode of inheritance of short qt syndrome,validation
530e0d6e5937551c09000001,list,list clinical trials that have directly compared microsurgical clipping with endovascular coiling for treatment of ruptured brain aneurysms,validation
530cf54dab4de4de0c000009,summary,what is the reason for the narcolepsy cases developed after h1n1 influenza vaccination,internal_test_LOCKED
5311bf53e3eabad021000006,list,which are the biotracers used for detection of alzheimer s disease using pet,train
569e79ecceceede94d000002,factoid,what was the purpose of the fantom3 project,internal_test_LOCKED
515bd543298dcd4e51000001,list,in which isochores are alu elements enriched,internal_test_LOCKED
52df887498d023950500000c,yesno,is oxalate renal excretion increased after bariatric surgery,train
52e6c92598d0239505000019,list,which are the mutational hotspots of the human kras oncogene,validation
57279ef20fd6f91b68000018,factoid,which intraflagellar transport ift motor protein has been linked to human skeletal ciliopathies,train
56c1f011ef6e394741000042,summary,what is the mechanism of action of ocrelizumab for treatment of multiple sclerosis,train
56a8d660a17756b72f000006,factoid,what is the link between nonidet 40 np 40 and biotinylation,train
5353aedb288f4dae47000006,factoid,which is the transcript responsible for x chromosome inactivation,internal_test_LOCKED
56e0813651531f7e33000010,summary,what are viral vectors used for in optogenetics,validation
56c83f365795f9a73e000011,factoid,which domain allowing self association do exist in tdp 43 and fus proteins,train
5545dc7de233d84047000001,yesno,is there a role for transcription factories in genome organization,train
531778ddb166e2b80600000f,list,which are the chompret criteria for li fraumeni syndrome,train
56d042ae3975bb303a00000d,list,when ceritinib used instead of crizotinib,train
52bf1f1303868f1b06000014,factoid,what type of enzyme is peroxiredoxin 2 prdx2,train
52f20d802059c6d71c00000a,yesno,is the length of the poly a tail involved in human disease,validation
53355714d6d3ac6a34000045,summary,why graphics processing units gpu are more suitable for biological tasks than central processing units cpu,internal_test_LOCKED
52fb42752059c6d71c00005e,list,which are the thyroid hormone analogs utilized in human studies,train
532f0c4ed6d3ac6a3400002e,yesno,are patients with marfan syndrome at increased risk of arrhythmias,train
5509b6d22e93f0133a000005,summary,what are the treatments of choice for gist gastrointestinal stromal tumor,internal_test_LOCKED
56be0e4aef6e394741000008,list,list kartagener syndrome triad,validation
550f0e4c6a8cde6b72000003,factoid,which disease is associated with the ectopic expression of the protein encoded by the gene dux4,train
5319ac36b166e2b806000031,factoid,which g protein is essential in the formation and function of lamellipodia,train
54dfc6501388e8454a000009,list,which are the main functions of the apobec3 family of proteins,train
52e0c9a298d0239505000010,list,which histone modifications are associated with constitutive heterochromatin,train
530cf54dab4de4de0c00000c,factoid,what is the main application of swath ms in proteomics,train
515ed87c298dcd4e51000032,yesno,do selenoproteins and selenium play a role in prostate cancer prevention,train
52bf217003868f1b0600001b,factoid,what can nothobranchius furzeri be used as a model system for,train
515dc691298dcd4e5100001b,summary,what is the function of talens,internal_test_LOCKED
54d796f93706e8952800001e,yesno,has protein citrullination been implicated in rheumatoid arthritis,train
535d613f7d100faa09000002,summary,show results of randomised controlled trials for certolizumab pegol,train
54f2228e64850a5854000002,factoid,which is the mass tag that reveal the ubiquitination of a lysine residue,validation
5323640b9b2d7acc7e000014,factoid,which gene is involved in cadasil,train
516beae9298dcd4e5100006b,summary,what is the role of thyroid hormone receptor alpha1 in insulin secretion,internal_test_LOCKED
56e2985951531f7e33000013,yesno,do r loops tend to form at sites of dna replication,train
51487ef9d24251bc05000031,list,which two catechol o methyl transferase comt inhibitors can be used for treatment of parkinson disease,train
5505db6a8e1671127b000003,factoid,what are the structures formed when keratin molecules come together,train
531d1998267d7dd053000001,factoid,which is the prognostic impact of hypothyroidism in patients with acute myocardial infarction,train
56c9f9d95795f9a73e00001e,summary,which are the main features of crest and other als linked proteins,train
54c225bcf693c3b16b000002,list,mutations of which genes have been associated with catecholaminergic polymorphic ventricular tachycardia cpvt,train
5173a8b48ed59a060a00001d,summary,what is the relationship between nucleosomes and exons,validation
532c0d7fd6d3ac6a3400001c,list,list programs suitable for pharmacophore modelling,internal_test_LOCKED
550c1ca3a103b78016000003,yesno,is selenium deficiency involved in autoimmune thyroid disease,validation
530c844e970c65fa6b000014,list,list disorders that are caused by mutations in the mitochondrial mtnd6 gene,train
571653aecb4ef8864c000005,list,which are the most common methods for ctdna circulating tumour dna detection,train
52bf1d2e03868f1b0600000c,factoid,which gene is associated with muenke syndrome,train
52bf1aa503868f1b06000006,yesno,is it safe to use abatacept during pregnancy,train
569e7e99ceceede94d000003,summary,what is deepcage,train
56cdf3995795f9a73e00003a,yesno,is stat3 involved in eif2ak2 dependent suppression of autophagy,train
56bc77a3ac7ad10019000015,factoid,rts s as01 vaccine was developed to prevent which disease,train
569e6c68ca240fa209000001,summary,what are the topological domains tads,train
56c322d750c68dd416000004,summary,what is the vibrational theory of olfaction,train
56a375f8496b62f23f000002,yesno,are ctcf and boris involved in genome regulation and cancer,validation
56c06ef5ef6e39474100001e,summary,what is the application of the asset algorithm in c elegans,train
5709e947cf1c32585100001d,yesno,are sidekick proteins members of the immunoglobulin superfamily,train
553a9aa3f321868558000004,summary,what are the pyknons,validation
517a8bab8ed59a060a000040,list,which deiodinases are best known to be present in brain,validation
5149a61ed24251bc05000044,list,what are the computational methods for the prediction of beta barrel transmembrane proteins,train
56b8a525156496395c000002,summary,describe what is the usage of the theatre software tool for genomic analysis,validation
56f3eebd2ac5ed1459000016,summary,how are crm cis regulatory modules defined,train
54cb9c94f693c3b16b000005,factoid,which is the main regulatory molecule of serca2a function in the cardiac muscle,validation
5519113b622b19434500000f,factoid,which gene is responsible for the development of the mowat wilson syndrome,validation
531d6bfc267d7dd053000007,list,how is active neurotoxin of clostridium botulinum detected,train
56d19a363975bb303a000017,factoid,which factor interacts with treslin ticrr throughout the cell cycle of human cells,validation
56ecffd62ac5ed1459000003,summary,what is oprozomib,internal_test_LOCKED
52b2f3b74003448f5500000c,yesno,is there a relationship between junctin and ryanodine receptors,train
5149f494d24251bc0500004c,factoid,which medication should be administered when managing patients with suspected acute opioid overdose,train
56c33e5695c1e7cc5b000001,list,in which nuclear compartments is heterochromatin located,train
53552ed7f1005d6b58000001,yesno,have mutations in the zeb2 gene been found in any human syndrome,train
5547a7e9f35db75526000006,list,which enzymes are involved in global genome nucleotide excision repair gg ner in bacteria,validation
52b2f1724003448f5500000b,yesno,is jtv519 k201 a potential drug for the prevention of arrhythmias,validation
51718fbc8ed59a060a000010,summary,what is the mechanism of microrna deregulation in carcinogenesis,train
56cdf3e55795f9a73e00003c,factoid,which type of gtpases is required for amino acid dependent activation of mtorc1,internal_test_LOCKED
570921e4cf1c325851000017,list,in which genomic regions are alu enriched,train
54df695b1388e8454a000004,factoid,what is the synonym of the lubag disease,train
56bcdf1ad36b5da378000009,list,dracorhodin perchlorate was tested for treatment of which cancers,train
550331abe9bde69634000037,summary,what is the role of venous angioplasty in multiple sclerosis,train
54f42f2764850a5854000005,yesno,are the fanconi anemia genes a part of the same signalling pathway,train
56f160a52ac5ed1459000013,yesno,are there clinical trials using stem cells for the treatment of cardiac disease,internal_test_LOCKED
54d9f7894b1fd0d33c00000a,yesno,is dna methylation an epigenetic modification of chromatin related to gene expression,train
553bd2f0f321868558000008,yesno,is growth factor independence 1b gfi1b important for hematopoiesis,validation
56ed0ba22ac5ed1459000007,yesno,has revlimid been approved by the us food and drug administration,train
51724fca8ed59a060a000013,factoid,which is the execution time complexity of the smith waterman algorithm for the alignment of two sequences,train
56bcc455d36b5da378000003,list,list mutations that are implicated in the gray platelet syndrome,validation
56f1547c2ac5ed1459000010,yesno,has single guide rna been used on human cells,internal_test_LOCKED
570a5c27cf1c325851000023,yesno,is fibroblast growth factor 23 a phosphaturic hormone,train
5525317687ecba3764000007,summary,which type of cell death is known as anoikis,train
5506c3e38e1671127b00000a,factoid,the small molecule sea0400 is an inhibitor of which ion antiporter exchanger,train
54fc4e2e6ea36a810c000003,summary,what is piebaldism,train
56d85e7751531f7e33000001,factoid,which slc family is flvcr1 a member of,train
56bb69d0ac7ad1001900000c,yesno,is amoxicillin used for treatment of malnutrition in children,train
56e47e0051531f7e3300001c,factoid,where are the orexigenic peptides synthesized,train
54dfcdf81388e8454a00000a,summary,what is the mechanism of action of apobec3g cytidine deaminase to inhibit hiv 1 replication,train
5721f4b30fd6f91b68000011,factoid,which inherited disorder is known to be caused by mutations in the nemo gene,train
56accec70a360a5e45000003,summary,what is ismara,train
52e01f8f98d023950500000f,yesno,is it possible to purify pseudopodia to be used for proteomic analysis,train
56cad5df5795f9a73e000020,summary,where does tdp43 localize in als neurons,train
52f89fd32059c6d71c000051,list,list interaction partners for the protein gata1,train
55263a1898daae017c000001,yesno,is farnesoid x receptor fxr a nuclear receptor,train
533675ced6d3ac6a34000056,list,what histone variants play a role in the dna damage reponse,train
52f895602059c6d71c000040,list,list tele monitoring applications of miniaturised sensors,train
553c9f96f32186855800000c,factoid,how are ultraconserved elements called when they form clusters,train
56f3f2072ac5ed1459000018,summary,what is the basis of the methodology of functional class scoring fcs for the analysis of gene expression data,train
53173fc5b166e2b806000006,summary,what is the timothy syndrome,internal_test_LOCKED
56cf36263975bb303a000007,factoid,which disease has been associated to a disruptive alx1 protein,internal_test_LOCKED
517170c48ed59a060a00000d,factoid,how many selenoproteins are encoded in the human genome,train
534eb34b288f4dae47000002,factoid,in which process src cortactin and mt1 mmp are playing an essential role,train
5710e131a5ed216440000001,factoid,in which yeast chromosome does the rdna cluster reside,train
5713394af9287de436000001,summary,which is the underlying mechanism for exon skipping used to treat duchenne muscular dystrophy,train
515b1eccd24251bc050000af,summary,what is the advantage of using long nano columns in proteomics,train
56e2acfe51531f7e33000014,factoid,during which stage of the cell cycle is cohesin deposited on the yeast genome,internal_test_LOCKED
517818508ed59a060a000035,factoid,which is the neurodevelopmental disorder associated to mutations in the x linked gene mecp2,validation
517541e08ed59a060a00002a,summary,what is the treatment of riedel disease thyroiditis,train
56a8ee75a17756b72f000007,factoid,what is the link between dax1 and esrrb,train
56d04a533975bb303a000010,factoid,what is dovitinib,train
5319a752b166e2b806000027,yesno,are dna helicases involved in progeroid syndromes,train
551829a76487737b43000009,list,list the diseases for which there are point of care breath tests,internal_test_LOCKED
56c1d85eef6e394741000035,yesno,is there association of matrix metalloproteinases with behaviour of pituitary adenomas,train
554a0cadf35db7552600000f,summary,what is the evolutionary process described by the muller s ratchet model,internal_test_LOCKED
534abe8aaeec6fbd07000013,factoid,which heat shock protein is found to be upregulated during hsp90 inhibition,train
571f33bd0fd6f91b68000003,factoid,which gene is responsible for the development of sotos syndrome,train
53617eeb7d100faa0900000a,factoid,what is the name for anorexia in gymnasts,train
515def40298dcd4e51000028,yesno,is vitamin d deficiency in pregnant women associated with gestational diabetes,validation
52bf209303868f1b0600001a,list,what are the indications for alteplase,train
55152bd246478f2f2c000002,list,list scaffold proteins of the erk signaling pathway,train
516c3960298dcd4e51000073,list,which are the families of mammalian dna cytosine 5 methyltransferases,train
54e0ac041388e8454a00000f,list,which classes of endogenous retroelements are known to date,train
54e1c5d5ae9738404b00000b,summary,what is the association between probnp serum concentrations and stroke outcomes,internal_test_LOCKED
570906fecf1c325851000010,summary,what is the effect that ezh2 has on chromatin,internal_test_LOCKED
52ef6da1c8da898910000011,yesno,does chromatin immunoprecipitation chip show a bias for highly expressed loci,train
5319ac18b166e2b806000030,yesno,is clathrin involved in e cadherin endocytosis,validation
5150b1f4d24251bc0500006a,summary,what are the generic versions of viagra,train
553a7a59f321868558000002,list,list gata 1 interacting partners as discovered with the help of the biotinylation tagging approach,train
52f129d92059c6d71c000009,list,which diseases are associated with alu element insertion,train
534e364e288f4dae47000001,factoid,approximately how many recombination hotspots have been found in the yeast genome,train
56f55cc809dd18d46b000008,summary,how could ipscs be used for the treatment of diabetes,internal_test_LOCKED
533ea8fcc45e133714000010,factoid,what is the name of the stem loop present in the 3 end of genes encoding for selenoproteins,train
515d9a42298dcd4e5100000d,yesno,is propofol used for short term sedation,validation
55192f20622b194345000014,list,which proteins are the different members of the nf kappab family of transcription factors,validation
571e417bbb137a4b0c00000a,list,what are the symptoms of rotor syndrome,validation
533c3871c45e133714000007,yesno,does splicing occur co transcriptionally,train
52fa73e82059c6d71c000059,list,list the existing methods for genetic manipulation of cells,validation
515df5b2298dcd4e5100002c,yesno,are there clinical trials on stem cells in multiple sclerosis,train
54edf81f94afd61504000014,factoid,which swi snf protein complex subunit has been demonstrated to interact with the fanca gene product,train
56c6f6005795f9a73e000009,yesno,are pirnas involved in gene silencing,train
554397f6ed966d112c00000c,list,list representatives of the major fungal hypoxanthine adenine guanine transporter families,train
551910d3622b194345000008,list,which proteins have been identified as ret ligands,train
5314b20bdae131f847000005,list,which substances are dangerous to g6pd deficient individuals,train
52fb78d82059c6d71c000068,list,which mutations of scn5a gene are implicated in brugada syndrome,internal_test_LOCKED
571f30c40fd6f91b68000002,summary,what is sotos syndrome,train
531e01ff267d7dd05300000e,summary,what is the crapome database,validation
535d5bac7d100faa09000001,list,list all articles on network meta analysis for smoking cessation,train
56ed08062ac5ed1459000005,yesno,can rg7112 inhibit mdm2,train
55200c606b348bb82c000013,factoid,which clotting factor is inhibited by betrixaban,validation
55031270e9bde6963400001a,list,which are the most frequent syndromes associated with inherited bone marrow failure,train
533aaab6d6d3ac6a34000062,summary,how is yellow fever virus transmitted,validation
532f08dcd6d3ac6a3400002a,yesno,are there any specific antidotes for dabigatran,internal_test_LOCKED
56a8b8b5a17756b72f000005,factoid,what is the outcome of taf10 interacting with the gata1 transcription factor,train
516d5bc5298dcd4e51000079,summary,how does tnf affect thyroid hormone receptors,train
56d2ac03f22319765a000004,list,which ones are the eskape organisms,train
56d046813975bb303a00000f,summary,what is the effect of dovitinib on the cell cycle,train
55391b2cbc4f83e828000017,summary,what is the involvement of pdgfrb in metastatic medulloblastoma,train
54dc8ed6c0bb8dce23000002,summary,what is known as calcium induced calcium release cicr and its role in cardiomyocyte contractility,train
52bf1f5f03868f1b06000017,summary,what is the action of molindone,train
5518e7a7622b194345000002,summary,what is the function of the enzymes known as dual specificity phoshpatases dusps,validation
5324bdba9b2d7acc7e00001a,factoid,how is bladder wall thickness measured,validation
54f35ad864850a5854000004,factoid,ly450139 is investigational name of which drug,train
54fefbbc6ad7dcbc1200000a,yesno,are there any decision support systems for chronic pain management,train
5727ab040fd6f91b68000019,factoid,which gene has been found to be mutant in lesch nyhan disease patients,train
516e7fda298dcd4e51000081,factoid,which is the methyl donor of histone methyltransferases,train
51603912298dcd4e5100003b,summary,how are human accelerated regions har defined,validation
515870cdd24251bc0500008f,list,carbapenemase producing gram negative bacteria is a major health concern because their resistance to antibiotics list the most frequent carbapenemases found in enterobacteriaceae,train
56eaf4e6107309bc2f000001,summary,how are grbs genomic regulatory blocks defined,train
5171438a8ed59a060a000007,factoid,what is the gene frequently mutated in multiple endocrine neoplasia 2 men2 and hisrchsprung disease,train
52f4f1d62059c6d71c00001c,list,which are the clinical characteristics of isolated non compaction cardiomyopathy,train
56b8ccc5156496395c000003,summary,what is starr seq,train
533c384dc45e133714000006,list,in which genomic positions is the histone variant macroh2a enriched,train
516d5baa298dcd4e51000078,yesno,does amiodarone affect thyroid hormone receptors in the myocardium,train
56ffd08bcf1c325851000009,factoid,from which sequence does the alu repeat originate from,train
5313058de3eabad02100000e,factoid,abnormality in which vertebral region is important in the bertolotti s syndrome,internal_test_LOCKED
5348307daeec6fbd07000011,factoid,what does ibaq stand for in proteomic analysis,internal_test_LOCKED
54da32bc0f63c58e6e000001,factoid,which is the main target of the anti arrhythmic activity of flecainide,train
52efc041c8da89891000001b,yesno,does thyroid hormone affect cardiac remodeling,train
53175e68b166e2b806000009,summary,what is the effect of ros on cyclin b1,train
53353927d6d3ac6a34000043,yesno,are there any hcv replication inhibitors available,train
52ed264a98d023950500002f,summary,provide examples of how molecular transporters contribute to multi drug resistance in bacteria,train
56f82f9acf1c325851000002,summary,what is the minimal genome build,train
5159b990d24251bc050000a3,yesno,is cocaine use associated with increased risk for intracerebral hemorrhage,train
511a4ec01159fa8212000004,yesno,is mir 21 related to carcinogenesis,train
54d8ea2c4b1fd0d33c000002,factoid,which is the most prevalent form of arrhythmia worldwide,train
52ecd56198d023950500002b,yesno,are thyroid hormone receptor alpha1 mutations implicated in thyroid hormone resistance syndrome,train
54e071e11388e8454a00000d,list,which agents are included in the flamsa chemotherapy regimen,validation
5506e2ff8e1671127b00000d,list,which are the subunits of the ikb protein kinase ikk,train
551910fa622b19434500000b,yesno,is plk2 involved in alpha synuclein phosphorylation in parkinson disease,train
53189b05b166e2b80600001e,factoid,which glands are subject to attack by lymphocytes in sjogren s syndrome,train
56bce63cd36b5da37800000b,summary,describe malgaigne fracture,train
51716a438ed59a060a00000a,list,name five popular computer programs used to identify genes in genomic sequences,train
514168ab23fec9037500000a,list,which are the major transcription factors regulating glycolysis in mammals,train
51542e44d24251bc05000081,factoid,mutations in which gene determine response to both erlotinib and gefitinib,train
53215fca9b2d7acc7e000005,list,which protein complexes contain mitofilin,train
530a3f8a970c65fa6b000006,summary,define marine metaproteomics,train
5148e1d6d24251bc0500003a,list,mutation of which gene and which chromosome cause neurofibromatosis type i,train
515c4f05298dcd4e51000006,list,which genes does thyroid hormone receptor alpha1 regulate in the heart,train
54d662113706e8952800000d,factoid,what is the content of the metlin database,validation
550739cf3b8a5dc045000002,factoid,which is the rna sequence of the canonical polyadenylation signal,train
56ae40110a360a5e45000009,list,which computational frameworks are available for predicting enhancers,train
5311d130e3eabad021000009,list,which proteins in the cerebro spinal fluid can be used for early diagnosis of alzheimer s disease,train
53177803b166e2b80600000e,yesno,is there evidence for somatic mosaicism in tuberous sclerosis,train
56e0869351531f7e33000011,summary,what is gro seq,train
56ae70050a360a5e4500000f,factoid,what is the role of the runx1 myef2 complex,internal_test_LOCKED
550e7d6aa103b7801600000e,yesno,does smoking increase risk for glioblastoma,train
52f509232059c6d71c00001f,list,which genes are implicated in short qt syndrome,validation
535d69177d100faa09000003,list,what is scenar therapy used for,train
56be1723ef6e39474100000c,list,list symptoms of gradenigo s syndrome,train
56e6f027a12c1fc13b000001,yesno,is wnt16b secreted in response to chemotherapy,train
5162f5b6298dcd4e5100004c,yesno,do dna double strand breaks play a causal role in carcinogenesis,train
5544df2a5beec11c10000006,yesno,do conserved noncoding elements co occur with matrix attachment regions,train
53261e79600967d132000003,factoid,what is the relationship between thyroid hormone and inflammatory markers in heart failure patients,internal_test_LOCKED
550e9d2cb305b40c5c000001,list,which variables are included in the span 100 score,train
56d1accb67f0cb3d66000001,yesno,are drosophila ultraconserved elements candidate ncrnas,train
516c0ed3298dcd4e5100006f,list,which genes does thyroid hormone receptor alpha1 regulate in the liver,validation
56f961b3cf1c325851000003,factoid,what is the color of the protein ranasmurfin,train
56b9cabbac7ad10019000002,summary,what is the role of caenorhabditis elegans heterochromatin protein 1 hpl 2 in development,train
54f088ee94afd61504000015,yesno,does surgery for ovarian endometriomas improve fertility,train
552440452c8b63434a00000b,yesno,are acta1 alpha actin and neb nebulin genes related to nemaline myopathy,train
52fb19ab2059c6d71c00005c,summary,what are the pregnancy outcomes in rheumatoid arthritis,train
56c8f7445795f9a73e00001b,summary,what is dnashape,train
51751ee48ed59a060a000025,summary,how are thyroid hormones involved in the development of diabetic cardiomyopathy,train
516ec97f298dcd4e51000087,list,by which methods can we evaluate the reliability of a phylogenetic tree,train
53372ba3d6d3ac6a34000058,factoid,which histone modification is primarily linked to elongating transcription,train
56ed0a372ac5ed1459000006,yesno,could rg7112 be used as cancer therapy,train
56c1f02aef6e39474100004b,factoid,which interleukin is blocked by siltuximab,train
551fd9c06b348bb82c000012,factoid,rosier scale is used for which disorder,train
515dbb3b298dcd4e51000018,summary,how histone deacetylation causes transcriptional gene silencing,internal_test_LOCKED
54d7a1047035c08008000002,factoid,which is the subcellular localization of the protein angiogenin,train
5324d0169b2d7acc7e000022,list,list fda approved treatments for androgenetic allopecia,internal_test_LOCKED
55054f8af73303d458000002,factoid,which bone protein is used in archaelogy for dating and species identification,train
52e7b4a198d023950500001b,yesno,does thyroid hormone affect cardiac remodeling,train
516e5f4e298dcd4e51000080,summary,what is the effect of saha treatment in huntington s disease,train
535d7c247d100faa09000006,summary,what is known about the role of mhealth in the prevention of disease,train
54fc9ca16ad7dcbc12000006,list,which receptors are targeted by suvorexant,train
54f1e781c409818c32000003,yesno,is armodafinil used for treatment of insomnia,internal_test_LOCKED
515d7693298dcd4e5100000c,list,a common problem in proteomics is the contamination of samples with exogenous proteins often from other species these proteins can be found in specific databases list some contaminants,validation
56f7c15a09dd18d46b000012,factoid,which gene has been implicated in majeed syndrome,validation
5523e7837b523f2123000006,factoid,what is trypan blue used for,validation
56c1f045ef6e394741000058,factoid,selexipag is used for which disease,validation
517138b68ed59a060a000002,summary,how does ranolazine affect kinase signaling activation in the heart,train
56c1f030ef6e39474100004d,list,list features of the dend syndrome,train
5708992ccf1c32585100000d,factoid,what is the resid database,train
550ea8f1b305b40c5c000005,factoid,pridopidine has been tested for treatment of which disorder,train
56b481348525abca1e000008,yesno,are there currently applications of deep learning in genomics,train
5133b15e5274a5fb0700000b,yesno,are cpg islands located close to housekeeping genes,train
54e12c30ae9738404b000005,yesno,is col5a2 gene associated to ischemic heart disease,internal_test_LOCKED
5319a708b166e2b806000024,factoid,which is the target of bortezomib used in cancer therapy,validation
5162a089298dcd4e51000043,yesno,have micrornas been implicated in pharmacogenomics,train
550312b4e9bde6963400001c,list,which genes are known to be involved in diamond blackfan anemia,validation
56c03d1fef6e39474100001a,yesno,is nicotinamide effective for skin cancer prevention,train
56cf3f4f3975bb303a000008,factoid,which is the chromosomal location of the gene maoa,train
54d8d4d1014675820d000006,yesno,do parkinson s disease patients experience stridor,train
51492168d24251bc05000041,summary,which depression rating scales were shown to have acceptable psychometric properties for screening of poststroke depression,train
5318798bb166e2b806000014,summary,what is the mechanism of action of trichostatin a tsa as an antitumoral agent,train
54cf4bc3f693c3b16b00000d,yesno,is there an association between serum interleukin 6 concentrations and outcomes of stroke patients,train
5713968e1174fb175500000d,yesno,could bioprinting be used in regenerative medicine against bone disease,train
56c079b1ef6e394741000022,factoid,idarucizumab is an antidote of which drug,internal_test_LOCKED
56d8b47a51531f7e33000004,list,what are the main clinical characteristics of pendred syndrome,validation
5709f027cf1c32585100001f,factoid,what is the pfam database,validation
5178d6be8ed59a060a000038,factoid,what is a popular mesaure of gene expression in rna seq experiments,train
51bedaac3148fdcc22da7188,yesno,is macroautophagy a selective degradation process,train
531dd4af267d7dd05300000d,factoid,inhibition of which enzyme is mechanism of action of alisertib,train
54edaee3445c3b5a5f000003,list,list the three most prevalent pathogenic species of borrelia in europe,train
52ece29f98d023950500002c,factoid,which thyroid hormone transporter is implicated in thyroid hormone resistance syndrome,validation
5506eca18e1671127b00000f,list,which are the subunits of the transcription factor nf kappab in the canonical pathway activation,train
56b8ed4b156496395c000004,yesno,is there any link between conserved noncoding elements and alternative splicing in vertebrates,train
5148691bd24251bc0500002d,factoid,which protein is affected by dusp8 activation,validation
5335d4e8d6d3ac6a34000053,list,which receptors are targeted by a drug macitentan,validation
51406d6923fec90375000007,summary,what is known as the cause of subacute thyroiditis,train
518ba4b5310faafe08000005,list,which drugs are utilized to treat eosinophilic esophagitis,internal_test_LOCKED
56c3320a50c68dd416000008,factoid,what is the incidence of cystic fibrosis in the caucasian population,train
56b7210b76d8bf8d13000004,factoid,what is the effect of thapsigargin treatment,internal_test_LOCKED
5318929fb166e2b80600001b,factoid,what is the her2 status in li fraumeni syndrome,train
51475d5cd24251bc0500001b,list,where is x ray free electron laser used,train
54db7c4ac0bb8dce23000001,list,which protein kinases have been found to phosphorylate phospholamban and affect its biological activity,train
57152ebbcb4ef8864c000002,summary,why can t humans synthesize neu5gc n glycolylneuraminic acid,train
54e0c3e71388e8454a000013,factoid,which enzyme is inhibited by orteronel,train
54db5e24bcba1b1817000002,factoid,what is the disorder in which mutations in u4atac snrna are detected,train
515d692c298dcd4e5100000a,factoid,which is the binding site motif of sp1,validation
56f8077a8b98c98849000002,list,list autoimmune disorders associated with gad65 autoantibodies,train
56acd7530a360a5e45000004,summary,elaborate on the treat nmd initiative for dmd patients,train
57134d511174fb1755000002,yesno,is muscle regeneration possible in mdx mice with the use of induced mesenchymal stem cells,train
5503145ee9bde69634000022,list,list the different subtypes of thyroid cancer,train
571e469bbb137a4b0c00000d,summary,what are the characteristics of christianson syndrome,train
571e06447de986d80d000016,yesno,is the sdhaf2 gene encoding a protein necessary for flavination of sdha,train
53175e9fb166e2b80600000a,factoid,what is the physiological role of lkb1 involved in peutz jeghers syndrome,train
55479102f35db75526000004,summary,what heterotachy states about molecular evolutionary processes,train
530f72fd329f5fcf1e000003,summary,what is known about depression in caregivers of brain tumor patients,internal_test_LOCKED
55391825bc4f83e828000016,summary,what are the effects of homozygosity of ednrb mutations in addition to hirschsprung disease,train
53265dd4d6d3ac6a34000007,factoid,what is the prognostic role of alterred thyroid profile after cardiosurgery,train
56be15ffef6e39474100000b,list,list pentalogy of fallot,internal_test_LOCKED
56f6d4ed09dd18d46b000010,summary,which is the major function of sororin,validation
55149f156a8cde6b72000013,factoid,which gene fusion is the result of the philadelphia translocation or the philadelphia chromosome mutation,train
530cf4fe960c95ad0c00000a,yesno,is zolpidem an antibiotic,train
530cf4fe960c95ad0c00000c,yesno,can desvenlafaxine be used at a dose of 50mg day,train
571e40a8bb137a4b0c000009,factoid,which syndrome is associated with oatp1b1 and oatp1b3 deficiency,train
530cf4fe960c95ad0c00000b,factoid,which type of lung cancer is afatinib used for,internal_test_LOCKED
530cf4fe960c95ad0c00000d,yesno,can ferric carboxymaltose be used to treat anemia in inflammatory bowel disease patients,train
56c1f009ef6e39474100003c,factoid,which disease is treated with eliglustat,train
5333f728d6d3ac6a34000041,list,list algorithms suitable for predicting protein complexes,train
56c4bbfdb04e159d0e000002,summary,what are piggybac transposons,internal_test_LOCKED
54d63d873706e89528000006,yesno,is there any association of the chromosomal region harboring the gene itih3 with schizophrenia,train
54e0ace81388e8454a000010,factoid,is apobec3b protein predominantly cytoplasmic or nuclear,validation
553fbe9fe00431e071000001,yesno,is the regulation of vsr endonuclease independent of the growth phase of bacteria,train
56c85f675795f9a73e000013,yesno,are there interactomes available for pou5f1 and sox2,internal_test_LOCKED
56afe6d40a360a5e45000017,factoid,which tool is used for promoterome mining using cage data,internal_test_LOCKED
515ae990d24251bc050000ad,yesno,is rheumatoid arthritis related to myopathy,train
532f03e6d6d3ac6a34000022,summary,what is the role of gata 4 in regeneration of the heart after myocardial infarction,train
52e62bae98d0239505000015,factoid,what is the life expectancy of professional athletes in respect to the general population,internal_test_LOCKED
570908e3cf1c325851000012,yesno,is ezh2 associated with prostate cancer,validation
516d5bdf298dcd4e5100007a,summary,how does adrenergic signaling affect thyroid hormone receptors,train
51434c74d24251bc0500000c,list,what are the computational tools for the prediction of beta barrel transmembrane proteins,train
56cdf4675795f9a73e00003f,summary,which kinase is regulating stress granule biogenesis,train
530e1b205937551c09000003,summary,what is the association between cell phone use and glioblastoma,internal_test_LOCKED
5319a7b2b166e2b806000028,yesno,is there any cross talk between the wnt and the akt pathways,internal_test_LOCKED
5523e8cc7b523f2123000007,yesno,has the protein gfp been used in transgenesis for live protein imaging,train
52b2f0d84003448f55000009,yesno,is the snord116 cluster associated with the prader willi syndrome,internal_test_LOCKED
56c1f00cef6e39474100003e,factoid,aleglitazar is agonist of which receptor,validation
54d8e319014675820d000009,summary,what are the main characteristics of catecholaminergic polymorphic ventricular tachycardia cpvt,train
53380000d6d3ac6a34000059,yesno,is poly adp ribosylation involved in transcriptional control,train
51490275d24251bc0500003d,yesno,is nimodipine recommended for prevention of vasospasm in aneurysmal subarachnoid hemorrhage patients,train
52f348542059c6d71c00000f,summary,what is the role of prostaglandins in cardiac regenaration after myocardial infarction,train
56c331aa50c68dd416000005,summary,what is the general function of h3k79 methylation,train
515b30d8d24251bc050000b0,list,where can we find the protein lacritin,train
54edd9c994afd61504000001,summary,where can we find the protein dermcidin,train
532f49f8d6d3ac6a34000035,list,what is the triple screening test performed during pregnancy measuring,validation
5150f401d24251bc05000075,list,what are the generic versions of viagra,train
56caea805795f9a73e00002c,factoid,which protein interacts with the ragulator rag gtpases to control mtor activity,train
51601071298dcd4e51000038,list,against which organisms has reverse vaccinology been used,internal_test_LOCKED
56c1f021ef6e394741000048,factoid,galassi classification is used for which disorder,train
56c1f027ef6e394741000049,summary,describe mozart effect,validation
56bcd422d36b5da378000005,summary,what is the purpose of the tokuhashi scoring system,internal_test_LOCKED
515993f3d24251bc050000a0,list,which compounds exist that are thyroid hormone analogs,train
56c1f002ef6e394741000038,yesno,is lenvatinib effective for thyroid cancer,validation
53357c98d6d3ac6a3400004a,list,what genes are related to breast cancer,internal_test_LOCKED
52bf1d9e03868f1b06000010,factoid,to the ligand of which receptors does denosumab prolia bind,train
5523e47f7b523f2123000004,list,list fluorescent reporter proteins,train
5549de44f35db7552600000c,summary,by which mechanism mutt proteins act against dna lesions in bacteria,train
56c0968def6e394741000026,yesno,was tamoxifen tested for treatment of glioma patients,train
54fb5720d176fff445000002,list,which transcription factors are known as the four 4 yamanaka factors that have been used to create induced pluripotent stem cells ipscs,validation
514cd15ad24251bc05000067,summary,what is the role of anhedonia in coronary disease patients,validation
55033064e9bde69634000036,summary,what is the clinical value of naltrexone in parkinson s disease patients,train
5541297f182542114d000001,summary,what is the efficacy of oxaliplatin monotherapy in the management of colorectal cancer,train
532f0ca1d6d3ac6a3400002f,yesno,are there any animal models for niemann pick c1 disease,validation
56fcf1b8cf1c325851000005,factoid,which type of genes are modulated by satb1,train
51542eacd24251bc05000084,yesno,does her2 under expression lead to favorable response to trastuzumab,train
5363bad27d100faa0900000e,list,which are the most abundant human lincrna,train
56d2adc5f22319765a000005,summary,which is the molecular function of the protein ccdc40,train
5314d0e4dae131f84700000e,yesno,can administration of the thyrotropin releasing hormone reduce fatigue in cancer patients,train
51716fd38ed59a060a00000c,summary,what is the role of chromomethylases in plants,train
56b0eb3b0a360a5e45000019,yesno,is curcumin a phytochemical,validation
571f2e8e0fd6f91b68000001,summary,what is cerebral cavernous malformation,train
54ede5c394afd61504000006,yesno,is fanconi anemia presented as a genetically and clinically heterogeneous disease entity,internal_test_LOCKED
56cafa845795f9a73e00002e,factoid,which protein pathway is regulating sgk1 mediated phosphorylation of foxo3a to control cell proliferation,train
532b15ecd6d3ac6a34000014,list,which drugs have been found effective for the treatment of chordoma,train
56c830635795f9a73e00000e,list,which components of the stress granules are known to be related to motor neuron degeneration in amyotrophic lateral sclerosis,train
56ae71cb0a360a5e45000010,yesno,is there evidence for de novo genesis of enhancers in vertebrates,train
5720a8da0fd6f91b68000010,list,which could be some of the possible causes of hypersomnia,train
54f5bc7d5f206a0c06000001,factoid,what is the function of caspases,validation
551c4ffc6b348bb82c000010,yesno,is tnni3k a cardiac specific protein,train
5710ed19a5ed216440000003,summary,how does rif1 regulate dna replication,internal_test_LOCKED
51588c1ad24251bc05000094,yesno,is factor xi deficient in hemophilia c,train
550300fce9bde6963400000a,summary,what is known about food intolerance and gluten,train
551910c5622b194345000007,yesno,are ednrb mutations involved in the development of hirschsprung disease,train
5502fe13e9bde69634000009,summary,what is known about the effectiveness of electronic food diaries,train
5717bacacb4ef8864c00000d,yesno,can the apoptosis regulator bax trigger the release of cytochrome c,train
54fc27a896abe38008000002,summary,which biological process in known as endoplasmic reticulum associated protein degradation erad,train
54d8d60d014675820d000007,list,list braf inhibitors that have been tested in clinical trials for treatment of melanoma patients,train
531375a6e3eabad021000011,list,which are the risk factors for sudden cardiac death in patients with hypertrophic cardiomyopathy,train
5335c938d6d3ac6a34000052,summary,what is known about the economic cost of urinary incontinence,train
56d1e23c67f0cb3d66000009,factoid,which are the coactivators of the yes associated protein yap,train
531af8cbb166e2b80600003a,factoid,how many genes outside of the mhc locus have been genetically associated to rheumatoid arthritis through gwas,train
56e0797451531f7e3300000f,yesno,are optogenetics tools used in the study and treatment of epilepsy,train
5544de7a5beec11c10000005,factoid,in which phase of cell cycle does stress induced transcription associated mutagenesis tam occur,train
531b3ff3b166e2b80600003d,list,which proteins are related to the loss of cell cell adhesion during emt epithelial mesenchymal transition,internal_test_LOCKED
54f4627e64850a5854000007,yesno,is micro rna 1 mir 1 implicated in cardiac arrhythmias,train
553a6a9fbc4f83e82800001c,yesno,are there conserved noncoding elements cnes in invertebrate genomes,train
55421ee7ccca0ce74b000002,factoid,which tumor suppressor is referred to as the guardian of the genome,train
5717e0717de986d80d000002,summary,what is known about diseases associated with mutations in the chchd10 gene,train
514a0a57d24251bc05000051,factoid,which drug should be used as an antidote in benzodiazepine overdose,train
516c1041298dcd4e51000070,yesno,does thyroid hormone signaling affect micrornas expression in the heart,train
5148f6f0d24251bc0500003c,summary,give examples of next generation sequencing applications in mutation screening,validation
5314c7afdae131f84700000a,list,list common features of shapiro syndrome,validation
52f5417b2059c6d71c000024,list,list mouse models for autism spectrum disorder asd,internal_test_LOCKED
56ae3cdc0a360a5e45000008,summary,what is bioasq,train
5717ab7ccb4ef8864c00000c,list,which are the main functions of g3bp1 and g3bp2 proteins,train
53262cdcd6d3ac6a34000003,factoid,what is the definitive treatment for low pressure headache,train
51542de6d24251bc0500007f,summary,what is the role of the histidine rich calcium binding protein hrc in cardiomyopathy,train
53036faab24d855b11000001,factoid,what is the incidence of sudden cardiac death among young athletes,train
5713506d1174fb1755000003,summary,what is the effect of amitriptyline in the mdx mouse model of duchenne muscular dystrophy,train
56c6dc6f5795f9a73e000007,list,which post translational histone modifications are characteristic of facultative heterochromatin,train
56f5692f09dd18d46b00000a,list,mutations in which genes have been associated with aicardi goutieres syndrome,validation
530a3e18970c65fa6b000005,list,list bacteria that may be useful in uranium bioremediation,internal_test_LOCKED
52fb7c512059c6d71c000069,factoid,how much should be the duration of the qt interval in patients with short qt syndrome,train
52f65f372059c6d71c000027,summary,what is known about potential implication of thyroid hormone receptors in arterial hypertension,internal_test_LOCKED
5148b466d24251bc05000037,summary,what is the mechanism of action of abiraterone,train
5162e44f298dcd4e5100004a,list,the protein neprilysin has an positive effect on alzheimer disease how can it be delivered to the brain,internal_test_LOCKED
56c58f1b5795f9a73e000001,factoid,which species of bacteria did the mitochondria originate from,internal_test_LOCKED
56f7fe3709dd18d46b000015,factoid,which disease is linked to mutations within brag1,internal_test_LOCKED
54db62a3034aea571d000001,factoid,which is the main calcium pump of the sarcoplasmic reticulum,validation
5344155faeec6fbd07000005,factoid,what is the inheritance pattern of hunter disease or mucopolysaccharidosis ii,internal_test_LOCKED
53442472aeec6fbd07000008,summary,do ephrins play a role in brain cancer,internal_test_LOCKED
553ca8d8f32186855800000d,factoid,what is the effect of the absence of saccharomyces cerevisiae rrm3p,validation
5547d72ef35db75526000008,yesno,do all archaea possess multiple origins of dna replication,internal_test_LOCKED
532f1452d6d3ac6a34000030,factoid,what is the ubiquitin proteome,train
570a922dcf1c325851000028,list,which major signaling pathways are regulated by rip1,train
5547ec32f35db7552600000a,factoid,what is the effect induced by sympathetic nervous system on pupil size,train
55088e412e93f0133a000001,yesno,is p100 the precursor protein molecule of the nf kappab transcription factor subunit p50,train
55074fa8bde8548216000003,summary,what is the definition and the biological role of epithelial mesenchymal transition emt,train
5149b575d24251bc05000047,yesno,is there a difference in the rate between gene fusion and gene fission,train
5173eb428ed59a060a000021,list,what type of cancers and inherited diseases have been associated to mutations in the notch pathway,internal_test_LOCKED
54d762653706e89528000014,yesno,can cognitive behavioral therapy improve fatigue in cancer patients,train
550ae16bc2af5d5b70000009,yesno,is protein fbw7 a scf type of e3 ubiquitin ligase,train
5361677c7d100faa09000008,yesno,is there increased incidence of incontinence in athletes,train
52c7275103868f1b0600001c,factoid,what is the inheritance pattern of apert syndrome,train
5139b31dbee46bd34c000004,factoid,which is the most widely used model for the study of multiple sclerosis ms,train
52f21b722059c6d71c00000b,factoid,what is the usual her 2 status in breast cancer associated with li fraumeni syndrome,train
518cb6ab310faafe08000009,list,what is the treatment of triiodothyronine toxicosis,validation
56a8adb0a17756b72f000003,yesno,are there enhancer rnas ernas,validation
51bdb644047fa84d1d000001,list,which are the known human transmembrane nucleoporins,train
55192892622b194345000012,factoid,which e3 ubiquitin ligase mediates the ubiquitination and degradation of the interferon receptor type 1 ifnar1,train
56b8a222156496395c000001,yesno,are conserved noncoding elements associated with the evolution of animal body plans,train
534ab91eaeec6fbd07000012,list,which genes were found to be methylated in bladder cancer cells,internal_test_LOCKED
56ae69fb0a360a5e4500000d,yesno,are dna methylation maps applicable to the diagnosis of non small cell lung carcinomas,train
56cdf4875795f9a73e000040,factoid,which domain of tia 1 is necessary for stress granule assembly,train
550aef0ec2af5d5b7000000a,yesno,is the protein product of the cylindromatosis gene cyld a deubiquitinating enzyme,train
532dcfc9d6d3ac6a34000021,factoid,what is the characteristic domain of histone methyltransferases,train
56af5abb0a360a5e45000012,summary,what is smfish,validation
51740da48ed59a060a000024,list,which are the bioinformatics tools for gene structure prediction,train
5543829fed966d112c000009,factoid,which is the major phytoalexin in alfalfa medicago sativa l,validation
517151f28ed59a060a000008,summary,what is the correlation between sparc expression and growth inhibition in human cancer,train
56f564f909dd18d46b000009,factoid,which syndrome is associated with mutations in the lyst gene,train
531d34be267d7dd053000004,yesno,has the presence of delayed enhancement been documented in athletes performing strenuous exercise,train
516d4770298dcd4e51000076,summary,how does dronedarone affect thyroid hormone signaling in the heart,validation
51766e438ed59a060a000031,list,name the factors required for selenoprotein synthesis in eukaryotes,validation
570a8dcfcf1c325851000027,summary,what are the functions of the escrt machinery,train
552435602c8b63434a000009,list,which genes proteins have been found to inhibit cyclin dependent kinase 4 cdk4,train
51602609298dcd4e5100003a,summary,what is the role of trh in hypertension,train
52b2f09f4003448f55000008,yesno,is triadin involved in cardiac function,train
54f21b69c409818c32000007,list,which disorders are associated to mutated hepcidin hamp,train
550618f58e1671127b000007,factoid,which protein is the main inhibitor of protein phosphatase 1 pp1,train
56ccccf55795f9a73e000037,summary,what is the role of nets in systemic lupus erythematosus,train
56cdf5195795f9a73e000045,factoid,which protein is required for argonaute 2 recruitment to stress granules and p bodies,train
51487821d24251bc0500002f,yesno,is mammaprint approved by the united states food and drug administration,validation
552446612c8b63434a00000c,summary,what is known as von hippel lindau disease or syndrome,train
5509ec41c2af5d5b70000006,yesno,is her2 active only when it dimerizes,validation
51487dead24251bc05000030,factoid,which pharmacogenetic test is available for abacavir,train
53636e727d100faa0900000d,yesno,are microrna mir regulated through dna methylation of their promoters,train
513596225274a5fb0700000d,yesno,are nucleosomes positioned at dna replication origins,internal_test_LOCKED
52e203bc98d0239505000011,list,which are the most under represented oligonucleotides in higher eukaryote genomes,train
54d901ec4b1fd0d33c000006,yesno,does nimotuzumab improve survival of glioblastoma patients,internal_test_LOCKED
515df86a298dcd4e5100002e,list,list co morbidities that may occur together with stiff man syndrome,train
553f5a20ab98a37113000006,summary,which mechanisms underlie adaptive mutagenesis stationary phase mutagenesis in bacillus subtilis,train
56be2570ef6e39474100000d,list,what personality traits can be evaluated with the ten item personality inventory,train
5322d3cb9b2d7acc7e000010,list,which are the enzymes involved in the control of tubulin acetylation,train
5321b8a39b2d7acc7e000009,yesno,is there a relation between anp and transcapillary albumin escape,validation
515de748298dcd4e51000023,list,list all approved indications for glivec,internal_test_LOCKED
54dfbed11388e8454a000008,list,which proteins induce inhibition of line 1 and alu retrotransposition,train
56d34fbcf22319765a000009,yesno,can chronological age be predicted by measuring telomere length,train
53147b52e3eabad021000015,factoid,what is a benefit of being g6pd deficient,train
56c904745795f9a73e00001c,summary,describe the usefulness of macrostomum lignano in ion channel and stem cell research,validation
514cbbf9d24251bc05000065,yesno,is there an association between c reactive protein concentrations and outcomes of subarachnoid hemorrhage patients,internal_test_LOCKED
52bf1f2d03868f1b06000015,factoid,which drug is benserazide usually co administered with,train
52bf19f703868f1b06000002,factoid,what is the inheritance pattern of catecholaminergic polymorphic ventricular tachycardia cpvt caused by ryr2 mutations,internal_test_LOCKED
515db54c298dcd4e51000016,summary,what is the insure procedure in premature babies,train
5149aafcd24251bc05000045,list,which are the available biomedical text mining tools for the detection of protein protein interactions,train
5503167be9bde69634000028,summary,how thyrocyte destruction is induced in autoimmune thyroiditis,train
570917bccf1c325851000015,factoid,do a type lamins bind euchromatin or heterochromatin,internal_test_LOCKED
5519a7d5622b194345000015,factoid,which is the most abundant membrane protein on earth,internal_test_LOCKED
53372b66d6d3ac6a34000057,yesno,can rnaseq be used for the analysis of nascent transcripts,internal_test_LOCKED
56e310a151531f7e33000017,yesno,do rna dna hybrids preferentially form in high or low gc regions,train
51600ab3298dcd4e51000036,list,which are the most commonly reported pathological states associated with the formation of dna g quadruplexes,train
56a292ae496b62f23f000001,yesno,are shadow enhancers associated with development,internal_test_LOCKED
53319653d6d3ac6a3400003e,yesno,does prudent diet reduce cardiovascular risk,validation
56cae40b5795f9a73e000022,yesno,is crohn s disease cd linked to the consumption of refrigerated food,train
56c1f000ef6e394741000037,list,which drugs are included in tas 102,train
52f21e8f2059c6d71c00000c,factoid,what is the most probable defect underlying triple negative breast cancer,train
56c036afef6e394741000019,summary,what causes erucism,train
5710eec5a5ed216440000004,summary,how does hst5 histatin 5 affect infections by candida glabrata,train
5147c8a6d24251bc05000027,factoid,which enzyme is deficient in krabbe disease,train
553a54babc4f83e828000019,yesno,are there conserved noncoding elements cnes in plant genomes,train
551ae73b6b348bb82c000001,summary,which is the localization of the rifin family of proteins,train
515db20e298dcd4e51000014,list,what are the current treatments for generalised anxiety disorder in teenagers,train
530cf4fe960c95ad0c000009,yesno,can tetracycline affect tooth formation,train
54f60ea05f206a0c06000009,factoid,is there any genetic determinant of hair pigmentation that could be useful in forensic analyses,validation
54f2f81664850a5854000003,summary,what is the suggested clinical management of fanconi anemia,train
530cf4fe960c95ad0c000003,yesno,could catecholaminergic polymorphic ventricular tachycardia cpvt cause sudden cardiac death,internal_test_LOCKED
530cf4fe960c95ad0c000002,yesno,does apolipoprotein e apoe have anti inflammatory activity,train
54cf6d40f693c3b16b00000e,list,which drugs acting via bradykinin system are effective for treatment of ace inhibitor induced angioedema,train
530cf4fe960c95ad0c000005,yesno,is the ace inhibitor indicated for lung cancer treatment,train
515bf6d6298dcd4e51000004,list,which forms of cancer is the tpl2 gene associated with,validation
530cf4fe960c95ad0c000007,list,what are the indications for hydrochlorothiazide,train
55425615ed966d112c000003,yesno,are genes symmetrically distributed between leading and lagging dna strand in bacteria,train
52bf1cb303868f1b0600000b,list,what hand deformities do patients with apert syndrome present with,internal_test_LOCKED
531616bdb166e2b806000003,yesno,is c myc subject to regulation by the circadian clock,internal_test_LOCKED
51631154298dcd4e5100004e,factoid,what disease is velcade bortezomib mainly used for,train
5539029cbc4f83e828000012,list,which genes are thought to be involved in medulloblastoma development,train
52fb78572059c6d71c000067,factoid,what is the prevalence of short qt syndrome,train
5300aad02059c6d71c000080,list,which sports have a risk for commotio cordis,train
531c380db166e2b80600003f,yesno,is there an increase in ultrasound comets after intense exercise,train
56c1f031ef6e39474100004e,summary,describe hot water reflex epilepsy,train
55181d1e6487737b43000008,list,what are the breath test biomarkers of pulmonary tuberculosis,train
553e1aa5a3cf796f71000003,list,what types of dna mutations are induced by 2 hydroxy datp 2 oh datp,train
56c08702ef6e394741000024,list,which diseases can be treated with afamelanotide,train
535917f3c95abccd6f000001,summary,which is the mechanism used by bacteria to induce tumors in arabidopsis,train
57135fae1174fb1755000004,yesno,can cffdna be used for non invasive testing,train
56c1f034ef6e394741000050,list,list features of the perry syndrome,internal_test_LOCKED
54cf45e7f693c3b16b00000a,factoid,which is the main calcium binding protein of the sarcoplasmic reticulum,train
51680b0e298dcd4e51000065,yesno,is the ugt1a1 28 polymorphism associated with irinotecan response in caucasians,train
571f5d3e0fd6f91b6800000a,list,for which diseases members of the 2 aminobenzamide class of histone deacetylase hdac inhibitors show promise as therapeutics,train
56cab4c75795f9a73e00001f,yesno,do u6 associated proteins lsm4 and lsm6 interact with smn,train
52fc94db2059c6d71c000074,list,list anti amyloid beta monoclonal antibodies that have been investigated in clinical trials for treatment of alzheimer disease,train
56cf2a153975bb303a000004,yesno,does mviia and mviic bind to the same calcium channel,train
5544e4635beec11c10000007,summary,what is the idea behind the fractal globule that has been proposed as a model of chromatin conformation in the nucleus of a cell,train
516e5f25298dcd4e5100007d,list,which anticancer drugs target human topoisomerase ii,validation
56af573b0a360a5e45000011,summary,what is shape seq,train
52fc8b772059c6d71c00006e,list,which are the known inhibitors of the tpl2 map3k8 protein,validation
54ede95c94afd6150400000a,factoid,what is the mode of inheritance in fanconi anemia,train
553ccbaef32186855800000f,summary,describe the involvement of conserved noncoding sequences in the regulation of hox genes,train
56c0ea0aef6e394741000029,summary,give an overview of visualizing genomes with oligopaint fish probes,train
56a38f9b496b62f23f000004,summary,what is targeted chromatin capture t2c,train
5324d0429b2d7acc7e000023,summary,what are the reported adverse effects of topical minoxidil,train
56f7d9dd09dd18d46b000014,yesno,is arimoclomol a co inducer of the heat shock response,train
52f896d62059c6d71c000046,factoid,what memory problems are reported in the gulf war syndrome,train
56be14c7ef6e39474100000a,summary,describe heyde syndrome,train
536172d17d100faa09000009,yesno,has silicon been used in treatment of incontinence,train
553fca6054168f6c79000002,list,which proteins compose the error prevention go 8 oxo g system in pseudomonas putida,validation
52ee065d98d0239505000033,list,list five applications of machine learning algorithms in medical diagnosis,train
56ebfac12ac5ed1459000001,yesno,does the 3d structure of the genome remain stable during cell differentiation,validation
54fc58df6ea36a810c000004,summary,what is the main biological function of the crispr cas9 genome editing system,validation
516d4b27298dcd4e51000077,yesno,does dronedarone affect t3 and t4 levels,train
56bf4035ef6e394741000010,summary,what is 2d 4d ratio in athletes,validation
52fc94932059c6d71c000072,summary,what is the association between moon cycle and rupture risk of intracranial aneurysms,validation
5314d05adae131f84700000d,summary,what is the role of brain natriuretic peptide in traumatic brain injury patients,train
56c04412ef6e39474100001b,factoid,which molecule is targeted by daratumumab,validation
52f899952059c6d71c00004b,factoid,which mutation is associated with plms periodic limb movements in sleep,train
53161545b166e2b806000002,factoid,which dna repair system is involved in hnpcc,train
56ae6e650a360a5e4500000e,factoid,mention the only available genomics and developmental transcriptomics resource for the urochordate oikopleura dioica,train
55032785e9bde69634000031,summary,what is the association between nt probnp and cognitive function,train
56d094f33975bb303a000012,list,list functional roles of the ftsz protein,train
550e866271445a662f000005,list,intetumumab has been tested in clinical trials for treatment of which cancers,train
533ada5efd9a95ea0d000001,summary,is there any evidence of dysregulated long non coding rnas and alzheimer s disease,internal_test_LOCKED
5314bd7ddae131f847000006,factoid,which hormone receptor function is altered in patients with donohue syndrome,train
513f4892bee46bd34c000014,yesno,does triiodothyronine t3 has cardiac angiogenic effects,internal_test_LOCKED
54d8f37b4b1fd0d33c000004,yesno,is the hrc ser96ala variant associated with sudden cardiac death in patients with dilated cardiomyopathy,train
5512c91b6a8cde6b7200000b,yesno,are braf mutations common in melanoma,train
511a1e12df1ebcce7d000009,yesno,is it possible to determine the proteome of a formalin fixed and paraffin embedded ffpe tissue,train
54f48cb74e9bf3263f000001,summary,what is known about type d personality trait in cancer patients,train
56acc7ca0a360a5e45000002,list,list available tools for genomic visualisation in comparative genomics,internal_test_LOCKED
515ffc2b298dcd4e51000035,list,which species may be used for the biotechnological production of itaconic acid,train
5321badd9b2d7acc7e00000a,list,which types of cancer can be recognized and treated by the use of immunotherapy,train
55180ef46487737b43000006,factoid,what is the typical rash associated with gluten,validation
5540eda30083d1bf0e000006,list,which proteins constitute the methyl directed mismatch repair system mmr in bacteria,train
550311dae9bde69634000018,yesno,is aganglionic megacolon a feature of down syndrome,train
51716e808ed59a060a00000b,factoid,which is the vector of louping ill virus,validation
56c5a7605795f9a73e000002,yesno,does hur protein regulate the splicing process,train
55030a6ce9bde6963400000f,yesno,is titin the largest single protein molecule found in nature,internal_test_LOCKED
532f043ed6d3ac6a34000023,summary,what is the role of mef 2 in cardiomyocyte differentiation,train
56cdf3745795f9a73e000039,list,which are the main components of mtorc1,train
5545d847bf90a13052000006,summary,what is the the menzerath altmann law,train
554101d0234c5a7c75000002,list,which receptor s recognize lysosomal hydrolases in trans golgi network tgn,train
5508685b4b2a315d4100000a,list,list the diseases that can be treated using vedolizumab,internal_test_LOCKED
515df89e298dcd4e5100002f,yesno,can clonidine be used to reduce agitation in children,validation
53592c1e9a4572de6f000002,factoid,which value of nuchal translucency thickness is set as the threshold for high risk for down syndrome,train
532627d0d6d3ac6a34000001,yesno,does ventriculoperitoneal shunt improve normal pressure hydrocephalus,train
51680b05298dcd4e51000064,yesno,does serca2a bind pln in the heart,train
56f553e309dd18d46b000006,factoid,what is the function of the spliceosome complex,train
56d1d56b67f0cb3d66000004,yesno,is there any role for long noncoding rnas in adipogenesis,train
553fac39c6a5098552000001,list,which genes code for the alpha subunit of the dna polymerase iii in most firmicutes,train
532bf6f2d6d3ac6a34000015,yesno,is there any research that relates the function of notch signaling with alzheimer disease,train
51be03c4047fa84d1d000004,summary,describe the known functions for the prothymosin alpha c terminal peptide,internal_test_LOCKED
54fc845e6ea36a810c000005,yesno,was modafinil tested for schizophrenia treatment,train
5541ffc3472cfd8617000004,summary,what is the role of the ada o6 alkylguanine alkyltransferase in bacteria,internal_test_LOCKED
56cf4b623975bb303a00000a,list,list the neurotransmitters that are metabolized by maoa,validation
55450521bf90a13052000001,factoid,what is the effect of enamel matrix derivative on pulp regeneration,validation
514cc8dcd24251bc05000066,yesno,is depression associated with poor prognosis of brain tumor patients,train
51430930d24251bc0500000b,summary,super silac is a method used in quantitative proteomics what is the super silac mix silac stable isotopic labelling by aminoacids in cell culture,train
533c390bc45e13371400000b,factoid,what is an acceptable sequence coverage depth required for human whole exome sequencing,train
531a3a58b166e2b806000037,factoid,to what extent does hpv vaccination reduce the risk for cervical cancer,validation
5161cfa3298dcd4e5100003d,yesno,have germline variants been associated to colorectal cancer,train
5156beb4d24251bc05000089,yesno,can alzheimer s disease related mirnas be detected in patients blood,train
5339edd6d6d3ac6a34000061,factoid,which is the clinical meaning of the presence of delayed enhancement in patients with hypertrophic cardiomyopathy,train
5156be17d24251bc05000086,factoid,what disease is mirtazapine predominantly used for,train
54cf449cf693c3b16b000009,yesno,is it possible to visualize subtahalamic nucleus by using transcranial ultrasound,train
516e5f10298dcd4e5100007c,factoid,is cancer related to global dna hypo or hypermethylation,internal_test_LOCKED
533e50fdc45e13371400000f,yesno,do thyroid hormone receptors change after brain injury,internal_test_LOCKED
54f0985994afd6150400001a,summary,what is known about efficacy of the high dose intravenous ascorbate in the treatment of cancer patients,train
5540b9800083d1bf0e000002,factoid,alpha spectrin and beta spectrin subunits form parallel or antiparallel heterodimers,train
5321ae889b2d7acc7e000006,yesno,is gastro esophageal reflux related to burning mouth syndrome,train
516545a8298dcd4e51000056,factoid,which is the protein antigen targeted by anti vel antibodies in the vel blood group,internal_test_LOCKED
52bf1d6003868f1b0600000e,list,which are the subtypes of pfeiffer syndrome,train
513cdc38bee46bd34c000007,yesno,is thrombophilia related to increased risk of miscarriage,train
514c3fd7d24251bc05000062,factoid,intact macromolecular assemblies are analysed by advanced mass spectrometry how large complexes in molecular weight have been studied,train
56c1f01cef6e394741000044,factoid,what is targeted by palbociclib,train
56b1f4300a360a5e4500001b,factoid,which peptide plays a pivotal role in human cystatin c fibrillization,train
56af7b820a360a5e45000014,summary,what is chirp seq chromatin isolation by rna purification sequencing,train
5167d47e298dcd4e5100005e,summary,what is the use of mammaprint and oncotype dx,validation
56c313d150c68dd416000002,yesno,does nifedipine inhibit l type calcium channels,train
54d76ac63706e89528000016,yesno,is there any data to suggest that trh thyrotropin releasing hormone administration can improve symptom severity of amyotrophic lateral sclerosis patients,validation
5709f646cf1c325851000021,summary,how can duf families be deciphered,train
515c4f1f298dcd4e51000007,list,which genes does thyroid hormone receptor beta1 regulate in the heart,train
54297ed2289fd6cb07000001,yesno,can sirna affect response to afatinib treatment,internal_test_LOCKED
5325fdf0600967d132000001,factoid,what is the gold standard treatment for iatrogenic male incontinence,internal_test_LOCKED
5357b36cf1005d6b58000006,factoid,which is the main chek2 genetic variant thought to be involved in familial breast cancer,train
54f49e56d0d681a040000004,yesno,is there an association between presenteeism and depression,train
52f88d292059c6d71c000036,list,which hormone abnormalities are common in williams syndrome,validation
5509ba931180f13250000001,summary,what is the treatment of choice for gastric lymphoma,train
553f96191d53b76422000004,list,which assays can be used for detecting dna fragmentation resulting from programmed cell death apoptosis,train
517a8a718ed59a060a00003e,yesno,does triiodothyronine stimulate red blood cell sodium potassium pump,validation
530f900ee3eabad021000003,factoid,which hormone concentrations are altered in patients with the allan herndon dudley syndrome,train
56c1f00aef6e39474100003d,yesno,is selumetinib effective in thyroid cancer,train
54e8c7220fc566b149000002,factoid,where in the cell does the proteins s100a4 and p53 interact,validation
5325a1a69b2d7acc7e000025,summary,what are the applications of a dermaroller,train
56cae51f5795f9a73e000025,yesno,are immune cells affected in amyotrophic lateral sclerosis,train
571e3e2abb137a4b0c000008,yesno,are oatp1b1 and oatp1b3 associated with bilirubin transport,internal_test_LOCKED
54f1e4d0c409818c32000002,summary,what is the mechanism of action of eprotirome,train
56bf5b0cef6e394741000014,summary,what is the role of music therapy in coma patients,validation
517194ef8ed59a060a000011,factoid,which is the causative agent of malaria,train
53551206a0726bee57000001,factoid,what is the major adverse effect of adriamycin doxorubicin,train
56c3104c50c68dd416000001,summary,what is gdf10,validation
531b4269b166e2b80600003e,yesno,is thyroid hormone therapy indicated in patients with heart failure,train
54edf05494afd6150400000e,yesno,is there a mouse model for fanconi anemia,train
553fb11fc6a5098552000003,yesno,could hyperthermic intraperitoneal chemotherapy hipec be effective for the treatment of recurrent ovarian cancer,train
56ffdc1ccf1c32585100000b,factoid,which is the most common editing modification in eukaryotic mrna,internal_test_LOCKED
5319abc9b166e2b80600002d,yesno,is rac1 involved in cancer cell invasion,train
54de15f91388e8454a000002,list,which are the apobec3 protein family members able to inhibit vif deficient hiv 1 replication,train
56d8ba1851531f7e33000005,yesno,is the gene slc6a2 associated with orthostatic intolerance,train
5172e9448ed59a060a000018,summary,other than protein coding potential what features set apart long non coding rnas from protein coding genes,train
56c863385795f9a73e000015,yesno,is macitentan an et agonist,train
530b4f49970c65fa6b00000a,yesno,can we use platelet biomarkers to study alzheimer s disease,validation
5306158358348c0f52000001,list,which genetic defects are observed in prader willi syndrome,validation
56cae3eb5795f9a73e000021,factoid,what is the most likely age of diagnosis of crohn s disease cd,train
51682c52298dcd4e51000067,summary,how does thyroid hormone affect insulin resistance in the heart,train
5149af96d24251bc05000046,list,which are the state of the art computational tools for the prediction of gene fusion events,train
53175e25b166e2b806000007,yesno,is chek2 involved in cell cycle control,validation
56c07ef5ef6e394741000023,summary,describe mechanism of action of plx3397 drug,validation
5509bd6a1180f13250000002,factoid,what disease is small bowel lymphoma commonly associated with,validation
530c7fa4970c65fa6b000012,yesno,are the proteins erbin lap2 and merlin cooperating,train
54e0d7471388e8454a000015,factoid,which molecule is targeted by a monoclonal antibody secukinumab,train
54f9c40ddd3fc62544000001,factoid,which calcium calmodulin dependent protein phosphatase is involved in the activation of the family of nfat transcription factors nuclear factors of activated t cells,train
515debe7298dcd4e51000026,yesno,is abdominal pain a common symptom in autism,train
56f6ab7009dd18d46b00000d,yesno,are cyclophilins ubiquitously expressed,internal_test_LOCKED
56e5aeec0c19e5451d000002,yesno,are adenylyl cyclases always transmembrane proteins,train
532ff917d6d3ac6a34000038,factoid,what histone trimethylation has been associated to rna splicing,internal_test_LOCKED
569e7721ceceede94d000001,factoid,what was the purpose of the fantom4 project,internal_test_LOCKED
53302bced6d3ac6a34000039,yesno,does low t3 negatively affect prognosis of patients after cardiac surgery,train
52f89a002059c6d71c00004c,summary,which deficiency is the cause of restless leg syndrome,train
56e460d051531f7e33000019,list,list the results of mutated casein kinase 1 epsilon,internal_test_LOCKED
56c1d846ef6e39474100002e,yesno,does neuroglobin has neuroprotective properties in the setting of traumatic brain injury,validation
5156be04d24251bc05000085,factoid,what gene test is recommended for clopidogrel,train
56a24dfffe92d6fd19000002,factoid,what is the role of eteplirsen in dmd patients,validation
56c1f033ef6e39474100004f,summary,describe clinical presentation of parkinsonism with dementia of guadeloupe syndrome,train
533eb89fc45e133714000012,yesno,does the concentration of protein hif 1α increase after the administration of the cytoprotective prodrug amifostine ethyol,train
514a11add24251bc05000054,list,which diseases can oncotype dx be used for,train
5165932e298dcd4e51000059,list,which are the dna cytosine 5 methyltransferases inhibitors,train
54cf42bdf693c3b16b000007,summary,describe armoured brain syndrome,train
5131bef65274a5fb07000008,list,which are the main histone modifications associated with enhancers,train
530f7d7fe3eabad021000002,summary,what is the role of thyrotropin releasing hormone in the treatment of comatose patients,train
5139ec51bee46bd34c000006,yesno,do conserved noncoding elements act as enhancers,validation
54edef0594afd6150400000d,yesno,can the ips cell technology be used in fanconi anemia therapy,train
5324ce779b2d7acc7e00001e,factoid,which drug is considered as the first line treatment of fibromyalgia,validation
5544da8f5beec11c10000004,summary,what are the signatures of aggressive periodontitis,train
56b773a96e3f8eaf4c000003,list,with which complexes is the protein sus1 associated,validation
52b2ed144003448f55000004,yesno,can preimplantation genetic diagnosis pgd be used for gender selection,train
56ebee26107309bc2f000002,summary,what is the principle of atac assay for transposase accessible chromatin technique,train
5516757c46478f2f2c000008,list,which are the main nmd factors in saccharomyces cerevisiae,train
5160412d298dcd4e5100003c,list,which histone marks are deposited by set7,internal_test_LOCKED
5322de919b2d7acc7e000012,yesno,has proteomics been used in the study of the dry eye syndrome,train
56c3184050c68dd416000003,factoid,what is the indication for isradipine,train
54df6ed91388e8454a000007,list,list non surgical treatment modalities that are included in the stupp protocol,train
54e22b62ae9738404b000011,list,which genes are associated with ehlers danlos syndrome type i ii,validation
551adceb622b194345000018,list,which factors are considered in the abcd2 score,train
52b06a68f828ad283c000005,yesno,is tuberous sclerosis a genetic disease,train
56c1f03cef6e394741000054,yesno,does trim37 gene mutation causes mulibrey nanism,train
534bf050aeec6fbd07000015,yesno,have thyronamines effects on fat tissue,train
52f7c91f2059c6d71c00002e,summary,what is the genetic basis of progeria,train
55421398ccca0ce74b000001,factoid,what type of dna repair pathways is initiated by alka glycosylase,train
530c7cfd970c65fa6b00000c,yesno,is there any protein that undergoes both mono ubiquitination and poly ubiquitination,train
532f0b2cd6d3ac6a3400002c,list,which are the musculoskeletal manifestations of marfan syndrome,train
54d7b457e19bba8909000004,summary,what is the proteomic ruler,train
54dfce9b1388e8454a00000b,summary,what is the mechanism by which hiv 1 encoded vif protein allows virus replication,train
5512c1ee6a8cde6b72000009,list,which proteins are the different isoforms of the p38 map kinase,train
5709f212cf1c325851000020,yesno,are pseudogenes enriched with housekeeping protein families,internal_test_LOCKED
553ba7b7f321868558000006,summary,what is the mechanism of cementogenesis in pulp regeneration,train
515db70c298dcd4e51000017,list,what are the reported adverse effects of gabapentin used in children,train
532f05a5d6d3ac6a34000025,summary,what is the effect of ranolazine in diastolic heart failure,internal_test_LOCKED
553c8fd1f32186855800000a,summary,elaborate on the potential efficacy of gemcitabine for the treatment of recurrent platinum resistant epithelial ovarian cancer,train
57092f9bcf1c32585100001b,summary,how does foxa transcription factor exhibits its pioneering function,train
54fb5c69d176fff445000003,list,which are the 3 basic transcription factors that have been used for the direct reprogramming of fibroblasts into cardiomyocytes or cardiomyocyte like cells,validation
530cf4c54a5037880c000008,factoid,what is the name of bruton s tyrosine kinase inhibitor that can be used for treatment of chronic lymphocytic leukemia,internal_test_LOCKED
5151b8efd24251bc0500007a,yesno,is physical performance influenced by thyroid hormone metabolism,train
553d0005f321868558000011,yesno,do plant genomes contain cpg islands,train
553a761cf321868558000001,summary,describe the isolation of transcription factor complexes by in vivo biotinylation tagging and direct binding to streptavidin beads as applied for the case of the essential hematopoietic transcription factor gata 1,train
530cf4c54a5037880c000002,yesno,are high flow nasal cannulae effective for treatment of preterm infants,train
54edf1ee94afd6150400000f,summary,what are the molecular characteristics of the faa fanca cdna,validation
571f356f0fd6f91b68000006,summary,what are the skeletal muscle satellite cells,internal_test_LOCKED
56bce51cd36b5da37800000a,summary,what is the role of neurogranin in alzheimer s disease patients,train
51682382298dcd4e51000066,yesno,does triiodothyronine play a regulatory role in insulin secretion from pancreas,internal_test_LOCKED
54f2210164850a5854000001,factoid,how many disulfide bridges has the protein hepcidin got,internal_test_LOCKED
5324d12b9b2d7acc7e000024,summary,what is the association between gerd and gluten,validation
5357b9bcf1005d6b58000008,list,which are the major intramolecular phosphorylation sites of human chk2 involved in cell cycle control,train
54f482d264850a5854000009,yesno,is the histidine rich calcium binding protein hrc related to arrhythmias and cardiac disease,internal_test_LOCKED
5542644fed966d112c000004,list,which are the methods for in silico prediction of the origin of replication ori among bacteria,train
5319a83bb166e2b80600002c,summary,what is the use of emulsion pcr in next generation sequencing,train
531481ade3eabad021000016,yesno,can adult humans be induced to produce fetal hemoglobin,train
52ed27c098d0239505000030,summary,what is the role of thyroid hormone in stem cell differentiation,internal_test_LOCKED
55242d512c8b63434a000006,factoid,which receptors can be evaluated with the 18f altanserin,internal_test_LOCKED
550316a6e9bde69634000029,list,which diseases have been associated with the ptpn22 620w allele,internal_test_LOCKED
513f45abbee46bd34c000013,list,which extra thyroid tissues have thyrotropin tsh receptors,train
56ddbbaf51531f7e33000009,list,which histone modifications distinguish between promoters and enhancers,train
54e0ba781388e8454a000011,factoid,where is the metaxin complex localized,internal_test_LOCKED
517843638ed59a060a000036,list,what are the major classes of retrotransposons active in the human genome,train
55031286e9bde6963400001b,list,which are the clinical characteristics of diamond blackfan anemia,train
5335f053d6d3ac6a34000055,factoid,how can the expression of serh3 immobilization antigen be regulated,train
533ec7abc45e133714000015,list,which factors play a role in promoter proximal pausing of rna polymerase ii,validation
54ecb640445c3b5a5f000001,list,which are the main clinical features of fanconi anemia,validation
56f6c11109dd18d46b00000e,factoid,which is the receptor for the immunosuppressive drug cyclosporin a csa,validation
513f3d1fbee46bd34c000010,list,which drugs may interfere thyroxine absorption,train
533581f5d6d3ac6a3400004d,yesno,is turcot syndrome associated with glioblastoma,validation
536e46f27d100faa09000012,factoid,which is the gene most commonly mutated in tay sachs disease,internal_test_LOCKED
553f7a71ab98a37113000009,list,in which types of dna repair is the uvrab complex involved,train
531e2695267d7dd05300000f,factoid,what is the localization of the protein encoded by the gene dnajc11,train
5502abd1e9bde69634000008,yesno,is calcium calmodulin dependent protein kinase ii camkii involved in cardiac arrhythmias and heart failure,train
515df199298dcd4e5100002a,factoid,what is the lay name of the treatment for ccsvi chronic cerebro spinal venous insufficiency in multiple sclerosis,train
53148a07dae131f847000002,factoid,which hormone abnormalities are characteristic to pendred syndrome,train
52eea4dcc8da89891000000c,factoid,what is the mode of inheritance of long qt jervell and lange nielsen syndrome,train
53355befd6d3ac6a34000046,list,list programs suitable for protein docking,train
52f89f4f2059c6d71c00004e,list,which genes have been found mutated in gray platelet syndrome patients,train
56c85ed65795f9a73e000012,factoid,does dasatinib promote or inhibit t cell proliferation,validation
53314c98d6d3ac6a3400003b,yesno,does scrib deregulation promote cancer,train
531d3dc0267d7dd053000005,yesno,is cardiac magnetic resonance imaging indicated in the pre participation screening of athletes,train
51542e84d24251bc05000083,yesno,is imatinib an antidepressant drug,internal_test_LOCKED
551af9106b348bb82c000002,summary,what is the function of the mth1 enzyme in cancer cells,train
55413142182542114d000002,yesno,are ultraconserved elements depleted among copy number variants cnvs,train
5156be5ed24251bc05000087,yesno,is the microrna 132 mir 132 involved in brain pathologies,train
533c38b3c45e133714000009,factoid,what is an approximate number of ctcf binding sites in the human genome,internal_test_LOCKED
516c220e298dcd4e51000071,yesno,does cucumber lower blood sugar in diabetics,train
550712739d0faaa527000008,list,which mutations in the cardiac isoform of the ryanodine receptor ryr2 have been found to be related to cpvt,train
51542e6fd24251bc05000082,factoid,which population has a high frequency of the hla b 1502 allele,train
54edeb4394afd6150400000b,summary,what are the observations regarding telomere integrity and function in fanconi anemia,train
5522fadb7b523f2123000001,yesno,are notch mutations related to t cell acute lymphoblastic leukemia t all,train
52f1287d2059c6d71c000008,summary,what is the role of the tsix gene during x chromosome inactivation,train
54f4c382d0d681a040000006,yesno,is the protein fak focal adhesion kinase phosphorylated,train
53442023aeec6fbd07000007,factoid,which is the substrate of the haspin kinase during mitosis,train
511a20f3df1ebcce7d00000c,list,which are the most widely reported side effects in the treatment of crohn s disease,internal_test_LOCKED
534427f8aeec6fbd07000009,factoid,are most driver gene mutations synonymous or non synonymous,internal_test_LOCKED
550889db098a1b487b000005,summary,what is the advantage of neutral loss detection in phosphoproteomics,internal_test_LOCKED
551c2c276b348bb82c00000c,yesno,does ghrelin play a role in ischemic stroke,internal_test_LOCKED
554500065beec11c1000000b,summary,what is the mechanism of drug induced gingival overgrowth,train
56e6f419a12c1fc13b000002,yesno,is lps a microbial product,internal_test_LOCKED
533abc76d6d3ac6a34000064,factoid,which cyclin dependent kinase inhibitor is regulated by bmi 1,train
518cca6f310faafe0800000a,list,which micrornas are involved in exercise adaptation,train
51be1750047fa84d1d000005,yesno,has field programmable gate array fpga technology been used to solve sequence alignment problems,validation
5717cdd2070aa3d072000001,list,list inhibtors targeting the mitochondrial permeability transition pore,train
56d03a4d3975bb303a00000c,summary,what is ceritinib,train
571f5c150fd6f91b68000009,factoid,which protein is found to be mutated in friedreich s ataxia,train
51387022bee46bd34c000002,factoid,which is the process that conserved noncoding elements mostly regulate,train
5178444e8ed59a060a000037,summary,what is the main mechanism by which human papillomavirus proteins e6 and e7 contribute to cell transformation,train
56d1fd67f22319765a000002,list,list bacterial species identified in the iceman tissues,train
56df03c751531f7e3300000a,factoid,which properties of the mrna does n6 methyladenosine m6a affect,train
5539062dbc4f83e828000013,summary,what is the implication of histone lysine methylation in medulloblastoma,train
54f616cd5f206a0c0600000c,summary,what is the orco protein in mosquitos,train
517775c78ed59a060a000033,list,list some ways to reverse tau hyperphosphorylation in tauopathies,internal_test_LOCKED
56c5ade15795f9a73e000003,summary,what is the role of 5hmc 5 hydroxy methyl cytocine in differentiation,validation
533be71dfd9a95ea0d000009,factoid,which is the histone residue methylated by mll1,train
56f157a52ac5ed1459000011,summary,what is crispri,train
56c8274f5795f9a73e00000d,factoid,which type of cells is affected in amyotrophic lateral sclerosis,train
52b2efcb4003448f55000005,yesno,is achondroplasia associated with hearing loss,internal_test_LOCKED
53455e0caeec6fbd0700000f,yesno,is the jnk pathway activated during liver regeneration,validation
56caf71b5795f9a73e00002d,yesno,is stat3 transcription factor regulated by mtorc1,train
56cafca85795f9a73e000030,summary,how is mtorc1 involved in the regulation of heat stress,validation
54e0dfa91388e8454a000018,list,list components of the crsp med complex,train
5545e65bd355485447000001,factoid,patients of which disease could be treated by utilizing knowledge obtained from experiments suppressing tdp 43 toxicity in yeast,train
517139098ed59a060a000004,yesno,is calcium overload involved in the development of diabetic cardiomyopathy,train
56f3faed09dd18d46b000002,factoid,what is the mechanism of viroid replication,internal_test_LOCKED
517539e68ed59a060a000028,list,which mitochondrial genes are regulated by thyroid hormone,validation
531464a6e3eabad021000014,factoid,mutation of which gene is associated with mcleod syndrome,train
532bfd15d6d3ac6a34000017,yesno,is rip1 rip 1 part of the necrosome,train
53124bdae3eabad02100000b,factoid,which is the molecular target of the immunosuppressant drug rapamycin,train
56c30ce99d3e5f1412000002,yesno,is the protein kcnq2 associated with idiopathic epilepsy,train
54fc91e96ad7dcbc12000001,factoid,pbt2 has been tested for which disorder,internal_test_LOCKED
532ad531d6d3ac6a34000013,summary,what is the basic secondary structure of the variable domains of a typical antibody,train
57092635cf1c325851000019,summary,how does long range epigenetic silencing lres occur,train
53318685d6d3ac6a3400003d,factoid,what is the mode of inheritance of acromicric dysplasia,train
571696d9cb4ef8864c000009,yesno,can rnapolii function as an rna dependent rna polymerase,validation
518cb5ab310faafe08000008,list,which are the best treatment options to treat helicobacter pylori,train
570a6d03cf1c325851000025,list,list sclerostin interaction partners,validation
56cd765b5795f9a73e000038,summary,under which conditions does ampk phosphorylate tsc2,validation
5326300fd6d3ac6a34000005,list,what imaging modalities have been listed as method of choice to diagnose csf leak,train
51be411b047fa84d1d000006,list,which are currently available software tools for detecting rare codon clusters in coding sequences,validation
511a3573df1ebcce7d000018,factoid,how many tissue kallikrein genes are present in the human genome,train
514a0f0ad24251bc05000052,yesno,does the oncotype dx test work with paraffin embedded tissues,internal_test_LOCKED
56c5c7915795f9a73e000004,factoid,where does ctcf colocalize with cohesin,internal_test_LOCKED
56be143eef6e394741000009,list,name triad of wernicke encephalopathy,train
52e7870a98d023950500001a,yesno,is the ptpn22 gene a biomarker for rheumatoid arthritis,train
5149e23dd24251bc0500004b,yesno,is marijuana use associated with increased risk for stroke,train
54db7217c4c6ce8e1d000003,list,how many and which are the different isoforms for the ryanodine receptor,train
56c865d25795f9a73e000016,factoid,which compound is a specific inhibitor for nox1 and nox4,train
550e828c71445a662f000002,factoid,which molecule is targeted by the drug gevokizumab,internal_test_LOCKED
5506a7a48e1671127b000008,list,which protein phosphatases have been found to dephosphorylate phospholamban,train
5133b9455274a5fb0700000c,list,what is the most prominent sequence consensus for the polyadenylation site,train
5715c16dcb4ef8864c000004,yesno,does fibronectin constitute a serum biomarker for duchenne muscular dystrophy,train
5509ce9ec2af5d5b70000001,summary,what colonoscopy findings have been reported in autism,train
56d12d643975bb303a000014,summary,what is a disordered protein,train
54f608f85f206a0c06000007,factoid,what is the drosophila melanogaster groucho protein,train
56c048acef6e39474100001c,factoid,which enzyme is inhibited by imetelstat,internal_test_LOCKED
515da5b5298dcd4e5100000f,summary,what is the catalytic mechanism of dna cytosine 5 methyltransferases,train
550748a3bde8548216000001,yesno,are mutations in the stxbp1 gene associated with epilepsy,train
5319a73cb166e2b806000026,summary,what is the mechanism of action of geldanamycin,train
512d0e635274a5fb07000005,factoid,which is the most widely used anti tnf drug,train
52f892782059c6d71c000039,summary,what is the association between number of pregnancies and rheumatoid arthritis,train
5318352fb166e2b806000011,yesno,is mitofusin 2 a receptor for parkin,train
532c0ac4d6d3ac6a3400001a,list,what are the main benefits of pharmacophore models,internal_test_LOCKED
53340ca4d6d3ac6a34000042,summary,how flaviviridae family of viruses infects vertebrates,internal_test_LOCKED
54d776453706e89528000018,summary,what was the aim of the hamlet clinical trial,internal_test_LOCKED
534289851eccfd0633000001,summary,can we use prodrug amifostine to protect healthy cell during chemotherapy,train
56ffd805cf1c32585100000a,factoid,which is the main difference between alu and b1 repeats,train
531d1279b166e2b806000042,yesno,is there a relationship between thyroid hormone altered metabolism and coronary artery disease,train
533ba85ffd9a95ea0d000008,factoid,what is the frequency of mutations induced spontaneously through ethylnitrosourea enu mutagenesis,validation
52f124a12059c6d71c000006,summary,what is the molecular pathogenesis of spinal muscular atrophy,train
52e7b7cb98d023950500001c,list,which drugs affect insulin resistance in obesity,validation
587f57f692a5b8ad44000002,summary,elaborate on the link between conserved noncoding elements cnes and fractality,train
58a2e5f760087bc10a000007,factoid,which is the primary protein component of lewy bodies,internal_test_LOCKED
58aa0a62396a458e50000007,yesno,are microtubules marked by glutamylation,validation
5881f0f1713cbdfd3d000004,summary,what is known about the kub5 hera rprd1b interactome,train
5891f9e549702f2e01000002,factoid,willis ekbom disease is also known as,validation
5895f9cf78275d0c4a000002,list,list two most common symptoms of aagenaes syndrome,validation
58a2fac960087bc10a000009,list,which are the side effects during tacrine administration in patients with alzheimer s disease,train
58a8962338c171fb5b000007,yesno,is synapsin a phosphoprotein,validation
58a0d87a78275d0c4a000053,yesno,is thalidomide currently a marketed drug,train
589c215778275d0c4a00003c,list,which enzymes synthesize catecholamines in adrenal glands,internal_test_LOCKED
58a9c532396a458e50000002,factoid,how many cysteines have alpha defensins,train
58a6bce660087bc10a000029,yesno,could brca gene test used for breast and ovarian cancer risk,train
58a5d7ef60087bc10a000026,summary,what is desomorphine,train
5896deff78275d0c4a000013,list,which two drugs are included in the harvoni pill,train
58a874c338c171fb5b000003,summary,what is the result of mff overexpression in mitochondria,internal_test_LOCKED
58a2da4260087bc10a000005,yesno,has glucose 6 phosphate dehydrogenase g6pd deficiency an x linked inheritance,train
58a3160d60087bc10a00000a,summary,what is ffi fatal familial insomnia,train
58a7fb2860087bc10a000034,list,which mutated genes are associated with the tourette s syndrome,train
5880be1dc872c95565000007,factoid,which enzyme is inhibited by niraparib,train
587f760792a5b8ad44000005,factoid,which peak calling algorithm employs mixture model clustering under the hood,validation
588fd8f3621ea6ff7e000001,list,data from which major epigenome projects are contained in the deepblue epigenomic data server,train
58846be0e56acf5176000005,list,which diseases that can be treated using the focused ultrasound thalamotomy,train
58a341a660087bc10a000017,yesno,is the toxin produced by clostridium botulinum always deadly,internal_test_LOCKED
588fa4b9ed9bbee70d000006,yesno,is ocrelizumab effective for treatment of multiple sclerosis,train
58837dd72305cd7e21000003,summary,elaborate on the role of carmen in cardiac specification,train
58848a13e56acf517600000d,yesno,is there a role of regorafenib for sarcoma treatment,train
589a246078275d0c4a00002a,factoid,which drug was tested in the temso trial for multiple sclerosis,train
58962dac78275d0c4a000005,summary,what is the mechanism of action of peginesatide,train
5891869b621ea6ff7e00000c,summary,describe mechanism of action of eteplirsen,train
58839d892305cd7e21000006,list,which genes of the marmoset genome exhibit rapid sequence evolution,validation
58a3261e60087bc10a00000c,summary,what is the importance of janus kinases in dermatology,train
58a2df9c60087bc10a000006,factoid,what is the incidence of beta thalassemia in greek population,train
587f5d6492a5b8ad44000003,yesno,is exon skipping correlated with exon circularization,train
5880aef4c872c95565000001,factoid,what is the target of daratumumab,validation
58a872bd38c171fb5b000002,factoid,which gene defect causes the vel blood type,train
58a5b01760087bc10a000023,yesno,is nadph oxidase 5 expressed in rodents,internal_test_LOCKED
58919aad621ea6ff7e00000d,list,list selective estrogen receptor degraders,train
5889f0ed3b87a8a73800000c,summary,what is the role of znf335 in microcephaly,train
5884c72fe56acf517600000f,factoid,what molecule is targeted by avelumab,train
5880acbb0a76a87357000003,summary,what are the exonic splice enhancers,train
58a989571978bbde22000002,summary,what are the birth defects associated with zika virus infection,train
589afa6978275d0c4a000039,summary,what is neisseria adhesin a,train
5880a8ec0a76a87357000001,factoid,which r package is used for the detection of chromosomal abnormalities from microarray data,train
587d2700fe8a08052f000001,list,list all the available databases of super enhancers,train
58a2efec60087bc10a000008,list,which are the consequences of the hyperphosphorylated tau in alzheimers disease,train
58aa0c6f396a458e50000008,factoid,which is the bonding hormone,train
58a5d54860087bc10a000025,summary,what causes scurvy,train
5895fc7e78275d0c4a000003,summary,describe clinical presentation of ambras syndrome,train
58a45d6060087bc10a00001d,list,which diseases are involved in the severe cutaneous reactions scar spectrum,internal_test_LOCKED
5891c90949702f2e01000001,factoid,which tool employs self organizing maps for analyzing synonymous codon usage,train
587e42032420191125000004,summary,what is mindy 1,validation
58a5723c60087bc10a00001e,summary,what is the benserazide s mechanism of function when co administered with l dopa in patients with parkinson s disease,train
587e3f4e2420191125000003,summary,what is regioner,train
58a0da5278275d0c4a000054,list,for what indications is thalidomide currently marketed,train
58a3264e60087bc10a00000d,summary,what are reactive metabolites,train
589c389278275d0c4a00003e,summary,what is the wearing off phenomenon in levodopa treated patients with parkinson s disease,train
58a0f95c78275d0c4a000055,summary,what are prions,validation
58a957a8cc344ae31e000001,yesno,does vitamin d induce autophagy,internal_test_LOCKED
5883868b2305cd7e21000005,summary,what is sqtlseeker,train
58a3423e60087bc10a000019,summary,what is creutzfeldt jakob disease cjd,train
5895b9ae7d9090f35300000a,summary,describe what is athelia syndrome,train
5896399978275d0c4a00000b,yesno,is rasa2 involved in melanoma,train
589c8ef878275d0c4a000042,summary,what is biocreative,validation
58a32edd60087bc10a000012,factoid,what is contrave prescribed for,train
58a2ced760087bc10a000004,factoid,which is the chromosome area that the human gene coding for the dopamine transporter dat1 is located to,train
58a877cf38c171fb5b000004,factoid,what type of mutation is causing the industrial melanism phenotype in peppered moths,train
58a3428d60087bc10a00001b,factoid,what gene is mutated in huntington s disease,internal_test_LOCKED
587e07023ec846c24f000001,factoid,which software package is available for the analysis of conserved genomic loci,internal_test_LOCKED
5895bc397d9090f35300000b,factoid,mutation of which gene is implicated in the christianson syndrome,train
58a9d3cd396a458e50000004,summary,what is eteplirsen exondys 51,train
587d3873ae41fa4569000002,summary,what are the sineups,train
58a8045860087bc10a000035,factoid,what is trichotillomania,validation
587f857b8ce3255b64000001,summary,what is the mechanism of action of raxibacumab,internal_test_LOCKED
58a8a51b7f77222767000001,summary,what is the effect of cpeb3 binding to the cpe domain,internal_test_LOCKED
58a6b98860087bc10a000028,yesno,is sumoylation a post translational modification in eukaryotes,train
58a9cd03396a458e50000003,summary,what is the shelterin complex,train
58a95c711978bbde22000001,factoid,what disease is the drug aducanumab targeting,train
58932cd87d9090f353000001,list,which human syndromes have been detected with fluorescence in situ hybridization fish,train
589a246378275d0c4a00002c,list,list symptoms of east syndrome,train
58a1c0f178275d0c4a000056,factoid,when did the polio vaccine becomes available,train
5894597e7d9090f353000004,yesno,is annexin v an apoptotic marker,train
589c42b178275d0c4a00003f,list,which are the lipid lowering drugs administered in patients with coronary artery disease cad,internal_test_LOCKED
58a3196360087bc10a00000b,summary,what are pd 1 inhibitors,internal_test_LOCKED
58a93877ee23e0236b000001,yesno,is the protein lefty an inhibitor of nodal,train
58a326da60087bc10a00000e,list,list drugs withdrawn from the market for cardiovascular adverse events,internal_test_LOCKED
5884793ce56acf5176000008,yesno,is migalastat used for treatment of fabry disease,train
58a9bbe81978bbde22000007,factoid,where are paneth cells located,train
589aec4778275d0c4a000037,list,which are the types of viral meningitis,train
58a0c09778275d0c4a000052,list,what are the different classes of orally administered drugs used to treat diabetes,train
5883bce3e56acf5176000003,list,which pipelines are used for analyzing data from chip nexus experiments,train
589c8e5e78275d0c4a000041,summary,what do statins do,train
58a9c152396a458e50000001,factoid,which cells secretes alpha defensin 5,train
58a341eb60087bc10a000018,yesno,do statins cause diabetes,train
58a8903b38c171fb5b000006,factoid,what is the effect of nocodazole cell treatment,train
587e2a0cc32c812009000001,summary,what is path2ppi,validation
5884fe4ce56acf5176000010,list,spag5 was implicated in which cancers,validation
58a3275960087bc10a00000f,summary,what are some of the effects of zika virus in infected individuals,train
589ae59c78275d0c4a000036,summary,what is the function of oseltamivir when administered during flu,train
58a2ccec60087bc10a000003,summary,what is the composition of the gamma secretase complex,train
58a80bc838c171fb5b000001,list,list kinases that phosphorylates the protein bora,internal_test_LOCKED
587f56c392a5b8ad44000001,yesno,are deletions of chromosomal regulatory boundaries associated with congenital disease,validation
58a5b1fe60087bc10a000024,factoid,what is the role of the ubc9 enzyme in the protein sumoylation pathway,train
587dfde9ae05ffb474000001,yesno,can the micro c xl method achieve mononucleosome resolution,train
58a0a28a78275d0c4a000051,yesno,can diabetes be caused by a defect in a potassium chanel,train
58a94483ee23e0236b000003,list,which fima genotypes are associated with disease,internal_test_LOCKED
588485bbe56acf517600000b,yesno,is rucaparib used for ovarian cancer treatment,validation
588533cee56acf5176000014,summary,what is the role of cohesins at the ifng locus,internal_test_LOCKED
589a246578275d0c4a00002e,summary,describe wellens syndrome,train
58bc5e2202b8c60953000002,factoid,which human disease is associated with mutated ubqln2,internal_test_LOCKED
58b6bd2622d300530900000c,factoid,which apoe isoform is associated with hyperlipoproteinemia,train
58b9585c22d3005309000010,yesno,could hypophosphatemic rickets cause craniosynostosis,train
589a246878275d0c4a000030,yesno,is vortioxetine effective for treatment of depression,internal_test_LOCKED
589480b47d9090f353000007,factoid,which server is used for simulation of macromolecular diffusional association,train
58bca1c202b8c6095300000b,yesno,can beans induce apoptosis,train
58b6a42522d300530900000b,summary,what is the function of transthyretin in cerebrospinal fluid,train
58a342e760087bc10a00001c,factoid,can you define iatrogenic disease,train
58b56fe422d3005309000007,factoid,where do the schwann cells and melanocytes originate from,train
58bd645702b8c60953000010,list,please list 3 diseases associated with the piezo2 gene,internal_test_LOCKED
58a337af60087bc10a000016,yesno,is treatment resistant depression related to vitamin b9,internal_test_LOCKED
58a87bd338c171fb5b000005,summary,where is the protein slitrk1 localized,internal_test_LOCKED
5895db407d9090f35300000e,summary,describe clinical manifestation of the harlequin syndrome,internal_test_LOCKED
58b576b622d3005309000008,summary,what is the role of the constitutive photomorphogenesis 9 signalosome csn,validation
58847e36e56acf5176000009,yesno,is adalimumab effective for hidradenitis suppurativa,validation
58bc8e5002b8c60953000006,summary,what is legg calvé perthes disease,validation
588800f43b87a8a738000009,summary,what is promoted by erap1 erap2 dimerization,train
58bc8e7a02b8c60953000007,factoid,what is plantar fasciitis,train
58a9a8631978bbde22000003,factoid,which is the enzymatic activity of otulin,validation
58bc666702b8c60953000004,list,list diseases that could be targeted by disaggregases,train
5886222a3b87a8a738000005,yesno,can neecham confusion scale be used for evaluation of postoperative delirium,train
58bca3eb02b8c6095300000d,summary,what is adhesive capsulitis,validation
587d36ab859bf79568000001,summary,describe the applicability of semantic mediawiki in the case of fantom5,train
5895ec5e7d9090f353000015,yesno,is there an association between muenke syndrome and fgfr3 gene mutation,validation
588f2de394c1512c50000001,factoid,which r package is used for visualization of linear and circular karyotypes,train
58a1da4e78275d0c4a000059,yesno,has small pox been eradicated from the world,train
58bc363622d300530900001f,factoid,where is akkermansia muciniphila found,internal_test_LOCKED
58963b0278275d0c4a00000c,yesno,is there alternative polyadenylation during zebrafish development,train
58a5a51060087bc10a000021,factoid,which nadph oxidase family member requires interaction with noxo1 for function,train
587e276be96a600607000001,yesno,are alterations in ultraconserved elements implicated in breast cancer,train
58848822e56acf517600000c,summary,what is the mechanism of action of osimertinib,train
58bcb83d02b8c6095300000f,summary,what is bartter syndrome,train
588f5e9994c1512c50000004,yesno,is there any tool that facilitates the functional analysis of cis regulatory regions in zebrafish,internal_test_LOCKED
58bbb71f22d3005309000016,list,list rna modifications databases,train
58bc9a5002b8c60953000008,list,please list the 3 findings in hellp syndrome,train
58a57f9460087bc10a00001f,factoid,which mutated gene is associated with waardenburg and tietz syndromes,train
58bbbe6822d300530900001a,list,list the three most abundant bacterial phyla present in mouse feces,train
58bcabc702b8c6095300000e,factoid,what gene is mutated in sickle cell anemia,train
58b95ea222d3005309000011,summary,what is the function of the indian hedgehog protein in chondrocytes,train
5883a727e56acf5176000001,factoid,what is the function of r spondin 1 and noggin in non damaged gallbladders,train
58b53bf722d3005309000004,list,list the classical triad of symptoms of the melkersson rosenthal syndrome,internal_test_LOCKED
5891b125621ea6ff7e00000e,factoid,which disease is treated with taliglucerase alfa,train
587f795d92a5b8ad44000007,factoid,what is formin associated with in the snail,train
58a1c6b678275d0c4a000057,summary,what is the major difference between eucaryotes and procaryotes,validation
58bc640002b8c60953000003,summary,what is the hsp70 hsp110 disaggregase machinery,train
58bbb8ae22d3005309000018,yesno,has whole exome sequencing been performed in alzheimer patients,train
587e1bfdfc7e8dd84f000002,factoid,which is the genome browser database for dna shape annotations,train
58bc58c302b8c60953000001,yesno,is stat4 a transcription factor,validation
589644c478275d0c4a00000d,yesno,have the promoter regions of the genes implicated in rett syndrome been characterized with cage,train
58bbb68b22d3005309000015,yesno,has rna interference been awarded nobel prize,internal_test_LOCKED
5889e2c83b87a8a73800000a,yesno,is there any role for pds5b in cohesion establishment,train
58850e50e56acf5176000013,list,which factors are considered in the func score for intracerebral hemorrhage,validation
58a9d8a1396a458e50000005,factoid,where is the respirasome located,train
5895ee638707e6ea39000001,summary,describe the usefulness of mirduplexsvm,train
589dee3778275d0c4a000050,list,what genes are drug targets for fibrodysplasia ossificans progressiva fop,train
58bbbf3722d300530900001b,summary,what kind of analyses are performed with the software tool unipept,validation
58a2c77a60087bc10a000002,factoid,what is the role of gamma secreatase complex in alzheimer s disease,train
58b52c8822d3005309000001,list,which syndromes are associated with heterochromia iridum,train
5890e163621ea6ff7e000004,factoid,what is the target of tanezumab,train
58a6d89660087bc10a00002b,yesno,could plasmepsins be used as targets for developing anti malaria drugs,train
58a32efe60087bc10a000013,factoid,what is mrsa,train
58a8071760087bc10a000037,list,list peptide fragmentations methods in mass spectrometry,train
5895d0457d9090f35300000d,yesno,is avanafil indicated for treatment of erectile dysfunction,train
58bbb64422d3005309000014,summary,what is epitranscriptome analysis,train
5880b812c872c95565000006,factoid,which infection can be prevented with dapivirine,train
589af57a78275d0c4a000038,summary,what is bexsero,train
5898500478275d0c4a000017,yesno,is there a role for gamma knife in treatment of obsessive compulsive disorder,internal_test_LOCKED
58a22eb460087bc10a000001,summary,what is the mechanism of action of the biguanide class of diabetes drugs,train
58b558d522d3005309000006,summary,where is the proteasome located,train
5895e2567d9090f353000011,summary,what is clinical presentation of the gardner diamond syndrome,train
58917c88621ea6ff7e00000a,factoid,where can you find the annulus of zinn,train
58bbc0fc22d300530900001c,factoid,what is the indication for slco1b1 genotyping,train
588f220e3b87a8a73800000d,list,list available circular rna prediction tools,train
589185cc621ea6ff7e00000b,factoid,which disease is treated with nusinersen,train
58b6978822d300530900000a,factoid,which disease the london mutation involved in,internal_test_LOCKED
58bc696b02b8c60953000005,summary,define lncrna,train
58bc347422d300530900001e,factoid,how many microorganisms are present in human normal gut,validation
5887fe7d3b87a8a738000008,factoid,what is the role of 3 4 diaminobenzoic acid derivatives in the immune system,train
58a5924060087bc10a000020,yesno,can nadph oxidase be inhibited by apocynin and diphenylene iodonium,train
588f9f83ed9bbee70d000004,factoid,viliuisk encephalomyelitis is diagnosed in which geographical area,train
58a327bf60087bc10a000011,summary,what are septins,internal_test_LOCKED
58a644e560087bc10a000027,factoid,what is the drug target for simtuzumab,train
58bca08702b8c6095300000a,factoid,what is dravet syndrome,train
58bc9dbb02b8c60953000009,summary,what makes telomerase a good drug target,validation
587f90fa8ce3255b64000002,summary,what is dendb,validation
589a245878275d0c4a000025,list,list scales that are used for scoring of patients with spinal metastasis,train
58a5add260087bc10a000022,yesno,does nadph oxidase 5 require any subunit for function,train
589c4c9078275d0c4a000040,list,what are the side effects during statins administration in patients with atherosclerosis,validation
58962ed178275d0c4a000006,list,entresto is composed of which two drugs,internal_test_LOCKED
588f365194c1512c50000003,summary,what is the dorina database,train
589c334e78275d0c4a00003d,yesno,is nsd 1015 an inhibitor of aromatic l amino acid decarboxylase,validation
58bbb77e22d3005309000017,yesno,is pseudouridine a rna modification,train
58c99fcc02b8c60953000029,factoid,what does the human abcc gene product do,train
58bebc4c02b8c60953000015,summary,what is the connection between furin and hepcidin,train
58ca746d02b8c6095300002d,summary,which cells express cidec protein in humans,validation
58ce363b02b8c60953000046,factoid,which is the relation between coffee consumption and stroke risk,train
58861f8b3b87a8a738000003,summary,what is the purpose of the orpington prognostic scale,internal_test_LOCKED
58c276bc02b8c60953000020,yesno,do ieg create a ripple effect of transcription,train
588f8e9794c1512c50000005,factoid,which r package is used for the analysis of genome wide dna methylation profiles,train
58c0825502b8c6095300001b,yesno,do t cells regulate neuropathic pain,train
58cc5bae02b8c60953000037,factoid,what is the incidence of new cases of x linked adrenoleukodystrophy ald in australian and new zealand in the late 1990 s,train
58cd675c02b8c6095300003b,yesno,can telomere length shortening be reversed by telomerase,train
58ce5a1602b8c60953000049,yesno,is abce1 involved in ribosomal recycling,train
588f952994c1512c50000007,list,what are clinical features of the de morsier syndrome,validation
58cbb55402b8c60953000033,yesno,does oculocutaneous albinism show an autosomal recessive inheritance,train
58d0dc878acda34529000004,factoid,which is the largest metabolic gene cluster in yeast,internal_test_LOCKED
5895f75aad49cff847000001,summary,what is the applicability of the mcast algorithm,train
58b6cd3222d300530900000d,factoid,which apoe isoform is associated with atherosclerosis and alzheimer s disease,train
58a71bb960087bc10a00002d,yesno,are ultra conserved elements uces enriched in segmental duplications,train
58caf0be02b8c6095300002f,factoid,what organism causes woolsorter s disease,train
587e1a01fc7e8dd84f000001,factoid,which annotated database of a to i rna editing is available,internal_test_LOCKED
58cd6d9702b8c6095300003c,yesno,do normal cells express the protein tert,validation
58a71f7460087bc10a00002e,list,which protein complexes recognize centromeric cen dna in yeast,train
588fbedced9bbee70d000007,yesno,is there any involvement of the long non coding rna gomafu in schizophrenia,internal_test_LOCKED
58bfeb2b02b8c6095300001a,yesno,is butterfly rash a symptom of systemic lupus erythematosus,train
58ab1e19396a458e5000000f,summary,what is the function of yeast clr4 on chromatin,train
5896381a78275d0c4a00000a,summary,what is the role of limt lncrna,train
58b6d26122d300530900000e,yesno,is infertility characteristic of individuals with fanconi anemia,train
58cdb38f02b8c60953000041,summary,what are kupffer cells and what is their role,validation
58cd729502b8c6095300003d,summary,what is known about saponins in crops and human consumption,validation
5896e4d478275d0c4a000015,yesno,is golimumab effective for ulcerative colitis,train
58ab1f209ef3c34033000001,summary,what is the role of histone variant h2a w,internal_test_LOCKED
58c66a4b02b8c60953000025,summary,which are the main brain dysfunctions caused by hyperbilirubinemia,train
58967c9978275d0c4a000011,yesno,does mtor regulate the translation of mapkapk2,train
58bca2f302b8c6095300000c,factoid,what chromosome is affected in turner s syndrome,train
58cd7af402b8c6095300003e,factoid,what is the aim of the trap assay,train
589a245678275d0c4a000023,summary,describe clinical applications of the pim2 scoring system,train
58ab1f6c9ef3c34033000002,yesno,do histone variant mh2a macro h2a levels decrease upon differentiation,validation
58bd6c5802b8c60953000012,summary,which disease is associated with mutations in slc40a1 gene,validation
58bd672d02b8c60953000011,yesno,could divalent metal transporter 1 deficiency lead to anemia,train
58bdc76102b8c60953000013,yesno,does the herg gene code for a protein which is part of a sodium channel,train
589a245778275d0c4a000024,yesno,is lenvatinib effective for renal cell carcinoma,train
58adb9919ef3c34033000004,list,which proteins form part of the nrd complex in s cerevisiae,train
587e3129c32c812009000002,factoid,which r bioconductor package is used for performing snp enrichment analysis,train
58ce69cd1f5fb2b734000003,yesno,does hur bind to the untranslated regions utrs of mrnas,internal_test_LOCKED
588f9756ed9bbee70d000001,summary,describe exploding head syndrome,train
58adbe999ef3c34033000005,yesno,is h4k20 methylation associated with dna replication,train
589a245e78275d0c4a000029,summary,describe crowned dens syndrome,validation
587e440f2420191125000005,yesno,does crispr inversion of ctcf sites alter genome topology,train
58d4d7578acda34529000007,summary,how are looped genes identified in yest,train
58bfcb8702b8c60953000016,list,which are the causes of the koebner phenomenon,train
58850ac7e56acf5176000012,yesno,is there a role of proton beam therapy in medulloblastoma treatment,train
58cbf1f402b8c60953000036,summary,what is the function of the dgat1 gene product,train
58bac71222d3005309000013,factoid,which histone mutation is associated with gliomas,train
588383172305cd7e21000004,yesno,are there canonical marks of active chromatin in developmentally regulated genes,train
587f60f892a5b8ad44000004,summary,what is the purpose of haploreg v4,internal_test_LOCKED
58c6a6c502b8c60953000027,list,which are the typical symptoms of ménière s disease,train
58cdb41302b8c60953000042,factoid,what tissue is most affected in ehlers danlos syndromes,internal_test_LOCKED
589a246778275d0c4a00002f,summary,what is mondor s disease,validation
58ce5c7c1f5fb2b734000001,list,list metalloenzyme inhibitors,train
58c2556302b8c6095300001f,summary,how are immediate early genes ieg defined,train
58de71fa8acda3452900002c,list,which proteins remove h2a z in the yeast saccharomyces cerevisiae,internal_test_LOCKED
587f7a69d8d850a152000001,factoid,which library is used for fixed length approximate string matching,train
589206fc49702f2e01000003,yesno,are there methods for generating highly multiplexed chip seq libraries,train
58cdb80302b8c60953000043,yesno,is doxorubicin cardiotoxic,train
58ca6d3902b8c6095300002c,list,which diseases are associated with primary intestinal lymphangiectasia pil,train
58de34608acda3452900002b,yesno,is the mouse sry gene locus free of repetitive sequences,train
5892783d49702f2e01000004,yesno,is meis1 implicated in microphthalmia,validation
5890eb22621ea6ff7e000006,yesno,can pentraxin 3 predict outcomes of sepsis,train
589d965a78275d0c4a000049,factoid,which polymerase transcribes pri mirnas,validation
58cbb98c02b8c60953000034,factoid,which mutated enzyme is responsible for oculocutaneous 1 oca1 type albinism,train
58c99acf02b8c60953000028,list,please list 2 treatments for a torn rotator cuff,train
5890f4ab621ea6ff7e000008,summary,what is the role of laser interstitial thermal therapy in glioma treatment,train
58a6db8660087bc10a00002c,factoid,which protein mediates the replacement of h2a by h2a z in the yeast saccharomyces cerevisiae,validation
58948cb47d9090f353000008,list,which are the key players on radial glial specification to ependymal cells,train
58b5320e22d3005309000002,yesno,is ocular melanosis a risk factor for uveal melanoma,internal_test_LOCKED
58cd633c02b8c6095300003a,summary,what is known about telomere length shortening and stress,train
5895f7e978275d0c4a000001,factoid,what fruit causes jamaican vomiting sickness,train
588f9950ed9bbee70d000002,factoid,which gene is mutated in the karak syndrome,train
587e392d2420191125000001,summary,what is ledpred,internal_test_LOCKED
5896d3e278275d0c4a000012,yesno,is siltuximab effective for castleman disease,internal_test_LOCKED
58cdbaf302b8c60953000044,summary,what are degrons,train
58ce9bf1d46b5c2951000002,factoid,which disease is associated with mutated sox2,train
58cd522902b8c60953000038,yesno,is the enzyme eprs phosphorylated,validation
58bfd8e902b8c60953000018,factoid,which disease the skin condition necrobiosis lipoidica diabeticorum is associated to,train
589474467d9090f353000006,summary,what is the role of lysine 2 hydroxyisobutyrylation,train
58cd59cb02b8c60953000039,list,list diseases associated with the dopamine receptor d4 drd4,train
58b548d722d3005309000005,list,which bacteria cause diphtheria,train
58cd7fed02b8c6095300003f,factoid,what is the function of calcium sensing receptor casr,validation
589a245a78275d0c4a000026,list,list drug that were evaluated in the champ trial for migraine,train
58cd90c202b8c60953000040,factoid,what is the role of il 18bp,train
58adc1ff9ef3c34033000006,factoid,which protein mediates gene loop formation in the yeast s cerevisiae,train
589a246178275d0c4a00002b,list,which two drugs were compared in the aristotle trial,validation
5891c754621ea6ff7e000011,summary,what is revigo,train
5890dcba621ea6ff7e000003,summary,what is the mechanism of action of onartuzumab,validation
58c0836102b8c6095300001c,yesno,is there a relationship between b cells and multiple sclerosis,train
58bfd0db02b8c60953000017,factoid,which virus type causes molluscum contagiosum,train
58cea0768acda34529000001,summary,which disease s are caused by hex a deficiency,train
58cb305c02b8c60953000032,summary,what is behçet s disease,train
58caf86f02b8c60953000030,yesno,does yersinia pestis causes a respiratory infection,validation
58c1b2f702b8c6095300001e,list,list 3 indications for bupropion,train
58bde18b02b8c60953000014,factoid,what is the function of bax,train
587f8324d8d850a152000003,summary,what is the link between ctf4 and chl1 in cohesion establishment,internal_test_LOCKED
58ca5cba02b8c6095300002b,summary,how is primary intestinal lymphangiectasia pil caused,internal_test_LOCKED
58e115d66fddd3e83e00000a,summary,what are congenital disorders of glycosylation,train
587d2b7efe8a08052f000003,list,which are the additions of the jaspar 2016 open access database of transcription factor binding profiles,train
58d90b968acda3452900000e,summary,what is the function of the protein tafazzin,validation
58e12ea66fddd3e83e00000e,summary,what are assassin bugs,train
58eb7898eda5a57672000006,yesno,are the genes for marneral biosynthesis scattered in the genome of a thaliana,train
58df3e408acda3452900002d,yesno,is dupilumab used for treatment of atopic dermatitis,train
58cf5c5a8acda34529000003,factoid,where is base j found in the genome of leishmania tarentolae,validation
587e0116ae05ffb474000002,factoid,which tool is available for predicting regulatory interactions from chip seq data,train
58c67bf302b8c60953000026,summary,where are the unipolar brush cells localized,validation
58add1d79ef3c34033000008,list,which driver mutations have been identified for diffuse intrinsic pontine glioma dipg,internal_test_LOCKED
5883781b2305cd7e21000001,yesno,does jarid2 play a role in early embryo development,train
58bfe70e02b8c60953000019,yesno,is puva therapy indicated for eczema treatment,train
58837ba62305cd7e21000002,summary,what is decko,train
58dfd83a6fddd3e83e000003,list,list genes associated with hypolipidemia,train
58dfe6b56fddd3e83e000004,factoid,what is the enzymatic activity of parl,train
58ca906a02b8c6095300002e,yesno,do brown fat cells produce heat,train
58d388958acda34529000006,summary,what is a mimotope vaccine,validation
588f9b7eed9bbee70d000003,summary,describe clinical manifestation of the mal de debarquement syndrome,train
58caf88c02b8c60953000031,yesno,is melioidosis caused by the bacterium burkholderia pseudomallei,train
589a246a78275d0c4a000031,summary,what is the mechanism of action of verubecestat,train
58bac5e822d3005309000012,summary,how are triple negative gliomas characterized,internal_test_LOCKED
58dc2c698acda3452900001f,summary,what is ectopia lentis,train
588482f5e56acf517600000a,yesno,can glyburide reduce cerebral edema,validation
58e2467a6fddd3e83e000012,summary,what is the function of gasdermin d,train
587d016ed673c3eb14000002,summary,what is topaz1,train
58c6665602b8c60953000024,list,which are the symptoms of glucose 6 phosphate dehydrogenase g6pd deficiency,validation
58dfec676fddd3e83e000006,yesno,has the gorilla genome been determined,train
58848ea5e56acf517600000e,yesno,is vemurafenib used for thyroid cancer,train
58e11bf76fddd3e83e00000c,yesno,are mutations in the c9orf72 gene associated with macular degeneration,validation
58dff3f06fddd3e83e000007,summary,what is the genome 10k project,validation
58e75d483e8b6dc87c000005,factoid,which gene controls the expression of gata 1 isoforms,train
588fd7cded9bbee70d000009,summary,what is mira seq,internal_test_LOCKED
58af14ae717cd3f655000001,summary,how does ssu72 mediate gene looping,train
58e26ede6fddd3e83e000015,yesno,is the number of described human nuclear mutations less than 50000,train
58d131218acda34529000005,summary,what is the role of peptide aptamers,internal_test_LOCKED
58d8e9bd8acda3452900000b,list,which are the clinical symptoms of left ventricular noncompaction,validation
58cdbbd102b8c60953000045,summary,what is the glasgow coma score,validation
5880b073c872c95565000003,factoid,andexanet alfa is an antidote of which clotting factor inhibitors,train
58da111c8acda34529000010,factoid,which is the main cause of the patau syndrome,train
58af1cb3717cd3f655000003,factoid,which is the main abnormality that arises with sox9 locus duplication,internal_test_LOCKED
58df779d6fddd3e83e000001,yesno,is musclin a secretory peptide,train
58dd0dde8acda34529000027,factoid,what tissue is commonly affected in marfan s syndrome,train
58853922e56acf5176000016,factoid,to which disease does the loss of cd28 expression by liver infiltrating t cells contribute,train
58e11b9b6fddd3e83e00000b,yesno,are cutaneous porphyrias inherited with a recessive pattern,train
5880e417713cbdfd3d000001,factoid,which disease is treated with zmapp,train
58d8d0cc8acda34529000008,yesno,can methylenetetrahydrofolate reductase mthfr gene mutations cause homocystinuria,train
58af16ea717cd3f655000002,factoid,what happens to h2ax upon dna bouble strand breaks,train
5884755ce56acf5176000007,yesno,can valproic acid prolong survival of glioblastoma patients,validation
58853667e56acf5176000015,factoid,what is the effect of the direct interaction of ikaros and foxp1 in b lymphocytes,train
5889eb503b87a8a73800000b,factoid,which syndrome is caused by deletion of pds5b in mice,train
58d900428acda3452900000c,factoid,what is the inheritance of barth syndrome,train
58e120036fddd3e83e00000d,yesno,is cryptococcus neoformans a frequent cause of isolated skin infections in immunocompromised individuals,train
5884fed0e56acf5176000011,summary,what is the mechanism of action of pictilisib,train
58e2651c6fddd3e83e000013,summary,what are sirtuins,train
58de18e48acda3452900002a,factoid,which mirna is targeted by sry sox9,internal_test_LOCKED
5881f627713cbdfd3d000005,factoid,which technique led to the elucidation of the role of hoxd10 in regulating lymphatic endothelial responses to vegf c,internal_test_LOCKED
5884722ee56acf5176000006,yesno,is obeticholic acid used for treatment of primary biliary cholangitis,train
58c9a8fe02b8c6095300002a,factoid,what alternate indication has vanoxerine been repositioned for,train
588f341594c1512c50000002,factoid,what is the applicability of the no promoter left behind method,validation
58d8d8108acda34529000009,list,which mutated genes are associated with isolated ectopia lentis,train
58e186fd6fddd3e83e00000f,yesno,does the word ovine refers to goats,train
58e782fd3e8b6dc87c000006,yesno,does gata 1 regulate ribosomal protein genes,validation
58d8e6818acda3452900000a,factoid,which gene mutations cause the marfan syndrome,train
58df47f08acda3452900002f,factoid,what is the indication of arcalyst,train
587d13c0d673c3eb14000004,summary,what is chippeakanno,train
5880b2a6c872c95565000004,list,signaling of which pathways is inhibited by dupilumab,train
58b67fae22d3005309000009,yesno,does the top2b top2a expression ratio affect the response to aml chemotherapy,train
58e0035f6fddd3e83e000009,list,list the three main structures of the cytoskeleton,train
58e23ec66fddd3e83e000010,factoid,what is the genus for the common european honey bee,train
58d906b28acda3452900000d,factoid,where is the taz g4 5 is located in humans,train
5881f9b65bf093691f000001,factoid,what do nerve associated peripheral glial progenitors give rise to,internal_test_LOCKED
58e793f53e8b6dc87c000008,factoid,how many topological associated domains are contained in the human hox cluster,internal_test_LOCKED
58dbb4f08acda3452900001a,yesno,is lennox gastaut syndrome usually diagnosed in older adults,train
5880b583c872c95565000005,list,which treatment methods were compared in the excel trial,train
588623153b87a8a738000006,summary,describe atr 16 syndrome,validation
58dfd70c6fddd3e83e000002,factoid,what is the results of inactivated angplt3,train
58e79e703e8b6dc87c00000a,factoid,what percentage of rheumatoid arthritis patients are responsive to anti tnf therapy,train
5880c42fc872c95565000008,factoid,which disease is treated with semaglutide,train
58dbb8968acda3452900001b,factoid,what condition is usually represented by the acronym sudep,train
58add7699ef3c34033000009,list,which proteins does the yeast cleavage and polyadenylation complex contain,train
5886519c3b87a8a738000007,factoid,which disease can be categorized using the koos grading system,train
58c6635f02b8c60953000023,factoid,what is the inheritance of the glucose 6 phosphate dehydrogenase g6pd deficiency,train
587d30fb31b33e8760000001,list,which deep learning based algorithms are used for enhancer prediction,train
58dbbbf08acda3452900001d,yesno,is beta thalassemia is associated with a mutation or deletion of the gene that codes for alpha globin,train
58d90f228acda3452900000f,yesno,is diphosphatidylglycerol cardiolipin a phospholipid of the mitochondrial membranes,train
58e2422c6fddd3e83e000011,yesno,have studies shown that there is no link between dna methylation patterns and post traumatic stress disorder,train
5883b8e6e56acf5176000002,yesno,is pold3 essential for mouse development,train
5880e089c872c9556500000b,summary,what is the mechanism of action of romosozumab,internal_test_LOCKED
58861d413b87a8a738000002,factoid,symptoms of which disorder are evaluated with the davidson trauma scale,train
58af11e67125859353000001,summary,what is the function of the mis18 protein,internal_test_LOCKED
58e3d1743e8b6dc87c000001,yesno,are hepadnaviral minichromosomes free of nucleosomes,train
58dbba438acda3452900001c,yesno,is cri du chat associated with an expansion of a repeat with in the gene found on chromosome 5,validation
5883a25d7ffa0d4374000001,list,what are the roles of smyd3 in zebrafish,train
5880dba9c872c95565000009,factoid,which enzyme is inhibited by ribociclib,train
58a6c94860087bc10a00002a,list,which histone mutations have been associated with pediatric gliomas,internal_test_LOCKED
58dff5776fddd3e83e000008,yesno,is it feasible to obtain dna read lengths that exceed 30 kb,train
58df73bd38f7f3e93a000001,yesno,is osteocrin expressed exclusively in the bone,train
58cefcfb8acda34529000002,factoid,what is achondroplasia,train
58f4b2f070f9fc6f0f000012,factoid,what is the indication for mirabegron,internal_test_LOCKED
58efa36d70f9fc6f0f000004,factoid,what is the cause of tardive dyskinesia,train
587e1e57fc7e8dd84f000003,yesno,are alterations in ultraconserved elements associated with colorectal adenocarcinoma,train
58965c5578275d0c4a00000f,summary,what is panther psep,train
58946d6e7d9090f353000005,summary,what is mpe seq,train
588fa24fed9bbee70d000005,summary,describe the mechanism of action of bezlotoxumab,internal_test_LOCKED
589a246d78275d0c4a000033,yesno,is apremilast effective for psoriasis,train
58ef9ff170f9fc6f0f000002,yesno,is skin color affected by variations of the slc24a5 gene,train
58f4b85f70f9fc6f0f000015,factoid,how are arboviruses transmitted,train
58e9f0ba3e8b6dc87c00000e,factoid,which bacterium has the smallest genome in base pairs yet found,validation
58da5b588acda34529000015,list,which are the triad symptoms of pheochromocytoma,train
58da5dc58acda34529000016,list,list the types of the cardiorenal syndrome crs according to the five part classification system,train
58f0b1d670f9fc6f0f000007,factoid,what is a mir,train
58dd054c8acda34529000024,yesno,do circrnas remain untranslated,train
58dd0c608acda34529000026,summary,what is the biological function of the sry circular rna circrna,train
58f4c22170f9fc6f0f000018,summary,what is uhl s anomaly,train
58dd2cb08acda34529000029,yesno,is autophagy the process where bacteria ingest viral particles,train
58efa66070f9fc6f0f000005,summary,can aspirin be used in cancer prevention,train
58dcecf58acda34529000023,list,which are the components of the pre replication complex pre rc in eukaryotes,train
58b6d6f322d300530900000f,list,what is the inheritance of hypophosphatemic rickets,validation
58f4b1a170f9fc6f0f000010,factoid,which mushroom is poisonous amanita phalloides or agaricus bisporus,validation
58e7902b3e8b6dc87c000007,factoid,which is the most common gene signature in rheumatoid arthritis patients,validation
58eb2887eda5a57672000003,list,which ngs alignment software implement the burrows wheeler transform,train
589a245478275d0c4a000022,yesno,is intraoperative radiotherapy used for treatment of glioblastoma,internal_test_LOCKED
589317e849702f2e01000005,factoid,which server is used for generating modes of pseudo components of dna rna and protein sequences,train
58ea521d3e8b6dc87c00000f,summary,what is the link between tb turbeculosis infection and tnfa inhibition,internal_test_LOCKED
58e74bff3e8b6dc87c000004,factoid,which class of genes are mutated in diamond blackfan anemia patients,internal_test_LOCKED
58da14178acda34529000011,list,list the human acrocentric chromosomes that are involved in robertsonian translocation,train
58ec72a4eda5a5767200000f,yesno,is tirilazad effective for treatment of aneurysmal subarachnoid haemorrhage,train
58eb9542eda5a57672000007,factoid,which protein is the main marker of cajal bodies,train
58cbd0d502b8c60953000035,factoid,which mutated gene causes the chédiak higashi syndrome,train
58f3ca5c70f9fc6f0f00000d,factoid,the pathogen fusarium graminearum affects what type of plant species,validation
58ea59273e8b6dc87c000012,list,list viral vectors used in gene therapy,train
58ec5ffaeda5a5767200000a,yesno,is dexamethasone recommended for treatment of intracerebral hemorrhage,train
58eb984aeda5a57672000008,summary,what happens upon disruption of a tad boundary,train
58dd07488acda34529000025,list,list the classical symptoms of the moschcowitz syndrome thrombotic thrombocytopenic purpura,train
58ec613ceda5a5767200000b,yesno,is airplane stroke syndrome a common disease,validation
587e3e302420191125000002,factoid,which r bioconductor package is used for enrichment analysis of genomic regions,train
58e9e7aa3e8b6dc87c00000d,factoid,which is the major rna editing enzyme in drosophila melanogaster,train
5880a46d3d0145644d000001,summary,what is the cega catalog,train
58da1aa08acda34529000012,factoid,which protein is associated with hyperemesis gravidarum during pregrancy,validation
58dbbdac8acda3452900001e,yesno,is hydroxyurea usually used to treated infectious disease,train
58ea6c3eeda5a57672000001,summary,what is magnetoreception,train
5890e762621ea6ff7e000005,yesno,can acupuncture cause spinal epidural hematoma,train
58da270d8acda34529000013,yesno,is edema a symptom of nephrotic syndrome,train
58e3d9ab3e8b6dc87c000002,factoid,angelman syndrome is associated with deletion of a part of chromosome 15 but if the deletion occurs in the paternally inherited chromosome 15 what is the disease,internal_test_LOCKED
58ea7248eda5a57672000002,factoid,what is the phenotype of people carrying mutations in the gene prdm12,validation
5890ede0621ea6ff7e000007,yesno,is there an association between histone h3 3 mutations and glioma,train
58eb4ce7eda5a57672000004,factoid,which cellular function is associated with transcription factors forkhead 1 and 2 fkh1 and fkh2,train
58815f26713cbdfd3d000002,summary,what is the role of the ctf4 interacting peptide or cip box,train
58f3c4b970f9fc6f0f00000a,factoid,what type of genome rna or dna double stranded single stranded is found in the the virus that causes blue tongue disease,train
58efa1b870f9fc6f0f000003,factoid,what is a chemobrain,train
5890fde5621ea6ff7e000009,factoid,borden classification is used for which disease,train
58c27b7102b8c60953000021,factoid,which effects create neighborhoods of transcriptional regulation in eukaryotes,validation
5881e8e8713cbdfd3d000003,yesno,is pfh1 a component of the replisome,train
58f3c8f470f9fc6f0f00000c,summary,what is the function of mtor,validation
58f0b0c070f9fc6f0f000006,factoid,what is the indication for valbenazine,train
5895b7157d9090f353000009,list,list features of the kaufman oculocerebrofacial syndrome,train
58853c56e56acf5176000018,factoid,what is the role of dna repair cofactors atmin and nbs1,validation
58f4b73b70f9fc6f0f000014,list,the mmr vaccine protects against what 3 viruses,internal_test_LOCKED
5895bfdc7d9090f35300000c,list,list cardinal features of the triple a syndrome,validation
5891c2e7621ea6ff7e00000f,summary,describe the applicability of basset in the context of deep learning,internal_test_LOCKED
58db94948acda34529000017,yesno,does the abelson related gene arg gene encode for a serine kinase,train
58f4b9d470f9fc6f0f000016,factoid,what organism causes tularemia,internal_test_LOCKED
58ea659c3e8b6dc87c000013,yesno,is prochlorococcus the most abundant photosynthetic organism,train
5895dd6a7d9090f35300000f,list,list 3 features of irvan syndrome,train
58dbb3f18acda34529000019,list,which are the proprotein convertase subtilisin kexin 9 pcsk9 inhibitors that are fda approved,train
58df5efbc784871774000001,yesno,is dupilumab an antibody targeting the il 1 receptor,train
5895dfc97d9090f353000010,list,list active ingredients of the stribild polypill,train
5895e4637d9090f353000012,list,list clinical features of the image syndrome,validation
58e7a1393e8b6dc87c00000b,list,which gene mutations are predictive of response to anti tnf therapy in rheumatoid arthritis patients,train
5895f18ce370baff39000001,factoid,which method is used for prediction of novel microrna genes in cancer associated genomic regions,train
58dcbb8c8acda34529000021,yesno,does the histone chaperone asf1 interact with histones h1 h2,internal_test_LOCKED
58f3cd1470f9fc6f0f00000e,yesno,is hepatic mesenchymal hamartoma usually a malignant tumor,validation
5895e9977d9090f353000013,list,list clinical features of eem syndrome,internal_test_LOCKED
58f6295a70f9fc6f0f000019,factoid,how many times is clast faster than blast,train
58e640573e8b6dc87c000003,list,which are the most common methods for circular rna detection from rnaseq,train
58ee0dd5eda5a57672000013,factoid,from which cell type is leptin secreted,train
589635dd78275d0c4a000009,factoid,which tool is used for the identification of recurrent variants in noncoding regions,internal_test_LOCKED
58f3c62970f9fc6f0f00000b,factoid,what body parts are also known as phalanges,train
58f0b40d70f9fc6f0f000008,yesno,are selenium supplements recommended for prostate cancer prevention,internal_test_LOCKED
5896271178275d0c4a000004,factoid,which disease is treated with lucinactant,train
58adca6d9ef3c34033000007,list,which proteins control the degradation of cryptic unstable transcripts cuts in yeast,train
58965a4178275d0c4a00000e,yesno,is there any involvement of l1 retrotransposition in the rett syndrome,validation
58f3d85170f9fc6f0f00000f,yesno,is downs syndrome associated with decreased risk of leukemia,internal_test_LOCKED
589630f378275d0c4a000007,factoid,which enzyme is inhibited by ixazomib,train
58db9aa28acda34529000018,yesno,does pcsk9 proprotein convertase subtilisin kexin type 9 binds with hdl receptor hdl r,train
58f4b25e70f9fc6f0f000011,factoid,hy s law measures failure for what organ,validation
5896e22078275d0c4a000014,yesno,is apremilast effective for psoriatic arthritis,train
58965ed478275d0c4a000010,yesno,is there any role of tbr1 in autism,internal_test_LOCKED
58dcd0338acda34529000022,summary,what is the role of the mcm2 7 complex,internal_test_LOCKED
58eb6061eda5a57672000005,list,in which fields of dna sequencing are bloom filters applied,train
589a246c78275d0c4a000032,list,which 2 medications are included in the qsymia pill,internal_test_LOCKED
589a246f78275d0c4a000034,yesno,is sonidegib effective for basal cell carcinoma,train
587e2300fc7e8dd84f000004,factoid,which r package could be used for the identification of pediatric brain tumors,train
5880b036c872c95565000002,summary,describe the usefulness of camur in the cancer genome atlas tcga,validation
58da2a348acda34529000014,list,which markers are screened with the triple test for the detection of syndromes in fetus,train
58dcb47c8acda34529000020,factoid,what is the role of tad protein domain,internal_test_LOCKED
58f4c09f70f9fc6f0f000017,summary,what is the function of lncrna,train
58f4b3ee70f9fc6f0f000013,summary,what is the function of the exosome,train
5a6d0b2db750ff445500002d,list,which factors drive replisome disassembly during dna replication termination and mitosis,internal_test_LOCKED
5a468785966455904c00000d,yesno,does rna polymerase ii have rna cleavage activity,train
5a4e1882966455904c00000f,yesno,is there a sequence bias in mnase digestion patterns,train
5a8a9f18fcd1d6a10c00001a,yesno,is nemo a zinc finger protein,train
5a3566bb966455904c000003,yesno,does tfiis affect nucleosome positioning,train
5a7238d32dc08e987e000009,list,which two cotransporters are inhibited by sotagliflozin,train
5a7d51dafaa1ab7d2e000017,factoid,what is the administration route of ivig in alzheimer s disease patients,internal_test_LOCKED
5a80d965faa1ab7d2e000025,summary,what is metaspades,train
5a43a139966455904c000008,factoid,what is measured through the nome seq methodology,train
58edfaf4eda5a57672000012,summary,what is the function of the dormancy survival regulator dosr in mycobacterium tuberculosis,train
5a894f6abc7bade53a000004,summary,which are the effects of aldh2 deficiency,train
5916f14070f9fc6f0f00001f,summary,what is the role of the positive effector of transcription pet in the hepatitis b virus,train
5a80d6cbfaa1ab7d2e000024,summary,what is the role of kmt5a in liver,train
5a68f2bab750ff4455000017,yesno,is tretinoin effective for photoaging,train
59d09a0cbc32f93e6d000001,summary,what is the difference between ganglion mother cells gmc and intermediate neural precursor cells inp in drosophila,train
5a760c8483b0d9ea66000017,summary,what is the fire functional inference of regulators of expression tool,train
5a6d23ccb750ff4455000035,yesno,does tuc 338 inhibit colorectal cancer,train
5a7345792dc08e987e000019,summary,describe mechanism of action of napabucasin,internal_test_LOCKED
5a7626989e632bc066000001,yesno,has ruxolitinib received fda approval,internal_test_LOCKED
58eb99f3eda5a57672000009,factoid,do origins of replication close to yeast centromeres fire early or late,train
5a70de5199e2c3af26000005,yesno,is scuba diving safe during pregnancy,train
5a7726989e632bc06600000c,yesno,does deflazacort have more side effects than prednisone,train
5a67a049b750ff4455000007,yesno,does echinacea increase anaphylaxis risk,internal_test_LOCKED
5a8866958cb19eca6b000003,yesno,are neurexins localized at pre synapses,train
5a6d0727b750ff445500002b,yesno,is there any role of 5hmc in t cell development and differentiation,train
5a43a581966455904c00000a,summary,which are the properties of mammalian ga sequences,train
5a6e3299b750ff4455000040,summary,what is the main focus of the cve r bioconductor package,train
5a6d217eb750ff4455000034,yesno,are there ultraconserved genomic regions in the budding yeast,train
5a7d5033faa1ab7d2e000015,yesno,is davunetide being considered for the treatment of progressive supranuclear palsy,train
5a855585faa1ab7d2e000029,summary,what is the origin of xut transcripts in yeast,train
58edf567eda5a57672000011,factoid,how many genes constitute the dosr regulon controlled by the dormancy survival regulator dosr in mycobacterium tuberculosis,internal_test_LOCKED
5a87fd0561bb38fb24000010,yesno,is autophagy modulated in a circadian fashion,train
5a7607f683b0d9ea66000014,yesno,is drk essential for anesthesia resistant memory arm in drosophila,train
5a76122383b0d9ea6600001c,summary,what is oclacitinib,train
58ee1cafeda5a57672000014,yesno,are tad boundaries in drosophila depleted in highly expressed genes,train
5a76196faacfb9cd4c000001,list,list the two most important hematological features of the evans syndrome,train
5a774ce1faa1ab7d2e000006,yesno,is there increased recombination rate in human regulatory domains,train
5a7612b483b0d9ea6600001d,yesno,is enzastaurin effective treatment of glioblastoma,validation
5a82fc89faa1ab7d2e000028,summary,which yeast nucleosomes are preferentially marked by h2a z,train
5a760ed883b0d9ea66000019,yesno,is dasatinib effective for treatment of glioblastoma,validation
5a6a3335b750ff4455000025,factoid,which algorithm is available for computing minimal absent words using external memory,train
5a7d54adfaa1ab7d2e000019,yesno,has ivig been tested in clinical trials for the treatment of alzheimer s disease,train
5a67b2f7b750ff445500000f,factoid,which type of urinary incontinence is diagnosed with the q tip test,train
59bf823b542ba3824b000001,yesno,does a tonsillectomy affect the patient s voice,train
5a882b5761bb38fb24000013,list,list the four most important interferonopathies,validation
5a6d1143b750ff445500002e,list,list the partners of budding yeast cdc48 that are important for disassembly of ubiquitylated cmg helicase at the end of chromosome replication,internal_test_LOCKED
58ee217feda5a57672000015,summary,how are topologically associating domains tad associated with replication timing,train
5a859184faa1ab7d2e000031,summary,how are cryptic unstable transcripts cuts defined,validation
593ff22b70f9fc6f0f000023,factoid,how many groucho related genes grg are contained in the mouse genome,train
5a7604de83b0d9ea66000011,summary,what is mechanism of action of galunisertib,train
5a87ea1861bb38fb2400000d,factoid,what is a coligo,internal_test_LOCKED
5a774240faa1ab7d2e000003,summary,what is the relationship of fyn kinase and tau,train
58f8a08370f9fc6f0f00001b,list,which are the main manifestations of ohdo syndrome,train
590af75d70f9fc6f0f00001c,factoid,which algorithm is used by the ucsc genome browser,train
5a8941c5bc7bade53a000002,factoid,which aminoacid position in the human creb protein is phosphorylated,train
590c74d170f9fc6f0f00001e,factoid,which gene is the paralog of yeast upc2,train
5a89800efcd1d6a10c00000c,factoid,where is the enzyme pm20d1 localized,train
5a3e8683966455904c000007,factoid,which test is used to diagnose colour synesthesia,train
5a7d5ce0faa1ab7d2e00001b,factoid,how does increased gdf15 affect body weight,train
5a43b2d7966455904c00000c,list,which are the best methods for the prediction of circular rna circrna,train
5a7617b183b0d9ea66000022,factoid,what is inhibited by a drug rilotumumab,validation
5a4df811966455904c00000e,factoid,which rna polymerase ii subunit carries rna cleavage activity,train
5a87e95461bb38fb2400000c,summary,which is the transcriptome of rna polymerase iii,train
593fe5c270f9fc6f0f000021,factoid,how many pml isoforms exist in the human genome,train
58e8a2fc3e8b6dc87c00000c,yesno,do cephalopods use rna editing less frequently than other species,train
5a7357e63b9d13c708000001,yesno,is there an rnai drug being developed to treat amyloidosis,validation
5a7d6287faa1ab7d2e00001c,factoid,which receptor does gdf15 bind,train
5a67a550b750ff4455000009,yesno,is there an association between carcinoid syndrome and mitral valve disease,train
593fe7f970f9fc6f0f000022,factoid,how many of the human pml isoforms are cytosolic,train
5a68ff52b750ff445500001c,list,which tendons are affected in the dequervain s tenosynovitis,train
5a74a4be0384be9551000004,yesno,are there rnai approaches considered for the treatment of kidney injury,train
5a7d4721faa1ab7d2e000012,factoid,what does davunetide do to microtubules,internal_test_LOCKED
5a67a72fb750ff445500000a,yesno,is propranolol used for treatment of infantile hemangioma,train
5a75fec383b0d9ea6600000b,yesno,can the cep290 gene mutations be targeted by aav mediated gene therapy,train
590c740d70f9fc6f0f00001d,list,which proteins are controlling sterol metabolism in s cerevisiae,train
5925227670f9fc6f0f000020,list,which enzymes are responsible for base j creation in trypanosoma brucei,train
5a39453d966455904c000006,factoid,which method for subsampling of ngs reads requires only gene counts,train
5a4e50b242878bf97d000001,factoid,which topoisomerase is essential in yeast,train
58f89eb270f9fc6f0f00001a,factoid,what is the genetic basis of ohdo syndrome,validation
5a737b483b9d13c70800000b,list,which drugs were tested in the keynote 006 study,train
5a6f8baeb750ff4455000057,summary,what is the purpose of the frax scale,internal_test_LOCKED
5a87efa961bb38fb2400000e,yesno,are mutations in the nf1 gene associated with memory,validation
5a886da58cb19eca6b000004,summary,has cas9 gene editing the potential to correct inhereted hearing loss,internal_test_LOCKED
5a43a933966455904c00000b,summary,how may ctcf mediate splicing,validation
5a7d50d0faa1ab7d2e000016,yesno,is aci 35 a passive vaccine,internal_test_LOCKED
5a87d73861bb38fb2400000b,factoid,which main ribotype of clostridium difficile is responsible of the recent outbreak,train
5a003e0a966455904c000001,summary,what is the function of the tfiis transcriptional factor dst1 in yeast,train
5a43a214966455904c000009,yesno,is dna methylation correlated with nucleosome occupancy,train
5a6e2b1bb750ff445500003e,factoid,which r bioconductor package has been developed for the analysis of psychiatric disease genes,internal_test_LOCKED
5a7610af83b0d9ea6600001a,factoid,which janus kinase does decernotinib target,train
58ede257eda5a57672000010,summary,what is the genetic basis of the delayed sleep phase syndrome dsps,internal_test_LOCKED
5a76039b83b0d9ea66000010,summary,what are jakinibs,train
5a88370c61bb38fb24000014,factoid,what is the function of the gene mda5,train
5a885daa61bb38fb24000018,factoid,which is the conserved motif of dead box proteins,train
58ee2515eda5a57672000016,factoid,which individuals show preferential colonization of the prevotellaceae bacteria in their guts,train
5a6e5df6b750ff445500004e,summary,describe garlic gwas based prediction toolkit for connecting diseases and cell types,train
5a37df1c966455904c000004,summary,how does dst1 knock out affect transcription in yeast,train
5a7237672dc08e987e000008,factoid,which drug can be reversed with idarucizumab,internal_test_LOCKED
5a6e472ab750ff4455000048,factoid,what is the function of the tmem132 genes,internal_test_LOCKED
5a76056983b0d9ea66000012,yesno,does ddx54 play a role in dna damage response,train
5a67afb7b750ff445500000d,list,list main clinical features of the poems syndrome,train
5a74b1730384be9551000007,factoid,which retinal dystrophy related gene is targeted by the aav2 hrpe65v2 drug,internal_test_LOCKED
5a8718a261bb38fb24000007,summary,what is the function of yeast terra rnas,train
5a678d63b750ff4455000003,list,what are the 4 cardinal signs of inflammation according to celsus,train
5a679875b750ff4455000004,yesno,do bacteria from the genus morexella cause respiratory infections,internal_test_LOCKED
5a70dbe599e2c3af26000004,list,which two genes are implicated in juvenile polyposis syndrome,train
5a68a463b750ff4455000014,yesno,do chromatin features predict genes associated with eqtls,train
5a70ce4ab750ff4455000064,list,list the 6 genes associated with the autosomal recessive form of osteogenesis imperfecta,train
5a774585faa1ab7d2e000005,summary,what is masitinib an inhibitor of,train
5a735b383b9d13c708000002,factoid,what is the name of the rnai investigational drug being developed against hereditary amyloidosis,train
5a86ecc7faa1ab7d2e000039,summary,what is the function of the h19 icr locus in the human genome,train
5a6f7245b750ff4455000050,summary,what is the mode of action of teriparatide,train
5a805974faa1ab7d2e000020,summary,what is the strelka workflow,train
5a8053effaa1ab7d2e00001e,summary,describe the manta algorithm for detection of structural variants,train
5a787544faa1ab7d2e00000b,yesno,is kummell s disease an avascular necrosis of the vertebral body,train
5a7346662dc08e987e00001a,factoid,what causes puffy hand syndrome,train
5a7247182dc08e987e000010,summary,describe mechanism of action of ozanimod,train
5a7242a22dc08e987e00000e,summary,describe swirl sign in intracerebral hemorrhage,train
5a74e6eb0384be9551000009,summary,what is morgellons disease,train
5a6a2bbcb750ff4455000022,summary,what is cellbase,train
5a897729fcd1d6a10c000009,summary,what is the asosciation between the eustachian tube and the palatine muscle of the uvula,train
5a6e18d8b750ff4455000038,yesno,are conserved nonexonic elements cnees important in phylogenomics research,train
5a85a0f1faa1ab7d2e000032,summary,what is the definition of general regulatory factors grfs,train
5a690487b750ff445500001f,factoid,which virus can be diagnosed with the monospot test,train
5a774431faa1ab7d2e000004,summary,why is the fyn kinase considered a promising therapeutic target for alzheimer s disease,train
5a67c8c4b750ff4455000013,summary,what is the link between tads and grbs,train
5a6a2f88b750ff4455000024,summary,what is target explorer,train
5a857bfffaa1ab7d2e000030,yesno,can the yeast protein abf1 act as insulator,train
5a7d535ffaa1ab7d2e000018,summary,what does the human ivig treatment for alzheimer s disease contain,train
5a6d022ab750ff445500002a,yesno,is there any linear time and linear space algorithm for the computation of avoided words in biological sequences,train
5a86bf2efaa1ab7d2e000033,summary,what is the mechanism of the auxin inducible degron system,train
5a68f448b750ff4455000018,factoid,which bacteria causes erythrasma,validation
5a6e4d22b750ff445500004d,factoid,mutations in which gene cause schimke immune osseous dysplasia,train
5a7234352dc08e987e000007,factoid,what is the most common histological diagnosis of butterfly glioma,validation
5a736efc3b9d13c708000006,list,which chromosomes are implicated in the emanuel syndrome,train
5a86fd5bfaa1ab7d2e00003b,yesno,is a cpg island methylator phenotype involved in ependymomas,train
5a6e4814b750ff445500004a,yesno,are loop domains preserved upon cohesin loss,train
5a6e24a5b750ff445500003c,factoid,which workflow in bioconductor has been developed for accessing human rna seq samples,train
5a76dd749e632bc066000008,summary,what does vbp15 do to skeletal muscle,train
5a760a4183b0d9ea66000016,summary,what is filgotinib,validation
5a6e1db0b750ff4455000039,summary,what is q nexus,train
5a75df9483b0d9ea66000001,summary,what is the mechanism of action of tisagenlecleucel,train
5a74d9980384be9551000008,summary,what is lhon also known as lebers syndrome,train
5a761ac7aacfb9cd4c000003,summary,what is the reliablegenome,validation
5a8a9abdfcd1d6a10c000019,list,list polyubiquitin binding proteins involved in nf kappab signaling,train
5a7723b79e632bc06600000b,list,what are the prednisone side effects in dmd patients,train
5a8aa253fcd1d6a10c00001b,summary,which is the specificity of deubiquitinase usp25,train
5a7a44b4faa1ab7d2e000010,yesno,is loss of function one of the cardinal signs of inflammation,train
5a86e66dfaa1ab7d2e000035,yesno,does the association of parp1 and ctcf follow a circadian rhythm,validation
5a888b56d543831129000002,list,what induces arabidopsis rof1 expression,train
5a895f51fcd1d6a10c000004,factoid,what is the preferred orientation of ctcf binding sites for chromatin looping,validation
5a67ade5b750ff445500000c,yesno,does erythromycin increase risk of hypertrophic pyloric stenosis,train
5a7d4e9afaa1ab7d2e000013,factoid,how many amino acids does davunetide consist of,train
5a895a96fcd1d6a10c000003,summary,can a circrna be translated into protein,train
5a896a06fcd1d6a10c000006,summary,what is the phenomenon of gene kissing,train
5a6a02a3b750ff4455000021,factoid,what protein is the most common cause of hereditary renal amyloidosis,train
5a7727f39e632bc06600000d,list,what are the side effects of deflazacort in dmd patients,train
5a86f074faa1ab7d2e00003a,factoid,with which cancers has the loss of smarcb1 been associated,validation
5a89528dfcd1d6a10c000001,summary,where do centromeres locate according to the rabl orientation of eukaryotic nuclei,validation
5a870b7bfaa1ab7d2e00003d,summary,what is the function of star elements in yeast telomeres,internal_test_LOCKED
5a75fbf383b0d9ea6600000a,list,name the phase 3 clinical trials for tofacitinib in colitis,train
5a70ce82b750ff4455000065,factoid,what is the mode of action of the drug prolia,train
5a6f7138b750ff445500004f,summary,how does parathyroid hormone affect circulating levels of periostin,internal_test_LOCKED
5a6d13fbb750ff445500002f,summary,what is mindy motif interacting with ub containing novel dub family,train
5a8881118cb19eca6b000006,yesno,has the proteome of mice hippocampus been analysed,train
5a772e9dfaa1ab7d2e000001,yesno,was saracatinib being considered as a treatment for alzheimer s disease in november 2017,train
5a89537cfcd1d6a10c000002,yesno,are mouse chromosomes acrocentric,internal_test_LOCKED
5a6e47b1b750ff4455000049,yesno,is overproduction of transthyretin is associated with amyloidosis associated neuropathy,train
5a87124561bb38fb24000001,summary,what is cebocephaly,train
5a8863948cb19eca6b000002,summary,how can network assortativity be applied in the three dimensional analysis of the genome,validation
5a76155c83b0d9ea6600001e,list,which phase iii clinical trials for rheumatoid arthritis involve baricitinib november 2017,train
5a742d620384be9551000002,factoid,which disease risk can be estimated with the stop bang questionnaire,train
5a67a207b750ff4455000008,list,list indications for palivizumab for treatment of rsv induced bronchiolitis,internal_test_LOCKED
5a89a20ffcd1d6a10c00000e,list,list factors that promote lymphangiogenesis,train
5a74a8a70384be9551000005,factoid,which sirna based drug is in clinical trials for the treatment of pancreatic cancer,train
5a86ea05faa1ab7d2e000037,summary,how is ctcf activated post translationally,train
5a80a63ffaa1ab7d2e000023,summary,what is the hpg pore,internal_test_LOCKED
5a67b48cb750ff4455000010,yesno,sgot is an abbreviation for an enzyme other wise known as alanine amino transferase yes or no,internal_test_LOCKED
5a735c143b9d13c708000003,yesno,is patisiran currently november 2017 in clinical phase ii trials,train
5a6e3155b750ff445500003f,factoid,which r bioconductor package has been developed for cancer subtype identification,validation
5a70e1d999e2c3af26000007,yesno,is solanezumab effective for alzheimer s disease,train
5a679be1b750ff4455000005,yesno,are organisms in the genus morexella associated with sepsis,validation
5a6fabfeb750ff4455000062,yesno,are there mammalian promoters with distal enhancer functions,train
5a6e42f1b750ff4455000046,factoid,what gene is mutated in familial mediterranean fever,train
5a6e354fb750ff4455000042,factoid,which r bioconductor package has been developed to aid in epigenomic analysis,train
5a6f77d7b750ff4455000051,yesno,is autosomal dominant inheritanced form of osteogenesis imperfecta caused by mutations in the genes associated with collagen production,train
5a7340962dc08e987e000017,yesno,is apremilast effective for behcet s syndrome,train
5a8965f6fcd1d6a10c000005,yesno,are splicing speckles associated with transcription,validation
5a7361d83b9d13c708000005,summary,what is miravirsen,internal_test_LOCKED
5a6f960fb750ff445500005c,factoid,centor criteria are used for which disease,train
5a737e233b9d13c70800000d,yesno,does enzastaurin improve survival of glioblastoma patients,internal_test_LOCKED
5a723edd2dc08e987e00000c,yesno,is tofacitinib effective for ulcerative colitis,validation
5a86ebf2faa1ab7d2e000038,list,which are the main transcriptional activators of circadian oscillations,validation
5a893da7bc7bade53a000001,yesno,is creb a key memory protein,train
5a7600b983b0d9ea6600000c,list,which clinical trials for psoriasis involved tofacitinib november 2017,train
5a7244aa2dc08e987e00000f,list,which two interleukins are inhibited by ustekinumab,validation
5a551a8fb750ff4455000002,factoid,what is a potential side effect for tymlos,train
5a87f44061bb38fb2400000f,factoid,which disorder has been approved for treatment with alk inhibitors,internal_test_LOCKED
5a8842a261bb38fb24000015,list,list proteins that are targeted by immune checkpoints inhibitors,train
5a86c938faa1ab7d2e000034,list,which genes belong to the aux iaa family of transcription repressors in plants,train
5a67c284b750ff4455000011,summary,what is genomevip,train
5a76018c83b0d9ea6600000e,list,list the ten types of conjoined twins,train
5a6a3464b750ff4455000026,factoid,which algorithm has been developed in order to improve multiple circular sequence alignment using refined sequences,train
5a6d08d5b750ff445500002c,factoid,which stapled peptide has been designed to target ctf4,train
5a70d42899e2c3af26000002,factoid,mutation of which gene causes arterial tortuosity syndrome,validation
5a8b1264fcd1d6a10c00001d,factoid,fusarium oxysporum f sp lycopersici is a plant pathogen in plants producing what common food,train
5a76080683b0d9ea66000015,yesno,is cilengitide effective for treatment of glioblastoma,validation
5a6e3d21b750ff4455000043,summary,what is bbcanalyzer,train
5a6f829eb750ff4455000054,yesno,can multiple myeloma patients develop hyperviscosity syndrome,validation
5a6d1db1b750ff4455000033,summary,what is the purpose of the facebase consortium,train
5a75f2fc83b0d9ea66000007,summary,what is tcga2bed,train
5a6e3fe3b750ff4455000044,yesno,does the human lncrna linc pint promote tumorigenesis,train
5a6e49a4b750ff445500004b,yesno,is ldb1 mediated enhancer looping dependent on cohesin,train
5a67b152b750ff445500000e,summary,describe nursemaid s elbow injury,train
5a7706b79e632bc066000009,summary,what is trismus,internal_test_LOCKED
5a722d9f2dc08e987e000004,summary,what is mechanism of action of benralizumab,train
5a6e4b72b750ff445500004c,yesno,is there any link between ercc1 xpf and cohesin,train
5a6e4136b750ff4455000045,summary,describe the match bam to vcf mbv method,train
5a70ea8299e2c3af2600000b,yesno,does evolocumab improve cognitive function,train
5a72284b2dc08e987e000001,yesno,can radius fracture cause carpal tunnel syndrome,train
5a75f1f383b0d9ea66000006,yesno,can logic alignment free laf be used for bacterial genomes classification,train
5a722a052dc08e987e000002,yesno,is marfan syndrome associated with chordal rupture,validation
5a70e6e899e2c3af26000009,summary,what is the mechanism of action of fremanezumab,train
5a6f8dc6b750ff4455000058,summary,is trastuzumab associated cardiotoxicity reversible,train
5a7610ca83b0d9ea6600001b,summary,what is the role of nimotuzumab in treatment of pontine glioma,validation
5a6e33e4b750ff4455000041,summary,describe annotatr,internal_test_LOCKED
5a75eb6483b0d9ea66000004,summary,what is blount s disease,validation
5a70e88699e2c3af2600000a,summary,describe mechanism of action of nusinersen,train
5a7602be83b0d9ea6600000f,summary,describe king kopetzky syndrome,train
5a6e4592b750ff4455000047,summary,what is the 959 nematode genomes initiative,internal_test_LOCKED
5a6a2dcab750ff4455000023,list,which are the constitutive parts of a genomic regulatory block grb,validation
5a70e4b399e2c3af26000008,factoid,glecaprevir and pibrentasvir are used for tratment of which disease,train
5a777ab9faa1ab7d2e00000a,factoid,what is the drug target s for belsomra,validation
5a6f922fb750ff4455000059,yesno,can canagliflozin cause euglycemic diabetic ketoacidosis,train
5a6e22b9b750ff445500003b,summary,what is cellmaps,train
5a68eabab750ff4455000015,yesno,is there an association between klinefelter syndrome and breast cancer,train
5a7636d39e632bc066000004,list,which r packages have been developed for the discovery of mutational signatures in cancer,validation
5a981e66fcd1d6a10c00002f,list,according to guidelines insulin resistance is one risk factor in the diagnosis of metabolic syndrome name 3 more risk factors,train
5a8715a961bb38fb24000006,factoid,silent allosteric modulation of mglur5 is a form of treatment for what disease,train
5a8718c861bb38fb24000008,factoid,what are check point inhibitors,train
5a8dc57ffcd1d6a10c000025,yesno,are the human bombesin receptors grpr and nmbr frequently overexpressed g protein coupled receptors by lung cancers,validation
5a75f6e083b0d9ea66000009,factoid,which data simulator is available for clip seq experiments,train
5a72329e2dc08e987e000006,factoid,falciform ligament sign is characteristic to which disease,train
5a7615af83b0d9ea6600001f,yesno,is vorinostat effective for glioblastoma,train
5a6d186db750ff4455000031,yesno,is there any role of dlx1 and dlx2 transcription factors in cortical interneurons,train
5a6a7869b750ff4455000028,summary,describe snp2tfbs,validation
5a6cfe27b750ff4455000029,summary,what is smile seq,train
5a6a35b7b750ff4455000027,summary,what is libgapmis,train
5a773c50faa1ab7d2e000002,yesno,has atf4 transcription factor been linked to cancer and neoplastic transformation,train
5a6f87c5b750ff4455000056,yesno,are patients with sjogren syndrome at increased risk for lymphoma,validation
5a75f5aa83b0d9ea66000008,summary,describe jacusa,train
5a722ccd2dc08e987e000003,summary,what is the mechanism of action of tezepelumab,validation
5a6f941eb750ff445500005b,summary,what is the association between kidney donation risk of gestational complications,internal_test_LOCKED
5a70d43b99e2c3af26000003,yesno,does prolactinoma increase osteoporosis risk,internal_test_LOCKED
5a735cdc3b9d13c708000004,factoid,in november 2017 in what phase was the clinical trial for the drug syl040012,internal_test_LOCKED
5a6fa417b750ff445500005f,summary,describe the rna centric annotation system rcas,train
5a87140a61bb38fb24000003,summary,what is chronic wasting disease cwd in deer,validation
5a897927fcd1d6a10c00000a,summary,what does a1c measure,train
5a76016683b0d9ea6600000d,yesno,down s syndrome occurs when an individual has an extra copy or part of a copy of chromosome 21 yes or no,internal_test_LOCKED
5a77072c9e632bc06600000a,summary,what is craniosynostosis,train
5a6fa31ab750ff445500005e,factoid,which method has been developed for assignment of enhancers to target genes,train
5a6fa9f7b750ff4455000061,summary,describe click pegylation,validation
5a897601fcd1d6a10c000008,summary,a sledai score is associated with systemic lupus erythematosus what is a sledai score,internal_test_LOCKED
5a871a6861bb38fb24000009,factoid,what disease is the alk tyrosine kinase associated with,validation
5a67ab79b750ff445500000b,factoid,curb65 score is used for stratification of which disease,internal_test_LOCKED
5a6d196db750ff4455000032,factoid,which resource has been developed in order to study the transcriptional regulation of gabaergic cell fate,validation
5a68f633b750ff4455000019,yesno,is creatinine assessment included in the meld score,train
5a8861eb8cb19eca6b000001,list,list the two most important synaptic markers,train
5a74e9ad0384be955100000a,factoid,what is a serm,validation
5a79d195faa1ab7d2e00000e,yesno,is celiac disease caused by gliadin induced transglutaminase 2 tg2 dependent events,train
5a6d1733b750ff4455000030,factoid,which resource contains accurate enhancer predictions in the developing limb,train
5a7877c0faa1ab7d2e00000c,factoid,what is the first line treatment for sarcoidosis,train
5a68f005b750ff4455000016,factoid,which personality disorder is treated using dialectical behavior therapy,validation
5a79d0b8faa1ab7d2e00000d,factoid,what cellular process are okazaki fragments associated with,validation
5a79d25dfaa1ab7d2e00000f,yesno,does wheat belongs to the genus avena yes or no,train
5a68f965b750ff445500001a,factoid,clue cells are characteristics to which causative bacteria of vaginitis,train
5a68fd01b750ff445500001b,list,what is included in the fourth generation hiv test,train
5a6900ebb750ff445500001d,factoid,which disease is diagnosed using the finkelstein s test,validation
5a6e1280b750ff4455000037,factoid,for which type of cancer can uc 189 be used as a potential prognostic biomarker,validation
5a6d2558b750ff4455000036,yesno,does uc 160 promote cancer,train
5a87145861bb38fb24000004,factoid,what causes black lung,validation
5a6f7e6ab750ff4455000052,list,list four principles of medical ethics,validation
5a6e2578b750ff445500003d,factoid,which package in bioconductor has been developed with the aim to analyze differential dna loops from sequencing data,validation
5a6f853ab750ff4455000055,factoid,which disease can be diagnosed with the probe to bone test,train
5a69031bb750ff445500001e,yesno,can doxycycline cause photosensitivity,train
5a871b8d61bb38fb2400000a,factoid,what body process does the dentate gyrus mossy cell control,internal_test_LOCKED
5a6f98e6b750ff445500005d,factoid,which ligament is most commonly injured in dashboard injury,internal_test_LOCKED
5a897a06fcd1d6a10c00000b,factoid,what is the normal body temperature in dogs,train
5a70d12899e2c3af26000001,list,list symptoms of heerfordt syndrome,train
5a8afbf2fcd1d6a10c00001c,list,in quadruped mammals what bones make up the stifle,train
5a6e21b4b750ff445500003a,yesno,are paralog genes co regulated,internal_test_LOCKED
5a8dc6b4fcd1d6a10c000026,list,list 2 approved drug treatments for inflammatory bowel disease ibd,train
5a6fa61ab750ff4455000060,factoid,which tool exists for microsatellite ssr loci detection and primer design,train
5a75dff883b0d9ea66000003,list,name curated data resources for chip seq data,validation
5a72302b2dc08e987e000005,factoid,treatment of which disease was studied in the gore reduce clinical study,train
5a760e5583b0d9ea66000018,list,which comparisons demonstrate the applicability of stereogene in regulatory genomics,internal_test_LOCKED
5a6f940bb750ff445500005a,summary,what is the aim of the 4d nucleome project,train
5a75ee7e83b0d9ea66000005,list,list symptoms of the zieve s syndrome,train
5a8712af61bb38fb24000002,factoid,what is the link between psoriatic arthritis and depression,train
5a8714e261bb38fb24000005,yesno,is polyadenylation a process that stabilizes a protein by adding a string of adenosine residues to the end of the molecule,validation
5a75df9883b0d9ea66000002,list,which cancers compose carney s triad,train
5a9dad764e03427e73000007,factoid,what is the prediva clinical trial,train
5a9d29571d1251d03b000018,factoid,what effect does azeliragon have on rage,train
5a9e2386de7cb99d40000004,factoid,what is the drug forxiga used for,validation
5a761ac3aacfb9cd4c000002,factoid,what is the most common feature of the doege potter syndrome,train
5a679e8cb750ff4455000006,factoid,milwaukee protocol was tested for treatment of which disease,train
5aa825b1fcf4565872000003,yesno,are stress granules membraneous,train
5aa4f47cd6d6b54f7900000a,summary,when is 16s rrna gene sequencing used,train
5a9ac7ba1d1251d03b000013,factoid,what does intepirdine target,validation
5aa304f1d6d6b54f79000004,yesno,is the consumption of chocolate associated with an increase in cardiovascular disease,validation
5a9924ea1d1251d03b000008,summary,what is the association of circular rna to breast cancer,train
5a981bcffcd1d6a10c00002d,list,list 3 symptoms of wernicke encephalopathy,train
5a763b679e632bc066000006,summary,describe riblast,train
5a9d7caa1d1251d03b00001e,summary,what is alzheimers disease resilience,internal_test_LOCKED
5a8b27e6fcd1d6a10c00001e,factoid,which r package has been developed for analyzing non invasive prenatal testing nipt data,train
5a9d79ca1d1251d03b00001d,yesno,is the gene cdkn2a nevogenic,train
5a80dbaafaa1ab7d2e000026,yesno,are there ways of joint bayesian inference of risk variants,train
5a733efc2dc08e987e000016,summary,describe achenbach s syndrome,train
5a9acba61d1251d03b000014,yesno,has intepirdine been evaluated in clinical trials november 2017,train
5aa3fa73d6d6b54f79000008,yesno,is subacute sclerosing panencephalitis caused by the measles vaccine,train
5aa38f75d6d6b54f79000005,summary,what is host induced gene silencing,train
5a9929ed1d1251d03b000009,summary,what is maternal spindle transfer,internal_test_LOCKED
5a76072283b0d9ea66000013,yesno,does armodafinil improve fatigue of glioma patients,train
5a775182faa1ab7d2e000009,summary,what is the role of tankyrases in response to double strand breaks dsbs,internal_test_LOCKED
5a7486a90384be9551000003,list,which molecules are inhibited by anticancer drug dovitinib,internal_test_LOCKED
5a9922981d1251d03b000007,summary,how do circrnas relate to tumorigenesis,train
5a67c497b750ff4455000012,factoid,which method is available for whole genome identification of pathogenic regulatory variants in mendelian disease,train
5a70ec6899e2c3af2600000c,yesno,is pregabalin effective for sciatica,train
5a9d30241d1251d03b00001b,yesno,can gas vesicles be detected by ultrasound,train
5a9acd921d1251d03b000016,factoid,in what phase of clinical trials is crenezumab november 2017,internal_test_LOCKED
5a76160a83b0d9ea66000020,factoid,which sequence based algorithm for branch point prediction has been proposed,train
5aa55b45d6d6b54f7900000d,factoid,what organism causes scarlet fever also known as scarletina,internal_test_LOCKED
5a9d8a651d1251d03b00001f,factoid,what is the bioarchive system,train
5a76179d83b0d9ea66000021,factoid,which algorithm has been proposed for efficient storage of wgs variant calls,train
5aa4faaed6d6b54f7900000b,yesno,is citrobacter rodentium pathogenic,validation
5a7240aa2dc08e987e00000d,list,list two human monoclonal antibodies against clostridium difficile toxins,internal_test_LOCKED
5aa80873d6d6b54f79000013,list,list ribosomal biogenesis proteins,train
5a774fdcfaa1ab7d2e000008,factoid,which protein is regulated by tudor interacting repair regulator tirr,internal_test_LOCKED
5a804f71faa1ab7d2e00001d,factoid,which algorithm is used for detection of long repeat expansions,validation
5a9ac4e81d1251d03b000011,factoid,which brain tumors does neuroligin 3 promote,train
5a8056a2faa1ab7d2e00001f,factoid,which web resource for lir motif containing proteins in eukaryotes has been developed,train
5aa6c800d6d6b54f79000012,factoid,what is liquid liquid phase transition,internal_test_LOCKED
5a723cd12dc08e987e00000b,yesno,can cd55 deficiency cause thrombosis,train
5a9d31711d1251d03b00001c,factoid,what is the approximate size of gas vesicles,train
5a981dd0fcd1d6a10c00002e,yesno,are sleep apnea and snoring associated with cardiac arrhythmias,train
5aa82180d6d6b54f79000015,yesno,are osteoclasts specialized in bone degradation,internal_test_LOCKED
5aacdcf1fcf4565872000009,list,list bet proteins,train
5a733a672dc08e987e000014,yesno,does temsirolimus improve survival of glioblastoma patients,internal_test_LOCKED
5aad4b37fcf456587200000a,factoid,what is the proteoform,internal_test_LOCKED
5a991ee21d1251d03b000005,yesno,are there sex differences in the transcriptome of the mouse hippocampus,train
5a9ac6821d1251d03b000012,factoid,how does neuronal activity affect neuroligin 3,train
5aa0495bd6d6b54f79000002,summary,what is the role of the blood brain barrier,train
5a9700adfcd1d6a10c00002c,factoid,sclerostin regulates what process,train
5aacd83ffcf4565872000008,summary,what is parp inhibitor parpi resistance,train
5a9d8d691d1251d03b000020,factoid,what is the association of the protein rab10 and alzheimers disease,train
5a9ac4161d1251d03b000010,yesno,does mc1r palmitoylation reduce pigmentation,train
5a96c886fcd1d6a10c00002a,yesno,a bite from the lone star tick amblyomma americanum can cause the victim to become allergic to red meat yes or no,train
5a9d8ffe1d1251d03b000022,summary,what are pqtls,train
5a70dfd599e2c3af26000006,summary,what is dysphoric milk ejection reflex,internal_test_LOCKED
5a7379a83b9d13c70800000a,yesno,is rucaparib effective for ovarian cancer,train
5aad547efcf456587200000b,summary,what is the protein inference problem,train
5a7341fe2dc08e987e000018,summary,what is the link between lithium use during pregnancy and ebstein anomaly,validation
5a9d28981d1251d03b000017,yesno,does verubecestat activate bace,validation
5aa393b3d6d6b54f79000006,summary,what does the ribosome bound quality control complex do,internal_test_LOCKED
5a9da8df4e03427e73000006,factoid,what is emicizumab,internal_test_LOCKED
5a96c74cfcd1d6a10c000029,list,what illness is transmitted by the lone star tick amblyomma americanum,train
5aa50086d6d6b54f7900000c,factoid,which is the function of ubiquilins,internal_test_LOCKED
5a7639419e632bc066000005,factoid,which algorithm has been developed for prediction of protein subcellular localization using deep learning,train
5a9eb008d6d6b54f79000001,list,list the continent of origin for the brown marmorated stinkbug halyomorpha halys,internal_test_LOCKED
5aa55b65d6d6b54f7900000e,list,please list 6 symptoms of scarlet fever,internal_test_LOCKED
5a7347a02dc08e987e00001b,factoid,gallbladder carriage is a well recognised means of spread of which bacteria,train
5a736f0c3b9d13c708000007,list,what is included in the mentzer index,train
5a7373f63b9d13c708000008,factoid,which disease is treated with fexinidazole,train
5a733d2a2dc08e987e000015,yesno,is tocilizumab effective for giant cell arteritis,train
5a774e40faa1ab7d2e000007,yesno,is there a link between nuclear position and dna repair pathway choice,train
5a992eac1d1251d03b00000c,yesno,can non ubiquitinated tomm20 promote mitophagy,train
5a9931cd1d1251d03b00000d,yesno,does sarm1 deletion cause neurodegeneration,internal_test_LOCKED
5aacd38efcf4565872000006,yesno,is dna polymerase θ involved in dna repair,train
5a7339372dc08e987e000013,list,list drugs that are included in the vosevi polypill,validation
5a95765bfcd1d6a10c000028,factoid,what part of what body organ controls the circadian clock,train
5a76344e9e632bc066000003,list,which algorithms are used for compression of sam files,train
5a992b371d1251d03b00000a,factoid,what does metahit stand for,validation
5aa13fd3d6d6b54f79000003,list,list 4 drugs used to treat opioid addiction or overdose,train
5a992d981d1251d03b00000b,yesno,can nanoparticles be used for afterglow imaging,internal_test_LOCKED
5a723a652dc08e987e00000a,summary,describe mechanism of action of romosozumab,train
5aa82388fcf4565872000001,summary,which proteins are regulated by nrf2,train
5aa3fb7ad6d6b54f79000009,factoid,what drug cures hepatitis c,train
5a8b292afcd1d6a10c00001f,yesno,is there any role of interleukin 11 in cardiovascular fibrosis,train
5a9d96564e03427e73000001,list,list major risk factors for alzheimer s disease,train
5a7428090384be9551000001,factoid,what can be predicted with the wells criteria,train
5a7633a89e632bc066000002,summary,what is the purpose of the tabix tool,internal_test_LOCKED
5a76420c9e632bc066000007,summary,what is multovl,internal_test_LOCKED
5a99332a1d1251d03b00000e,summary,how is hsd17b1 associated with endometriosis,train
5aa824a8fcf4565872000002,factoid,what is the drug tecfidera used against,train
5a8ee9d1fcd1d6a10c000027,yesno,is there a disease or condition called exploding head syndrome,train
5a9d2a8f1d1251d03b000019,summary,what is incb3619,train
5a9acc7b1d1251d03b000015,summary,what is crenezumab,train
5a7376e33b9d13c708000009,summary,describe vanishing lung syndrome,train
5a9d2dd21d1251d03b00001a,list,what do the trispecific hiv antibodies target,train
5a96f40cfcd1d6a10c00002b,summary,what is calciphylaxis,train
5ab908d4fcf456587200001a,summary,what is the alternative lengthening of telomeres,train
5ad3aa47133db5eb78000004,summary,which organ express and secretes the hormone fgf21,train
5ace3e3f0340b9f058000012,summary,what is the biological role of neddylation,train
5ab9050bfcf4565872000019,summary,what is break induced replication,train
5ad247720340b9f058000017,summary,what is a fibrocyte,train
5ac7185f0340b9f058000004,list,which cellular functions are affected by lncrna h19 in the heart,train
589a247078275d0c4a000035,factoid,dinutuximab is used for treatment of which disease,train
5ac24c9495d0062724000002,factoid,what is the chip exo method used for,train
5abc9ecffcf4565872000021,factoid,where do mitochondrial dna deletion breakpoints tend to occur,internal_test_LOCKED
5ac721230340b9f058000005,list,name 4 circular rna molecules associated with carcinogenesis,validation
5ac138aa95d0062724000001,factoid,which is the enzymatic activity of nardilysin,train
5ab147edfcf4565872000013,factoid,the mantoux test detects what latent infection disease,train
5a9d99ac4e03427e73000002,factoid,what is measured with the proseek panels,train
58ec6eb5eda5a5767200000c,yesno,is enlimomab effective for stroke treatment,train
5a74acd80384be9551000006,yesno,are aav vectors considered for the treatment of retinal dystrophies,train
58ec709aeda5a5767200000e,yesno,does international citicoline trial on acute stroke trial supports efficacy of citicoline for stroke treatment,train
5ad240f70340b9f058000015,yesno,is human lysyl oxidase like 2 a glycoprotein,train
5ad3013d0340b9f058000019,yesno,can gdf15 be a biomarker for metformin treatment,train
5aa395fcd6d6b54f79000007,yesno,has rituximab been considered as a treatment for chronic fatigues syndrome november 2017,internal_test_LOCKED
5ab9032afcf4565872000018,yesno,does oncogene induced dna replication stress inhibit genomic instability,internal_test_LOCKED
5abd3707fcf456587200002d,yesno,is the petrous bone used in ancient dna sampling,train
5abc974bfcf456587200001f,yesno,is recursive splicing more common in short introns,train
5ac07b67dd95b2cd42000001,yesno,is lysyl oxidase crosslinking collagen,internal_test_LOCKED
5ab2cdc5fcf4565872000016,yesno,is sternotomy closure done using either a sternal zipfixtm implant or conventional steel wire following cardiac surgery,train
5ac24f7595d0062724000003,yesno,is transcription of erna bidirectional,train
5ad35933133db5eb78000001,yesno,is the protein pelota a ribosomal rescue factor,train
5a9db99ffd02ddc336000001,yesno,is cxcl7 a chemokine,train
5ab144fefcf4565872000012,yesno,the trpm2 gene is associated with development of spontaneous thromboembolism,train
5ac0aee419833b0d7b000004,yesno,is a mutation of the zikv s membrane protein prm responsible for the microcephaly in new born infants,internal_test_LOCKED
5ad4f4f5133db5eb7800000a,summary,what is the aim of the phencode database,train
5ac28c0c95d006272400000a,summary,what is the basis of the sp3 procedure used in proteomics,train
5abc9157fcf456587200001e,summary,what is enhancer hijacking,train
5aa67b4fd6d6b54f7900000f,summary,what disease is tinea,train
5abc9c1efcf4565872000020,summary,how are deletion breakpoints defined,train
5ab8fb5bfcf4565872000017,summary,how is the nuclear localization of lncrna mediated,internal_test_LOCKED
5abd31e0fcf456587200002c,summary,what is atac seq,validation
5a8d8f39fcd1d6a10c000024,summary,what is the tale id method used for,internal_test_LOCKED
5aa67b6ad6d6b54f79000010,summary,what is paget s disease,train
5aae651ffcf456587200000d,summary,what is the function of penicillinase also known as beta lactamase,train
5ab1483bfcf4565872000014,factoid,the common house cat felis silvestris catus and the domestic dog canis familiaris both belong to what taxonomic order,internal_test_LOCKED
5abcf6b9fcf4565872000027,summary,what is caused by the ectopic expression of ctcf,train
5ac0fccf19833b0d7b000007,summary,what is the dardarin protein,train
5a896c26fcd1d6a10c000007,factoid,in which syndrome is the rps19 gene most frequently mutated,train
5ac37afc0340b9f058000002,factoid,what type of sequences do enhancers evolve from,internal_test_LOCKED
5abcf010fcf4565872000023,factoid,what nerve is involved in carpal tunnel syndrome,train
5ad243e30340b9f058000016,factoid,what is the function of lox proteins in the ecm,train
5abcf755fcf4565872000028,list,please list 3 diseases treated with valtrex valacyclovir,internal_test_LOCKED
5ace17c30340b9f058000009,factoid,which olfactory gene senses androsterone,train
5abd13e1fcf4565872000029,factoid,where in the body would the navicular bone be found,validation
5ac716810340b9f058000003,factoid,name an lncrna associated with dilated cardiomyopathy,validation
5ace19420340b9f05800000a,factoid,which gene is responsible for red hair,train
5abd5a62fcf4565872000031,factoid,which bacteria was ecori restriction endonuclease isolated from,train
5ace37d50340b9f058000011,factoid,which is the main reason for the increase in the incidence of cryptococcal disease,train
5ace20fa0340b9f05800000c,list,which genes are responsible for the high altitude adaptation of tibetans,train
5a8980d2fcd1d6a10c00000d,factoid,which is the main protein in brown adipose tissue bat active in thermogenesis,train
5a9e202bde7cb99d40000002,factoid,which method is proseek based on,internal_test_LOCKED
5a99566e1d1251d03b00000f,list,with which personality traits has the human monoamine oxidase a maoa gene been associated,train
5aafc37afcf4565872000010,factoid,what is the function of hdac proteins,train
5a885add61bb38fb24000017,factoid,what is the h4s47c cleavage mapping method used for,train
5aacd487fcf4565872000007,factoid,which human gene encode for dna polymerase θ,train
5ac0a82d19833b0d7b000003,factoid,in what percentage of skeletal muscle fibers is dystrophin expression restored after ppmo mediated exon skipping,internal_test_LOCKED
5ac725250340b9f058000006,factoid,which mirna is associated with the circular rna cirs 7,internal_test_LOCKED
5abd2ce0fcf456587200002a,factoid,which are the two main bacterial phyla in human gut,internal_test_LOCKED
5aac5469fcf4565872000005,list,what are 7 symptoms of yellow fever,train
5ad6e431133db5eb7800000e,factoid,which test is used for the definition of colour blindness,train
5ac08fe7d0c506ce46000003,factoid,of what origin is the mcf 7 cell line,train
5ad255210340b9f058000018,yesno,is lumican a secreted protein,train
5ab2cc66fcf4565872000015,factoid,cytochrome p450 cyp3a is induced by rifampicin and compounds used to treat what virus,train
5ace238e0340b9f05800000d,factoid,which human chromosome is the product of fusion,train
5ac09a7b19833b0d7b000001,factoid,where is the epcam protein mainly located,train
5abbe429fcf456587200001c,factoid,what is the drug target for eliquis apixaban,internal_test_LOCKED
5a7d5580faa1ab7d2e00001a,list,what in vivo tau tracers are being used,train
5abbfd97fcf456587200001d,factoid,what is the formalin test used for,train
5ab90a79fcf456587200001b,factoid,what drug treatment can cause a spinal epidural hematoma,train
5ac2776195d0062724000006,list,list diseases caused by protein glutamine expanded repeats,train
5a86e6fafaa1ab7d2e000036,factoid,what is the nucleotide composition of the lamin associated domains lads,internal_test_LOCKED
5ad4dd93133db5eb78000008,factoid,what is the clathrin triskelia structure,train
5abcf108fcf4565872000025,summary,what is myelin,train
5aa6800ad6d6b54f79000011,yesno,is brucella abortus the organism that causes brucillosis known to cause spontaneous abortions in humans,train
5ace1a590340b9f05800000b,factoid,what percentage of homo sapiens dna is of neanderthal origin,train
5abcf66afcf4565872000026,summary,what is dupuytren s contracture,validation
5ace2d600340b9f05800000e,summary,what phenotype is associated with the v60l mutation in the human mc1r gene,train
5abd44b1fcf4565872000030,list,list proteins with heat repeats,train
5ac08478d0c506ce46000002,summary,what is the aim of perfoming a cycloheximide chase assay,train
5ac0a36f19833b0d7b000002,factoid,what is an exosome,internal_test_LOCKED
5ac3699f0340b9f058000001,factoid,are human enhancers or promoters evolving faster,train
5ac0f7b919833b0d7b000006,list,what are the 3 antidotes for anticoagulant anti blood clotting drugs including factor xa inhibitors as of november 2017,train
5ace34eb0340b9f058000010,list,which genes are associated with epidermolysis bullosa simplex,train
5aac543bfcf4565872000004,factoid,what biologic process in the body is associated with mast cells,train
5aae6a86fcf456587200000e,list,what are the 3 types of ultraviolet uv solar radiation,train
5aaef38dfcf456587200000f,list,please list 10 conditions which play a role in causing atrial fibrillation,train
5ac0817cd0c506ce46000001,yesno,is p53 a transcription factor,validation
5a9d9ab94e03427e73000003,yesno,is cystatin d a biomarker,validation
5abcf0b0fcf4565872000024,factoid,what causes leishmaniasis,train
5abce6acfcf4565872000022,list,please list 7 classes of drugs that interact with warfarin,internal_test_LOCKED
5a74eaa50384be955100000b,factoid,what part of the body is affected by mesotheliomia,validation
5aae6499fcf456587200000c,factoid,what is borsa,validation
5ace12be0340b9f058000007,factoid,which gene is responsible for proper speech development,train
5a9da59c4e03427e73000005,factoid,what is pnppp,internal_test_LOCKED
5a9da37e4e03427e73000004,summary,what is mendelian randomization,internal_test_LOCKED
5be48c39133db5eb7800001d,factoid,what does the pembrolizumab companion diagnostic test assess,train
5c5f56501a4c55d80b00002a,factoid,what is the combined effect of nfat and mir 25,train
5ad303970340b9f05800001a,list,in what states are gdf15 expression increased,train
5c34ad63da8336e21a000007,factoid,which genomic positions are preferentially selected for transposon insertion,train
5c65b7657c78d6947100000c,factoid,which lisp framework has been developed for image processing,train
5acf74460340b9f058000013,factoid,which gene controls the consistency of cerumen ear wax,train
5be44ed3133db5eb78000016,factoid,what is the origin of human breast milk bacteria,internal_test_LOCKED
5ad83cd6133db5eb78000010,factoid,which species is the carrier of the sfts severe fever with thrombocytopenia syndrome virus,validation
5c55de1607647bbc4b00000a,list,list four features of the whim syndrome,internal_test_LOCKED
5c58474786df2b9174000001,factoid,which algorithm has been developed for the automatic extraction of co expressed gene clusters from gene expression data,train
5be47df8133db5eb78000019,list,which bacteria are enriched in the gut microbiome of infants following exposure to fury pets,train
5ad4eddf133db5eb78000009,list,list the main ppi databases,train
5c58a74e86df2b917400000d,yesno,is baloxavir effective for influenza,train
5be47fcb133db5eb7800001a,factoid,which member of the human mycobiota is associated to atherosclerosis,validation
5c5f03371a4c55d80b000009,list,list intramembrane rhomboid peptidases,train
5c5f094c1a4c55d80b00000c,factoid,where is the protein bouncer located,train
5c2f669e133db5eb78000031,factoid,how many genes in s cerevisiae are the result of an ancient whole genome duplication,train
5c58962286df2b9174000007,factoid,which intoxication is associated with burton s line,train
5c59872b86df2b9174000017,factoid,which tool has been developed for coverage calculation for genomes,train
5be48987133db5eb7800001c,factoid,which type of sarcoma has been associated with members of the oral microbiome,train
5c307474133db5eb78000033,factoid,which complex is bound by estrogen related receptor β esrrb,train
5c632542e842deac6700000d,factoid,which approach was used to diagnose a patient with cutis verticis gyrata intellectual disability cvg id syndrome,train
5c58b99586df2b9174000012,factoid,cemiplimab is used for treatment of which cancer,train
5be494a0133db5eb7800001f,factoid,which cancer has the kynureninase pathway been associated to,internal_test_LOCKED
5c34a029da8336e21a000003,list,which organs are mostly affected in systemic lupus erythematosus sle,internal_test_LOCKED
5c5f0fb41a4c55d80b000013,factoid,what is a gpi anchor,train
5c34ac49da8336e21a000006,factoid,in which way does dna hydroxymethylation affect patients with systemic lupus erythematosus,validation
5c5f10791a4c55d80b000014,factoid,what is the function of papola pap,train
5be94f3d133db5eb78000022,list,list 3 diseases for which sarnas have been evaluated as a potential treatment,internal_test_LOCKED
5c588efb86df2b9174000004,factoid,what is the mechanism of action of brigatinib,validation
5c532ad97e3cb0e23100001a,factoid,which database associates human noncoding snps with their three dimensional interacting genes,internal_test_LOCKED
5c011057133db5eb78000025,factoid,in which phase of clinical trials was sutezolid in 2018,train
5c5f2c0c1a4c55d80b000021,factoid,what is gingipain,train
5c0112dd133db5eb78000026,factoid,for which disease is sutezolid developed,train
5c011448133db5eb78000027,factoid,what does gepotidacin do to bacteria,internal_test_LOCKED
5c5f3a1f1a4c55d80b000028,factoid,what is the role of fucokinase,train
5be44bef133db5eb78000014,yesno,are there microbes in human breast milk,train
5c61bacae842deac67000001,yesno,is cariprazine effective for treatment of bipolar disorder,train
5c55d75807647bbc4b000008,yesno,is bobble head doll syndrome associated with hydrocephalus,train
5be44f50133db5eb78000017,yesno,can breastfeeding confer protection from type i diabetes,train
5be47bff133db5eb78000018,yesno,can pets affect infant microbiomed,train
5be48282133db5eb7800001b,yesno,is there any association between the human gut microbiome and depression,train
5c2f8127133db5eb78000032,yesno,are whole genome duplications more divergent than small scale duplications in yeast,internal_test_LOCKED
5c34794fda8336e21a000001,yesno,do yeast ltr give rise to circular dna,train
5c644c3de842deac67000018,yesno,is cohesin linked to myeloid differentiation,train
5be49287133db5eb7800001e,yesno,is pembrolizumab effective against ewing s sarcoma,train
5be94b87133db5eb78000020,yesno,can gene therapy restore auditory function,train
5c58447f07647bbc4b000021,yesno,is the pines framework being used for the prediction of coding variants,train
5c647c52e842deac6700001c,yesno,is erythropoietin effective for treatment of amyotrophic lateral sclerosis,train
5c6638717c78d69471000012,yesno,is celecoxib effective for treatment of amyotrophic lateral sclerosis,validation
5c5897c786df2b9174000008,summary,what is hemolacria,train
5c531e887e3cb0e231000018,yesno,are ultraconserved enhancers important for normal development,train
5c5f12d91a4c55d80b000016,yesno,is chlorotoxin a peptide,validation
5c00f38e133db5eb78000023,yesno,does vesatolimod inhibit tlr7,train
5c5f21a81a4c55d80b00001c,yesno,is selenocysteine an aminoacid,train
5c58923c86df2b9174000005,yesno,is tecovirimat effective for smallpox,train
5c010e09133db5eb78000024,yesno,can simvastatin alleviate depressive symptoms,internal_test_LOCKED
5c5f2b771a4c55d80b000020,yesno,is p gingivalis bacteria found in brain,train
5c58ac2286df2b917400000f,yesno,is ibudilast effective for multiple sclerosis,internal_test_LOCKED
5c0114ec133db5eb78000028,yesno,does gepotidacin activate bacterial topoisomerase,train
5c5207377e3cb0e231000002,summary,what is the 3d genome browser,train
5ad3130c0340b9f05800001d,summary,are gut proteobacteria associated with inflammatory disease,train
5c588d0986df2b9174000003,factoid,what brain procedure can be done using the neuroblate system,train
5c522b487e3cb0e231000008,summary,describe genomiser,train
5c580aff07647bbc4b00001a,factoid,which ultraconserved element is associated with embryonic stem cells esc self renewal,validation
5c5824cf07647bbc4b00001d,summary,what is tpmcalculator,internal_test_LOCKED
5c5866c086df2b9174000002,summary,describe clinical presentation of escobar syndrome,train
5be94c90133db5eb78000021,summary,what is small activating rna,validation
5c58a0e486df2b917400000c,summary,what is the mechanism of action of ivosidenib,validation
5c34b45eda8336e21a000008,summary,which is the basis of the atac seq protocol,train
5c597a5086df2b9174000016,summary,what is vcfanno,validation
5c53242b7e3cb0e231000019,summary,what is the association of disease associated strs dastrs with domain boundaries,validation
5c52ca7c7e3cb0e23100000d,summary,what is the link between ultraconserved elements and three dimensional mammalian genome organization,train
5c3479dcda8336e21a000002,summary,what are the ohnologs,validation
5c58d9db86df2b9174000013,summary,what is tissueenrich,train
5c54496907647bbc4b000002,summary,describe oligostorm,train
5c34a761da8336e21a000005,list,which metabolic pathways have been associated with systemic lupus erythematosus,train
5be44d8b133db5eb78000015,list,what are the 3 main bacteria found in human milk,train
5c581e1507647bbc4b00001c,factoid,which algorithm has been developed for trio based benchmarking of variant calls,validation
5c55d9b707647bbc4b000009,factoid,which molecule is targeted by caplacizumab,train
5be2a070133db5eb78000013,list,in which tissues is the lincrna xist expressed,train
5ad4d758133db5eb78000007,factoid,which is the main component of the lewy body,train
5c0e82b2133db5eb7800002d,list,what forms part of the senescence associated secretory phenotype or sasp,train
5c2cf051133db5eb78000030,factoid,how many pseudogenes are contained in the c elegans genome,train
5c5f08ad1a4c55d80b00000b,factoid,what is a aquaporin channel,train
5c5f0d071a4c55d80b000010,factoid,what is cluster of differentiation,train
5c61cdd7e842deac67000004,list,list two medication included in the juluca pill,internal_test_LOCKED
5c56b96e07647bbc4b000010,factoid,which tool has been developed for tagging biomedical concepts via interactive learning,train
5c5f30c91a4c55d80b000025,factoid,which cells produce interleukin 17a,train
5c5607aa07647bbc4b00000e,yesno,is durvalumab used for lung cancer treatment,train
5c5f0c5a1a4c55d80b00000f,yesno,is lrp1 interacting with urokinase receptor,internal_test_LOCKED
5c0e838b133db5eb7800002e,yesno,is obesity related to cognitive decline,train
5c58b26386df2b9174000011,summary,describe the mechanism of action of ibalizumab,internal_test_LOCKED
5c5f0d861a4c55d80b000011,summary,describe information obtained by immunophenotyping,train
5c58a92386df2b917400000e,summary,what is the mechanism of action of emicizumab,train
5ad35d01133db5eb78000003,factoid,what is the genetic cause of roberts syndrome,train
5c54600207647bbc4b000004,summary,what is diseaseenhancer,train
5c56033607647bbc4b00000c,yesno,is tisagenlecleucel effective for b cell lymphoma,train
5ad3072a0340b9f05800001b,summary,what is the function of gfral,validation
5c6d7ff87c78d6947100003c,summary,what is the role of zcchc17,train
5c76cea17c78d694710000a7,yesno,is adp ribosylation a ptm,validation
5c56fd7407647bbc4b000013,yesno,does epidural anesthesia for pain management during labor affect the apgar score of the the infant,train
5c76e20f7c78d694710000ab,summary,what is latex bead phagocytosis,train
5c5f22951a4c55d80b00001d,yesno,is phospholipid hydroperoxide glutathione peroxidase a selenoprotein,train
5c6d88257c78d6947100003d,summary,describe cgmaptools,train
5c73aced7c78d69471000087,yesno,is inositol effective for trichotillomania,train
5c70001f7c78d6947100005c,summary,how is the regulatory trait concordance rtc calculated,train
5c76d31c7c78d694710000a9,summary,what is filipin staining used for,internal_test_LOCKED
5c640fa1e842deac67000011,yesno,is tiam1 favoring tumor progression in colorectal cancer crc,train
5c6be8f07c78d69471000032,factoid,which database has been developed that contains experimentally confirmed carbonylated proteins,internal_test_LOCKED
5c6585097c78d69471000003,summary,what is the function of the nup153 protein,train
5c663afe7c78d69471000013,yesno,is pacritinib effective for treatment of myelofibrosis,validation
5c66d6167c78d69471000018,summary,how can pegylation improve recombinant drugs,train
5c571f7607647bbc4b000017,yesno,can exposure to heavy metals like lead pb or cadmium cd cause changes in dna methylation patterns in isoetes sinensis,internal_test_LOCKED
5c6d8b237c78d6947100003e,summary,describe genecodeq,internal_test_LOCKED
5c57031107647bbc4b000014,yesno,has glyceraldehyde 3 phosphate dehydrogenase gapdh been reported to be a plasminogen receptor in pathogenic bacteria,train
5c61f379e842deac67000006,list,which de novo truncating mutations in wasf1 cause intellectual disability,train
5c6549e1e842deac67000022,yesno,can cpx 351 be used for the treatment of tuberculosis,train
5c72d4c77c78d6947100007c,list,which proteins form the nuclear pore basket in human cells,train
5c654c14e842deac67000025,yesno,does lucatumumab bind to cd140,train
5c6636c57c78d69471000011,summary,what is the mechanism of action of arimoclomol,train
5c641179e842deac67000012,list,what are the effects of stef depletion,internal_test_LOCKED
5c53131e7e3cb0e231000012,list,please list symptoms of measles,train
5c73ad0b7c78d69471000093,yesno,does simvastatin improve outcomes of aneurysmal subarachnoid hemorrhage,train
5c641c60e842deac67000013,list,which databases can exchange data using matchmaker exchange s api,train
5c72aaed7c78d6947100006f,yesno,is pazopanib an effective treatment of glioblastoma,train
5c73ad0e7c78d69471000095,summary,what is the purpose of the ottawa ankle rule,internal_test_LOCKED
5c6ffde47c78d69471000059,summary,what is cibersort used for,train
5c643485e842deac67000015,yesno,are de novo mutations in regulatory elements responsible for neurodevelopmental disorders,validation
5c73ad367c78d69471000099,factoid,which molecule is targeted by olaratumab,validation
5c6db9917c78d69471000043,summary,what is pandas disease,train
5c7c0e2fd774d0424000000d,yesno,are phagosomal proteins ubiquitinated,train
5c7b1a5fd774d0424000000c,factoid,a herd immunity of what percentage of the population is required to prevent sporadic outbreaks,train
5c73ad327c78d69471000097,yesno,does tremelimumab improve survival of mesothelioma patients,validation
5c6587d77c78d69471000005,yesno,can enasidenib be used for the treatment of acute myeloid leukemia,train
5c5315727e3cb0e231000014,list,what membrane proteins constitute tam family of receptor tyrosine kinases rtks,train
5c645313e842deac67000019,list,what are the effects of the deletion of all three pcdh clusters tricluster deletion in mice,train
5c6548d4e842deac67000020,summary,what is cpx351,train
5c783236d774d04240000001,yesno,is collagen the most abundant human protein,train
5c6ffdd47c78d69471000058,list,what micro rnas are useful in the diagnosis and prognosis of heart failure,train
5c654aede842deac67000023,summary,what is ivosidenib,train
5c5f11c31a4c55d80b000015,list,list proteins interacting with star pap,train
5c72f9847c78d69471000081,summary,describe symptoms of the visual snow syndrome,internal_test_LOCKED
5c5f18501a4c55d80b000017,summary,what is the role of the leucosporidium ice binding protein,train
5c76be617c78d694710000a5,yesno,is the enzyme erap2 associated with the disease birdshot chorioretinopathy,internal_test_LOCKED
5c5219f67e3cb0e231000006,factoid,as of september 2018 what machine learning algorithm is used to for cardiac arrhythmia detection from a short single lead ecg recorded by a wearable device,train
5c73ad377c78d6947100009a,yesno,does panitumumab prolong survival of biliary tract cancer patients,train
5c630666e842deac6700000c,factoid,which microrna is the mediator of the obesity phenotype of patients carrying 1p21 3 microdeletions,validation
5c6ffee17c78d6947100005a,summary,what is the aim of the metabric project,train
5c654b3de842deac67000024,list,name 3 diseases for which lucatumumab is being tested,train
5c74111f7c78d694710000a1,factoid,which transcription factor binding site is contained in alu repeats,validation
5c5f218a1a4c55d80b00001b,summary,what is ferroptosis,validation
5c536b857e3cb0e23100001c,factoid,what disease is treated with laparoscopic heller myotomy lhm,train
5c658a8f7c78d69471000007,list,name 4 side effects of enasidenib,train
5c6582207c78d69471000001,yesno,is lucatumumab a polyclonal antibody,train
5c73ad027c78d6947100008d,factoid,what is evaluated with the sad persons scale,train
5c5245b57e3cb0e23100000a,summary,briefly describe a deep learning system that is more accurate than human experts at detecting melanoma,train
5c783d32d774d04240000004,factoid,which human disease is experimental autoimmune encephalomyelitis eae model for,internal_test_LOCKED
5c76d0417c78d694710000a8,factoid,what is the cause if the rare disease cystinosis,train
5c662c507c78d6947100000d,yesno,is lithium effective for treatment of amyotrophic lateral sclerosis,train
5c73acea7c78d69471000085,yesno,should dacomitinib be used for treatment of glioblastoma patients,train
5c6545bae842deac6700001d,factoid,which molecular does daratumumab target,train
5c7161f47c78d69471000066,factoid,what is etarfolatide used for,validation
5c5f264b1a4c55d80b00001e,factoid,what is the function of plasminogen activator inhibitor 1,train
5c66329e7c78d6947100000f,summary,what is the mechanism of action of durvalumab,validation
5c6aef167c78d69471000023,factoid,which tool has been developed for gpu accelerated alignment of bisulfite treated dna sequences,train
5c646fd3e842deac6700001a,factoid,which disease is gemtuzumab ozogamicin used for,train
5c6fff2e7c78d6947100005b,summary,what is geneweaver used for,internal_test_LOCKED
5c6d7bb57c78d6947100003b,yesno,are there ultraconserved regions in the budding yeast saccharomyces cerevisiae,train
5c61d278e842deac67000005,factoid,which disease can be classified with the awaji criteria,validation
5c530ff67e3cb0e23100000f,summary,endolymphatic hydrops is associated with meniere s disease please provide a summary of endoymphatic hydrops including the symptoms and affected body part,train
5c6473b2e842deac6700001b,factoid,where does gemtuzumab ozogamicin bind,validation
5c5312097e3cb0e231000011,factoid,where in what us state was there a measles outbreak in an amish community,internal_test_LOCKED
5c640c2ee842deac67000010,yesno,is there any role for huwe1 in myc signalling,train
5c76c1457c78d694710000a6,list,list mhc i associated inflammatory disorders,train
5c65abd17c78d69471000009,factoid,what is the predicted function for tmem132 family,validation
5c0115e0133db5eb78000029,factoid,what type of topoisomerase inhibitor is gepotidacin,train
5c6633f27c78d69471000010,summary,what is the mechanism of action of alpelisib,internal_test_LOCKED
5c5f1f371a4c55d80b00001a,factoid,what is the normal function p53,train
5c011bbf133db5eb7800002c,summary,what is eravacycline,train
5c66d3977c78d69471000017,summary,what is pegylation,internal_test_LOCKED
5c5249077e3cb0e23100000b,factoid,what is the 3d tomography imaging technique for diagnosis of eye disease,train
5c65897a7c78d69471000006,factoid,which was the first mutant idh2 inhibitor to be approved for patients with acute myeloid leukemia,train
5c5310c37e3cb0e231000010,factoid,what part of the body is affected by meniere s disease,internal_test_LOCKED
5c6e146a7c78d6947100004c,list,which two drugs are included in the mavyret pill,train
5c60382ac01990ff41000002,summary,describe the 4d chains algorithm,train
5c780caf7c78d694710000af,summary,what is an organoid,validation
5c674aed7c78d69471000019,yesno,do raspberries improve postprandial glucose and acute and chronic inflammation in adults with type 2 diabetes,train
5c7836dad774d04240000002,yesno,are mesenchymal stem cells msc multipotent cells,internal_test_LOCKED
5c61bd04e842deac67000002,list,which two drugs are included in the entresto pill,train
5c6b198f7c78d69471000025,yesno,is there a deep learning algorithm for protein solubility prediction,internal_test_LOCKED
5c5215e67e3cb0e231000004,yesno,have machine learning methods been used to predict the severity of major depressive disorder mdd,train
5c5f2d5a1a4c55d80b000023,summary,what is known about the gut bacteria and depression,train
5c6583117c78d69471000002,yesno,can midostaurin inhibit angiogenesis,internal_test_LOCKED
5c6585287c78d69471000004,list,for which indications has midostaurin received fda and ema approval,train
5c629fffe842deac67000009,yesno,does groucho related gene 5 grg5 have a role only in late development,train
5c73ad087c78d69471000091,list,which drugs are included in the orkambi pill,train
5c6c46677c78d69471000035,list,list available r packages for processing nanostring data,train
5c65901c7c78d69471000008,factoid,which disease is pgt121 used for,train
5c663c547c78d69471000014,summary,what is the mechanism of action of anlotinib,train
5c6d8f4c7c78d6947100003f,summary,describe canvas spw,train
5c76e6d27c78d694710000ac,list,list phagosomal markers,train
5c0119f3133db5eb7800002b,list,list bacterial families for which delafloxacin has been shown to be effective,train
5c78080e7c78d694710000ae,factoid,what is the cause of sandhoff disease,train
5c6da11e7c78d69471000042,yesno,are there tools for reviewing variant calls,validation
5c65468ce842deac6700001e,factoid,name one ccr4 targeted drug,train
5c6b78b77c78d69471000028,summary,what is the mechanism of action of cemiplimab,train
5c51f01e07ef653866000002,factoid,which algorithm has been developed for finding conserved non coding elements cnes in genomes,train
5c531d8f7e3cb0e231000017,factoid,what causes bathing suit ichthyosis bsi,train
5c5205137e3cb0e231000001,list,what type of data does the uk biobank resource contain,train
5c65495be842deac67000021,yesno,has ivosidenib been fda approved for use against acute myeloid leukemia,validation
5c7036127c78d69471000064,list,which two surgical methods were compared in the razor trial,validation
5c51f44c07ef653866000004,yesno,are copy number variants cnvs depleted in regions of low mappability,train
5c5214207e3cb0e231000003,list,list potential reasons regarding why potentially important genes are ignored,train
5c51f9dd07ef653866000005,factoid,which random forest method has been developed for detecting copy numbers variants cnvs,train
5c5f29a81a4c55d80b00001f,factoid,what is the indication for truvada,train
5c5b2f4b1a4c55d80b000001,yesno,is adar3 involved in learning and memory,validation
5c7ab080d774d0424000000b,list,list sting agonists,validation
5c6dfdf27c78d69471000047,list,list drugs that were tested in the checkmate 214 trial,train
5c5b4a941a4c55d80b000002,factoid,mutations in which gene have been found in patients with the clapo syndrome,train
5c608f0cc01990ff41000003,summary,what is camurweb,internal_test_LOCKED
5c51f16307ef653866000003,summary,describe slic cage,train
5c5f2cef1a4c55d80b000022,yesno,there is no drug available to prevent hiv infection pre exposure prophylaxis prep yes or no,internal_test_LOCKED
5c6b7fb27c78d6947100002d,factoid,burosumab is used for treatment of which disease,train
5c629937e842deac67000008,factoid,what is the most common monogenic cause of common variable immunodeficiency cvid in europeans,train
5c6e01af7c78d69471000048,list,list two indications of letermovir,train
5c536c427e3cb0e23100001d,summary,what is achalasia,train
5c52cde87e3cb0e23100000e,yesno,does allele phasing improve the phylogenetic utility of ultraconserved elements,train
5c5f39011a4c55d80b000027,summary,what is burning mouth syndrome bms,internal_test_LOCKED
5c7839edd774d04240000003,factoid,when is serum afp used as marker,train
5c5723a007647bbc4b000019,yesno,have yeast prions become important models for the study of the basic mechanisms underlying human amyloid diseases,train
5c6e05f37c78d69471000049,factoid,rv3 bb vaccine is used for prevention of which viral infection,validation
5c6b7bee7c78d6947100002a,yesno,is dupilumab effective for treatment of asthma,internal_test_LOCKED
5c5410647e3cb0e23100001e,summary,what is the role of the mcm2 ctf4 polα axis,train
5c674c287c78d6947100001a,factoid,what is anophthalmia,train
5c54224807647bbc4b000001,list,what are the roles of lem 3,validation
5c52c8b07e3cb0e23100000c,summary,what is the contribution of ultraconserved elements in australasian smurf weevils,train
5c54d00e07647bbc4b000005,summary,how does botulism toxin act on the muscle,train
5c6bec987c78d69471000033,factoid,what is the most common pediatric glioma,internal_test_LOCKED
5c7aae9dd774d0424000000a,factoid,what is the function of the protein encoded by the gene sting,validation
5c544c1707647bbc4b000003,list,list uniparental disomy upd detection algorithms,validation
5c6dfba77c78d69471000046,summary,describe the mechanism of action of apalutamide,train
5c6e0f537c78d6947100004a,factoid,which molecule is inhibited by larotrectinib,train
5c6bedd57c78d69471000034,summary,what is bayesian haplotyping used for,internal_test_LOCKED
5c6b7daa7c78d6947100002b,list,list major features of tempi syndrome,train
5c6e12247c78d6947100004b,summary,describe herpetic whitlow,train
5c6e16eb7c78d6947100004e,factoid,sweat chloride testing is used for which disease,train
5c54d1a207647bbc4b000007,factoid,what is nyctinasty in plants,train
5c6d441d7c78d69471000037,yesno,does eucommia ulmoides leaf extract ameliorates steatosis fatty liver induced by high fat diet,train
5c561da707647bbc4b00000f,list,list the releases of tmvar,train
5c51fb7a07ef653866000006,factoid,which deep learning algorithm has been developed for variant calling,train
5c57041807647bbc4b000015,list,what 2 biological processes are regulated by stamp2 in adipocytes,train
5c6f0ebf7c78d69471000050,summary,what is the mechanism of action of pitolisant,validation
5c56bbb107647bbc4b000011,list,which methods have been developed for extracting sequence variants from the literature,train
5c6f107c7c78d69471000051,list,which molecules are targeted by defactinib,train
5c6dbda27c78d69471000044,summary,what is chrysophanol,internal_test_LOCKED
5c51fe8907ef653866000007,factoid,what is the percentage of individuals at risk of dominant medically actionable disease,train
5c6ffa257c78d69471000056,list,please list the 4 genes involved in sanfilippo syndrome also known as mucopolysaccharidosis iii mps iii,validation
5c56c5e107647bbc4b000012,summary,what is cardioclassifier,internal_test_LOCKED
5c580fe107647bbc4b00001b,list,list clinical disorders or diseases where uc 189 is involved,train
5c6b82a17c78d6947100002f,yesno,is verubecestat effective for alzheimer s disease,validation
5c6ffc5b7c78d69471000057,summary,what is the role of metalloproteinase 17 adam17 in nk cells,train
5c6f14297c78d69471000052,list,what is the triad of melkersson rosenthal syndrome,train
5c6f15577c78d69471000053,yesno,is galcanezumab effective for treatment of migraine,validation
5c52028807ef653866000009,yesno,can mitochondria be inherited by both parents in humans,train
5c71648b7c78d69471000067,yesno,can diazepam be beneficial in the treatment of traumatic brain injury,validation
5c58282e07647bbc4b00001e,list,name the algorithms for counting multi mapping reads,train
5c57216e07647bbc4b000018,yesno,in clinical trials the h3 r antagonist cep 26401 has a positive effect on cognition yes or no,validation
5c71d6d27c78d6947100006a,factoid,fecal transplantation is used to treat infection with what bacteria,train
5c6f6d997c78d69471000055,yesno,is pimavanserin effective for parkinson s disease psychosis,validation
5c0117fd133db5eb7800002a,factoid,when did delafloxacin receive its first approval in the usa for acute bacterial skin and skin structure infections,train
5c71d7ca7c78d6947100006b,factoid,erenumab used to treat migraine headaches binds to what protein,train
5c58db1386df2b9174000014,summary,what are the cadd scores,train
5c53143b7e3cb0e231000013,summary,what is a prolactinoma and where in the body would they be found,internal_test_LOCKED
5c596ad686df2b9174000015,list,which integrin genes are activated by the immune system in inflammatory bowel disease,internal_test_LOCKED
5c5b268986df2b9174000019,factoid,which is the database of somatic mutations in normal cells,train
5c72a9147c78d6947100006e,list,which drugs are included in the lonsurf pill,train
5c5317e77e3cb0e231000015,summary,what is the association of epigallocatechin with the cardiovascular system,train
5c6641ea7c78d69471000016,summary,what is the mechanism of action of tucatinib,train
5c72ade07c78d69471000070,factoid,which enzyme is inhibited by a drug lorlatinib,train
5c53191a7e3cb0e231000016,factoid,what periodontal disease associated bacteria is also associated with alzheimer s disease,train
5c5b52731a4c55d80b000003,yesno,is deletion at 6q24 2 26 associated with longer survival of patients with high grade serous ovarian carcinoma hgsocs,train
5c7813f57c78d694710000b0,factoid,how does the cholera toxin enter a cell,validation
5c72b4897c78d69471000071,summary,describe the mechanism of action of lurbinectedin,train
5c65484ee842deac6700001f,yesno,can mogamulizumab be used for the treatment of cutaneous t cell lymphoma,train
5c72b6be7c78d69471000072,list,which enzymes are inhibited by duvelisib,train
5c78174b7c78d694710000b1,list,list search engines used in proteomics,train
5c72ba807c78d69471000076,yesno,is avelumab effective for bladder cancer,internal_test_LOCKED
5c6b7a9e7c78d69471000029,yesno,is cabozantinib effective for hepatocellular carcinoma,train
5c62a276e842deac6700000a,list,de novo mutations in which novel genes are involved in systemic lupus erythematosus,train
5c5839e707647bbc4b00001f,yesno,is there a link between bcl11b haploinsufficiency and syndromic neurodevelopmental delay,train
5c663e277c78d69471000015,summary,what is the mechanism of action of motolimod,internal_test_LOCKED
5c6f6ae37c78d69471000054,yesno,is lasmiditan effective for migraine,train
5c7034ae7c78d69471000063,list,list drugs included in the triumeq pill,train
5c6d97497c78d69471000040,yesno,are there graph kernel libraries available implemented in java,train
5c571dd307647bbc4b000016,factoid,what organism causes hepatic capillariasis,internal_test_LOCKED
5c6b810e7c78d6947100002e,factoid,cerliponase alfa is apprived for treatment of which disease,train
5c6df86b7c78d69471000045,yesno,is baricitinib effective for rheumatoid arthritis,train
5c8436f875a4a5d219000002,summary,what is the function of parp1,train
5c73acf27c78d6947100008a,yesno,is semagacestat effective for treatment of alzheimer s disease,train
5c73ace87c78d69471000084,factoid,which molecule is inhibited by ivosidenib,internal_test_LOCKED
5c88593d75a4a5d21900000a,summary,what is cog112,train
5c928958ecadf2e73f000017,list,list the four advances integrated into the sherlockv2 platform,validation
5c840daf617e120c34000007,yesno,does rhamnose have any effect on aging,validation
5c7d6b3e45e140a523000001,yesno,is there any approved treatment for nafld,train
5c72bd047c78d69471000077,yesno,can pazopanib be used for treatment von hippel lindau disease,internal_test_LOCKED
5c61f767e842deac67000007,factoid,which ploidy agnostic method has been developed for estimating telomere length from whole genome sequencing data,internal_test_LOCKED
5c929094ecadf2e73f000019,factoid,what happens to retrotransposons during ageing,internal_test_LOCKED
5c85171875a4a5d219000004,summary,what is the function of taraxasterol in rheumatoid arthritis,train
5c89461675a4a5d219000013,yesno,is netrin 1 a secreted protein,train
5c72f6b17c78d6947100007f,factoid,which enzyme is deficient in wolman disease,train
5c62a529e842deac6700000b,yesno,is the yeast saccharomyces cerevisiae genome organized into topologically associated domains tads,train
5c93e5acecadf2e73f00001a,factoid,what is mov10,train
5c72a5ca7c78d6947100006d,yesno,as of feb 2019 are major brain gangliosides a target for the treatment of alzheimer s disease,internal_test_LOCKED
5c89623bf9c2ba6b28000005,factoid,which cancer is associated with increased levels of serum alpha fetoprotein afp,train
5c72f8557c78d69471000080,yesno,is miller dieker syndrome associated with abnormalities of chromosome 1,train
5c63286ae842deac6700000e,list,list clinical symptoms of the mecom associated syndrome,train
5c93e6a1ecadf2e73f00001b,yesno,does the interaction of mov10 and rnaseh2 promote l1 retrotransposition,train
5c72bd967c78d69471000078,summary,what is the role of cd28 with respect to bacterial superantigen toxins,train
5c8cd26a0101eac870000003,factoid,what is the exoproteome,train
5c72fb4a7c78d69471000082,list,list features of the triple a syndrome,internal_test_LOCKED
5c83ff91617e120c34000005,summary,what is the mechanism of the drug crt0066101,train
5c8cdfe50101eac870000004,factoid,which protein is the mitochondrial carrier homolog 2 mtch2 receptor for,internal_test_LOCKED
5c642fbce842deac67000014,summary,what is phenomecentral,train
5c84346b75a4a5d219000001,factoid,what organism causes rhombencephalitis,validation
5c8cfca70101eac870000005,yesno,has the protein sirt2 been associated to cervical cancer,train
5c73acef7c78d69471000088,factoid,which receptor is targeted by erenumab,validation
5c6438a5e842deac67000016,yesno,are recessive coding variants responsible for the majority of undiagnosed nonconsanguineous individuals,train
5c8962e8d558e5f232000001,summary,how can super enhancers be used in disease diagnosis,train
5c8d00980101eac870000006,list,list sirtuin inhibitors,train
5c6445f0e842deac67000017,yesno,is the nlm medical text indexer mti still useful and relevant,internal_test_LOCKED
5c8972d4d558e5f232000006,yesno,has strimvelis been approved by the european medicines agency,train
5c85234775a4a5d219000007,factoid,what antibiotic is currently used as the standard of care for clostridium difficile infection as of 2018,train
5c8d0a980101eac870000008,summary,which proteins are markers of hpv oncogenic activity,train
5c73acf57c78d6947100008c,list,which features are evaluated with the crafft screening test,train
5c65ae757c78d6947100000a,summary,describe the bartender algorithm,train
5c8973f3d558e5f232000007,factoid,which was the first gene therapy to receive marketing authorization in the european union,train
5c83f858617e120c34000003,yesno,is treatment with bacillus calmette guerin used for bladder cancer,train
5c5f0f581a4c55d80b000012,list,list lymphocytes that are analyzed by a flow cytometer,train
5c73ad057c78d6947100008f,list,list two drugs that are included in the akynzeo pill,train
5c65b2e87c78d6947100000b,summary,describe capsim,train
5c8974bcd558e5f232000008,factoid,which company produces glybera,validation
5c84394375a4a5d219000003,summary,what is the mode of action of tetrocarcin a,validation
5c5f2dc21a4c55d80b000024,list,list some substances important for proper nervous system function that gut microbes produce,train
5c73ad077c78d69471000090,factoid,safinamide is approved for treatment of which disease,train
5c920fc3ecadf2e73f000011,factoid,what is the tradename of apixaban,train
5c6ab4c17c78d6947100001d,factoid,under which environment does selansi run,train
5c73acf17c78d69471000089,yesno,is eculizumab used for treatment of myasthenia gravis,internal_test_LOCKED
5c92871decadf2e73f000016,factoid,what is the name of the cas13 based diagnostic test for the zika and dengue viruses,train
5c8feae70101eac87000000e,summary,what are crispr cas12a proteins,train
5c920f13ecadf2e73f000010,factoid,what type of drug is apixaban,train
5c928afeecadf2e73f000018,yesno,can cardiospheres be produced from skin fibroblasts,validation
5c72b7277c78d69471000073,factoid,what the chromsomal location of the gene that is deleted in potocki shaffer syndrome,train
5c851a8175a4a5d219000005,list,list 3 enterotoxins produced by clostridium difficile,train
5c7d5ae9d774d04240000010,factoid,which tissue secretes vaspin,train
5c7d520ed774d0424000000f,list,list adipokines,internal_test_LOCKED
5c73ace67c78d69471000083,list,list features of the door syndrome,train
5c6d6b377c78d69471000039,list,which web based pedigree editors are available,train
5c73ad097c78d69471000092,summary,what is the mechanism of action of solriamfetol,train
5c928303ecadf2e73f000014,summary,what is the difference between the nuclease cas13a and c2c2,internal_test_LOCKED
5c83fd8e617e120c34000004,factoid,phlorotannin is extracted from what plant,train
5c7d5fcfd774d04240000011,factoid,where are pannexins localized,train
5c73ad0c7c78d69471000094,summary,what is the mechanism of action of cariprazine,train
5c6acb107c78d6947100001f,factoid,which tool is used to visualise the junction sites of chloroplast genomes,internal_test_LOCKED
5c6d783e7c78d6947100003a,list,which curated databases exist for spider venom toxins,validation
5c8fee200101eac87000000f,factoid,what is the difference between crispr cas12a and crispr cpf1,train
5c851c2675a4a5d219000006,list,please list 2 antitoxin antibodies approved by the fda for reducing the recurrence of clostridium difficile infection,validation
5c8bfe25d558e5f23200000f,list,list the functions of the protein lactotransferrin,train
5c73ad347c78d69471000098,yesno,does axitinib prolong survival of pancreatic cancer patients,internal_test_LOCKED
5c6ad2997c78d69471000020,factoid,which python tool has been developed for network based stratification of tumor mutations,train
5c8fef490101eac870000010,factoid,through which protein interaction does mlp regulate f actin dynamics,train
5c5217fd7e3cb0e231000005,yesno,is there any association between suicide and autism in adolescents yes or no,train
5c8c05c70101eac870000001,yesno,is lactotransferrin a tumour suppressor,internal_test_LOCKED
5c72bfcd7c78d6947100007a,summary,what is cvt 301,train
5c6ad3be7c78d69471000021,yesno,are there tools for visualizing and processing long read sequencing data,train
5c900983ecadf2e73f000002,list,name sirna drugs that have entered phase 2 3 clinical trials by 2019,train
5c8d15cf0101eac870000009,factoid,where is fatty acid binding protein 2 expressed,train
5c72f5247c78d6947100007e,factoid,which gene mutation is associated with woodhouse sakati syndrome,train
5c6b15467c78d69471000024,list,mention computational tools that have been developed for alternative polyadenylation apa sites analysis,internal_test_LOCKED
5c900a9becadf2e73f000003,summary,what is patisiran,internal_test_LOCKED
5c73acec7c78d69471000086,factoid,losigamone can be used for treatment of which disease,internal_test_LOCKED
5c6bda9d7c78d69471000031,list,which curated data resources for chip seq data are available,train
5c909b6cecadf2e73f000005,factoid,how many pseudokinases are there in the human kinome,train
5c73ad047c78d6947100008e,summary,what is the mechanism of action of inclisiran,internal_test_LOCKED
5c6d65637c78d69471000038,factoid,which tool has been developed for visualization of non covalent contacts,validation
5c910813ecadf2e73f000006,summary,what is opdivo,train
5c674eac7c78d6947100001b,yesno,has hesperidin any role as a neuroprotective agent,internal_test_LOCKED
5c8857e975a4a5d219000009,yesno,are apoe mimetics being considered as a treatment against alzheimer s disease,train
5c73ad0f7c78d69471000096,list,which diseases are treated with netarsudil,train
5c6d9a157c78d69471000041,yesno,can you computationally predict molecular recognition features morfs regions in intrinsically disordered proteins idps,train
5c9158a5ecadf2e73f000008,list,which malignancies is keytruda approved for before 2017,train
5c915a8becadf2e73f000009,factoid,which was the first approved tumor treatment using a common biomarker rather than specified tumor locations in the body,validation
5c915ca7ecadf2e73f00000b,summary,what does prevnar 13 consist of,train
5c920df7ecadf2e73f00000f,factoid,what is the route of administration of apixaban,internal_test_LOCKED
5c632cc1e842deac6700000f,factoid,what is the cause of a stag3 truncating variant,validation
5c6c497d7c78d69471000036,list,which tools have been developed for computing split networks,train
5c88550075a4a5d219000008,list,list 3 apoe mimetics,train
5c93ea7cecadf2e73f00001d,summary,what are there sex differences in samhd1 activity,internal_test_LOCKED
5ca60a77ecadf2e73f00004d,summary,which enhancers are characterized as latent,train
5c88b8a275a4a5d21900000b,summary,what is the difference between cog133 and cog112,train
5c97a08becadf2e73f000029,yesno,velocardial facial syndrome otherwise known as di george syndrome is caused by a deletion in chromosome 21 yes or no,train
5c8ab614d558e5f23200000d,yesno,is the protein asporin related to disease,train
5ca61176ecadf2e73f00004e,yesno,can tad disruption lead to disease,validation
5c8908a475a4a5d21900000c,yesno,is l 4f an apoe mimetic peptide,train
5c8c095e0101eac870000002,list,which cells secrete lactotransferrin,internal_test_LOCKED
5c890ad575a4a5d21900000d,factoid,which plant does oleuropein originate from,train
5ca0bf00ecadf2e73f000045,factoid,reslizumab is a humanized monoclonal antibody to treat what specific type of asthma,train
5c92869aecadf2e73f000015,factoid,what is the function of the protein magt1,internal_test_LOCKED
5c890c3375a4a5d21900000e,yesno,can oleuropein aglycone interfere with amyloid aggregation,train
5c990241ecadf2e73f00002d,factoid,what is the function of the transcriptional co activator p300,train
5c890e6d75a4a5d21900000f,factoid,what is another name for the plant sideritis scardica,train
5ca9f5e4ecadf2e73f000052,summary,how are gas vesicle proteins used in imaging,train
5c9904eaecadf2e73f00002e,factoid,from where is gamabufotalin gbt isolated,train
5c895e5ef9c2ba6b28000002,summary,what are super enhancers,internal_test_LOCKED
5caa0806ecadf2e73f000057,yesno,is apelin usually decreased in diabetes,train
5c9a6693ecadf2e73f000031,factoid,what is a mitosome,train
5c897082d558e5f232000004,factoid,what is the price of kymriah treatment in 2019,train
5cb0856decadf2e73f000058,factoid,human dihydroorotate dehydrogenase is a drug target and is involved in what biosynthetic pathway,validation
5c9d18f1ecadf2e73f000033,list,list targets of classical analgesics,train
5ca0fdb0ecadf2e73f000049,yesno,is actin present in the nucleus,train
5c896f60d558e5f232000003,factoid,what is the indication for kymriah,train
5c8fe1f10101eac87000000a,factoid,what is the effect of nfia on astrocyte differentiation,train
5c960afaecadf2e73f00001e,summary,what is the mode of action for tocilizumab,train
5c9e6407ecadf2e73f000034,factoid,where is the protein protamine 2 expressed,train
5c8fea130101eac87000000d,yesno,can mir 122 target runx2,train
5c960d88ecadf2e73f00001f,yesno,tocilizumab is an anti tnf antibody yes or no,train
5c9e6ab9ecadf2e73f000035,yesno,is it possible to analyze exosomes with facs,train
5c910ae0ecadf2e73f000007,factoid,which company developed opdivo,internal_test_LOCKED
5c960f21ecadf2e73f000020,factoid,what are dmards,internal_test_LOCKED
5c9e6e99ecadf2e73f000036,factoid,what is the aim of the mitoception protocol,train
5c915e51ecadf2e73f00000c,yesno,can prevnar 13 be used in children,internal_test_LOCKED
5c9160bcecadf2e73f00000d,yesno,was stelara developed by amgen,validation
5c961603ecadf2e73f000022,list,list off label uses for rituximab,train
5c9e766becadf2e73f000038,yesno,can mitochondria pass through membrane nanotubes,validation
5c978924ecadf2e73f000023,summary,what is quorum sensing in bacteria,train
5c9efde8ecadf2e73f000039,factoid,what is the cause of krabbe disease,train
5c89623bf9c2ba6b28000004,factoid,name a cfl2 mutation which is associated with nemaline myopathy,train
5c9789a9ecadf2e73f000024,factoid,what cellular process is the gene product of nanog involved in,train
5c890ff475a4a5d219000010,list,name the uses of sideritis scardica in traditional medicine,train
5c978a2aecadf2e73f000025,summary,what are the phenotypic features of the autosomal dominant development disease noonans syndrome,train
5c9f1b0cecadf2e73f00003c,yesno,are protamines ubiquitously expressed,train
5c891d5075a4a5d219000011,yesno,are crocus sativus compounds being considered against alzheimer s disease,internal_test_LOCKED
5c9791d2ecadf2e73f000026,factoid,rickettsia felis was described as a human pathogen almost two decades ago what is it s main arthropod vector,train
5ca0848aecadf2e73f000044,yesno,are there any anti amyloid antibody approved as drug for alzheimer s disease treatment,validation
5c891e5575a4a5d219000012,yesno,do crocus sativus extracts loosen the blood brain barrier,validation
5ca0fa96ecadf2e73f000048,yesno,are artificial blood cells available,train
5c895cf0f9c2ba6b28000001,yesno,have apolipoprotein mimetics been used in clinical trials,train
5c979ffcecadf2e73f000028,list,what are 2 organisms that can cause human toxocariasis,train
5c8960a6f9c2ba6b28000003,summary,what is the dbsuper database,train
5c97f579ecadf2e73f00002a,list,list places in the body where somatostatin is produced,train
5ca10fefecadf2e73f00004a,yesno,is the philadelphia chromosome a fusion between parts of chromosomes 1 and 9,validation
5c896ce0d558e5f232000002,summary,what is yescarta,train
5c9f79c3ecadf2e73f00003d,list,what are the 3 types of immunoglobulin heavy chain containing antibodies found in human breast milk,train
5cb0d647ecadf2e73f000059,factoid,what is a exposome,validation
5c897167d558e5f232000005,factoid,what does the strimvelis treatment consist of,internal_test_LOCKED
5c9f7bb6ecadf2e73f00003e,yesno,can therapeutic levels of vedolizumab be found in the breast milk of nursing mothers following treatment for inflammatory bowel disease,train
5cb0e4a6ecadf2e73f00005b,factoid,what is predicted using surfy,train
5c897555d558e5f232000009,factoid,which was the first adeno associated virus vector gene therapy product approved in the united states,internal_test_LOCKED
5c8a8f56d558e5f23200000b,summary,what is known about the gene mir140,train
5c89773ed558e5f23200000a,factoid,which gene therapy treatment is fda approved for retinal dystrophy,train
5c9fb428ecadf2e73f000041,factoid,salivary cortisol is a biomarker for what disease syndrome condition,train
5c8aa082d558e5f23200000c,factoid,what is the function of the cgas pathway,train
5c8fe71b0101eac87000000b,yesno,does runx2 inhibit astrocyte differentiation,train
5c9fb583ecadf2e73f000042,list,what are 5 key questions in human performance modeling,train
5c98fcf0ecadf2e73f00002c,summary,what is the mode of action of the tc toxins,train
5c8fe7cb0101eac87000000c,factoid,what does runx2 stand for,train
5c9ff25eecadf2e73f000043,factoid,where in the body would the cobb stainsby excision arthroplasty be performed,validation
5c9906dcecadf2e73f00002f,yesno,are cardenolides inhibitors of na k atpase,train
5c900779ecadf2e73f000001,yesno,can antisense threapy be used for huntington s disease,validation
5ca9f932ecadf2e73f000054,summary,what are acoustic reported genes used to detect,train
5ca3bfd7ecadf2e73f00004b,summary,what is a lipin 1 protein doing,train
5c900b9eecadf2e73f000004,factoid,which company produces patisiran,train
5caa0247ecadf2e73f000055,factoid,what protein is recruited by crumbs to regulate tracheal development,train
5ca5127eecadf2e73f00004c,yesno,is collagen matrix of human articular cartilage changing with disease,train
5c9162b5ecadf2e73f00000e,yesno,is ustekinumab a polyclonal antibody,internal_test_LOCKED
5caa06d0ecadf2e73f000056,factoid,where in the body is ghrelin secreted,internal_test_LOCKED
5ca64b5becadf2e73f000051,list,list the erm proteins,train
5c922bc3ecadf2e73f000013,summary,what is epitranscriptomics,train
5c840782617e120c34000006,factoid,what is resistin,train
5cb37f76ecadf2e73f00005c,yesno,is pim 1 a protein phosphatase,train
5c9007460101eac870000012,list,name three binding partners of cofilin 2,train
5ca9f846ecadf2e73f000053,factoid,what is the function of gvpa,validation
5c521c8c7e3cb0e231000007,summary,what is a smr based bci,train
5cb38a56ecadf2e73f00005e,yesno,is myc a tumour suppressor gene,train
5c93e8bdecadf2e73f00001c,factoid,which syndrome is associated to samhd1 gene mutations,internal_test_LOCKED
5c990afbecadf2e73f000030,list,list proteins with ring domain,train
5c9d170cecadf2e73f000032,summary,what conditions are associated with mutations in the gene faah,validation
5cb39707ecadf2e73f000060,factoid,what is the results of mutations in the gene autoimmune regulator,validation
5cb3a2dd99d1e53537000001,yesno,is cd63 an exosomal marker,train
5ca0c81eecadf2e73f000047,yesno,is subdural empyema a complication of sinusitis,train
5c9fb2aaecadf2e73f00003f,summary,what is aphasia,train
5c98ac7fecadf2e73f00002b,yesno,anaplasma phagocytophilum is an obligate gram negative intracellular bacterium yes or no,validation
5c979383ecadf2e73f000027,summary,what is the role of acyl homoserine lactone in bacteria,train
5c961281ecadf2e73f000021,list,list 3 indications for rituximab,train
5cb380b8ecadf2e73f00005d,yesno,is the crystal structure of pim 1 available,train
5c92159becadf2e73f000012,yesno,do tumour associated macrophages have a prognostic role in gliomas,validation
5c9f0dabecadf2e73f00003b,yesno,is tnf α an activator of pancreatic stellate cells,train
5c9e738decadf2e73f000037,yesno,can mitochondria transfer from cell to cell,internal_test_LOCKED
5e44c33a48dab47f26000020,yesno,can enlimomab improve stroke outcomes,validation
5e31b575fbd6abf43b00004c,list,what is the triad of alport syndrome,validation
5d384ce87bc3fee31f000013,yesno,does grhl2 over expression lead to emt,train
5e7f5eaa835f4e4777000018,summary,what is intanza,train
5e7f5cc5835f4e4777000015,yesno,is the fluzone intradermal and the fluzone intradermal quadrivalent vaccine produced by different companies,validation
5e3aab25b5b409ea5300001a,summary,what is the purpose of the barricaid annular closure device,train
5e6157cb1af46fc13000000e,factoid,what disease is associated with mutations in the mecp2 transcription factor,train
5e821ac5835f4e4777000031,yesno,is endotrophin derived from collagen,train
5e44b04c48dab47f26000016,factoid,which receptor is inhibited by bimagrumab,train
5d3852d07bc3fee31f000014,factoid,where is the yeast transpozable element ty3 preferentially inserted,train
5e342175fbd6abf43b000064,list,list features of the currarino triad,internal_test_LOCKED
5e776cfe835f4e4777000010,factoid,when was afrezza approved by the fda,train
5e6ea5b9c6a8763d23000008,summary,what are invasomes,train
5e36a901b5b409ea53000005,list,which t ucrs have been implicated in lung cancer,validation
5e7f6090835f4e477700001a,yesno,can daptacel be used instead of ipol,train
5e806ff7835f4e4777000027,yesno,is ace2 expressed on cell surfaces,train
5e3a6a4eb5b409ea53000016,list,list symptoms of the one and a half syndrome,train
5e7f5d0d835f4e4777000016,factoid,when was fluzone intradermal replaced with fluzone intradermal quadrivalent,train
5e639b111af46fc130000012,list,list the cancers that are associated with sbla syndrome,train
5e7744c3835f4e4777000005,yesno,can leuprorelin acetate be used as androgen deprivation therapy,validation
5e475d3035b8f0833c000002,list,which factors are included in the the append score,train
5d386d66a1e1595105000003,summary,what is the function of the ssx proteins,train
5e6e35b07fc1ee872b000004,yesno,are astrocytes part of the blood brain barrier,internal_test_LOCKED
5e776c98835f4e477700000f,summary,what is invaplex 50,internal_test_LOCKED
5d38790da1e159510500000d,list,which x chromosome abnormalities present lupus like symptoms,internal_test_LOCKED
5e493a3e6d0a277941000002,list,which lncrnas are regulated by sam68,internal_test_LOCKED
5e35dc26158f994d3a000006,factoid,how many proteins have been queried for protein partners by the drosophila protein interaction map dpim,train
5e6de9441af46fc130000023,summary,what is known about the orphan receptor gpr151,train
5e639a8b1af46fc130000011,yesno,is li fraumeni syndrome a rare autosomal recessive hereditary disorder that predisposes carriers to cancer development,train
5d386fbfa1e1595105000005,factoid,which is the target of belimumab in systemic lupus erythematosus treatment,train
5e48bf5ed14c9f295d000019,factoid,salzburg eeg criteria are used to diagnose which disorder,train
5e6e4a6c51b80c9423000002,list,list the components of the compass complex,train
5e776c72835f4e477700000e,yesno,has the drug afrezza been approved by the fda,train
5e4601293f54159529000002,factoid,central vein sign is characteristic to which disease,train
5e6e487151b80c9423000001,factoid,which is the catalytic activity of the protein encoded by the gene kmt2c,train
5d374c727bc3fee31f00000d,factoid,which is the most mutated gene in dilated cardiomyopathy dcm,train
5e6e5d1d51b80c9423000003,list,list psychiatric diseases that are associated with synaptosome associated protein 25 snap25,train
5e36cf8eb5b409ea53000007,factoid,which type of cells protect haematopoietic stem and progenitor cells hspcs from ultraviolet light induced dna damage in aquatic vertebrates,validation
5d387573a1e159510500000a,factoid,which is the primary interacting protein of blk,internal_test_LOCKED
5e8220e6835f4e4777000032,yesno,is protoporphyrinogen oxidase localized to the mitochondrium,train
5e764440c6a8763d23000013,factoid,how many doses of vaxchora are required,train
5e6e82eac6a8763d23000001,factoid,what is the slc25a20 protein transporting,train
5e7f5a18835f4e4777000013,list,list the vaccine strains contained in fluvirin,train
5e36d498b5b409ea53000008,yesno,do de novo truncating mutations in wasf1 cause cancer,train
5e7f5b43835f4e4777000014,list,list the attenuated live viruses contained in the fluzone intradermal quadrivalent vaccine,validation
5e44baaa48dab47f2600001a,list,which kinases are inhibited by pyrotinib,train
5e30fa32fbd6abf43b000048,factoid,which bacteria causes rat bite fever,train
5d36c0e37bc3fee31f00000b,summary,what is the role of gata3 in th2 cells,train
5e37183cb5b409ea53000014,summary,describe the disambiguate algorithm and its application in next generation sequencing data,train
5e64ed381af46fc130000015,yesno,are icams intracellular adhesion molecules part of the immunoglobulin superfamily,train
5e57fa23b761aafe09000008,yesno,is traditional chinese medicine associated with a decreased risk of heart failure in breast cancer patients receiving doxorubicin treatment,internal_test_LOCKED
5e5e502a1af46fc13000000a,factoid,what receptor is associated with the protein encoded by the spätzle gene,train
5e35c75d158f994d3a000001,list,list targeted genome editing methodologies,train
5e6df5b51af46fc130000025,yesno,is pten a tumour suppressor,train
5d3840257bc3fee31f000011,summary,which is the function of the prdm9 protein in mammals,train
5e30b870fbd6abf43b000038,factoid,which graph database is used by the reactome graph database,train
5e76436cc6a8763d23000012,factoid,what is the route of administration of vaxchora,train
5e6de3f21af46fc130000022,factoid,what is the target of the drug remdesivir,train
5e81d6c6835f4e4777000030,summary,what is known about epha2 in drug resistance,internal_test_LOCKED
5d3802a27bc3fee31f00000e,summary,how is slc22a3 imprinted,train
5e3e8b1c48dab47f26000008,summary,what are the effects of 14 3 3 dimers on tau phosphorylation,internal_test_LOCKED
5d387098a1e1595105000006,yesno,is the tyrosine kinase btk implicated in autoimmunity,train
5e35d7cd158f994d3a000005,summary,what is the bioplex network,train
5e36d5b9b5b409ea53000009,factoid,which algorithm has been developed for detecting expansions of tandem repeats,train
5e319617fbd6abf43b000049,factoid,which clotting factor is in the andexxa,internal_test_LOCKED
5d38542b7bc3fee31f000015,summary,how are nucleosome posisitions correlated with sites of 5 methyl cytosine 5mc or 5 hydroxy methyl cytosine 5hmc,train
5e4b52e36d0a27794100001b,list,which drugs are included in the drug lonsurf,train
5e7cbf1b835f4e4777000012,summary,what is 23andme,train
5d387721a1e159510500000c,yesno,is induction of interferon by tlr7 higher in males,train
5e669e401af46fc13000001a,factoid,cushing s disease is associated with a tumor in what part of the body,train
5e764647c6a8763d23000016,factoid,which was the first genetically modified organism gmo to be used as vaccine,validation
5d383af27bc3fee31f000010,summary,how does prdm9 recognize the specific dna motifs for meiotic recombination,train
5d38673da1e1595105000002,list,which micro rnas mir are associated with the human cycloxygenase 2 cox 2 gene promoter,train
5d3826427bc3fee31f00000f,factoid,what percentage of patients of nasopharyngeal carcinoma npc develop recurrent disease,validation
5e5e50751af46fc13000000b,factoid,what classes of drugs does retapamulin belong to,internal_test_LOCKED
5e44af0848dab47f26000015,summary,what is the mechanism of action of ozanimod,train
5e6e9689c6a8763d23000006,summary,what are syndecans,train
5e639c051af46fc130000013,summary,what is chemokinesis,validation
5e6399dd1af46fc13000000f,factoid,what cellular process is jak stat involved in,train
5e323a37fbd6abf43b000057,summary,what is the link between dental x ray and brain tumor risk,train
5e64f1921af46fc130000018,yesno,is there a vaccine for rotavirus,train
5e36a718b5b409ea53000004,factoid,which t ucr has been implicated in prostate cancer,train
5e2d7ceefbd6abf43b00000b,yesno,is bnn20 involved in parkinson s disease,validation
5d38663da1e1595105000001,factoid,which domain of the moz myst3 protein complex associates with histone h3,train
5e776db8835f4e4777000011,factoid,which company sells the drug afrezza since 2015,train
5e35d3c6158f994d3a000003,yesno,is there a role for mrpl53 in cancer,train
5e36a4b7b5b409ea53000003,yesno,does uc 63 promote sensitivity to treatment in prostate cancer,train
5e6df7887fc1ee872b000001,factoid,what is the gene ptenp,train
5e47546d3f54159529000019,factoid,rachmilewitz index is used for which diseases,validation
5e80669e835f4e4777000025,summary,list angiotensin converting enzyme inhibitors,validation
5e774660835f4e4777000007,summary,how does androgen deprivation therapy affect pain perception,train
5e3ab4f8b5b409ea5300001b,factoid,what is oac chv,internal_test_LOCKED
5e6e767e51b80c9423000006,summary,what is known about autosomal dominant alzheimer s disease,train
5e4609b83f54159529000005,list,list characteristic features of the revesz syndrome,validation
5e2b3d97fbd6abf43b00000a,yesno,does bnn27 promote memory loss,train
5e4946bf6d0a277941000005,yesno,are genomic regulatory blocks grbs any different than tads,train
5e67bc121af46fc13000001c,yesno,are spinal intradural primary malignant peripheral nerve sheath tumors mpnst rare in neurofibromatosis patients,train
5e776845835f4e477700000a,factoid,what does mva85a stand for,train
5e776541835f4e4777000009,yesno,can mva85a confer immunity against smallpox,internal_test_LOCKED
5e6e2c1e7fc1ee872b000002,yesno,is mll3 part of the ascom complex,internal_test_LOCKED
5d387360a1e1595105000007,list,what are the effects of camk4 inhibition,internal_test_LOCKED
5e4949d36d0a277941000006,list,list cohesinopathies,train
5e822615835f4e4777000034,factoid,which protein is mutated in erythropoietic protoporphyria,train
5e476da1d14c9f295d000002,yesno,is marimastat effective for small cell lung cancer,train
5d386ed6a1e1595105000004,factoid,which part of the tnfr2 gene is genetically associated with systemic lupus erythematosus,validation
5e51de866d0a27794100003f,summary,what is vismapper,train
5e3c83c548dab47f26000001,summary,what is taupathy,train
5e4b64126d0a277941000028,yesno,is figitumumab effective for non small cell lung cancer,train
5e3ab58db5b409ea5300001c,yesno,the lincs l1000 data set contains gene expression data for drug treated human cells yes or no,train
5e3ac64eb5b409ea5300001d,summary,what is a cytokine storm,internal_test_LOCKED
5e49c2356d0a277941000010,factoid,which database exists that contains regulatory snps which affect predicted transcription factor binding site affinity,internal_test_LOCKED
5e52a4ec6d0a277941000044,factoid,which r package has been developed for ms based label free phosphoproteomics,train
5e46bdcd3f54159529000007,yesno,is there a vaccine for peanut allergy,internal_test_LOCKED
5e3eba5548dab47f26000009,factoid,the virus that causes fip feline infectious peritonitis belongs to what family,train
5e807578835f4e4777000028,summary,what is a cytokine storm,internal_test_LOCKED
5e476b99d14c9f295d000001,yesno,is golimumab effective for sarcoidosis,train
5e80675d835f4e4777000026,yesno,is sars virus interacting with ace2 encoded protein,internal_test_LOCKED
5e7f5f1a835f4e4777000019,summary,what is soluvia,validation
5e3ebaa348dab47f2600000a,yesno,is the fip virus thought to be a mutated strain for the feline enteric coronavirus,train
5d36bb777bc3fee31f00000a,yesno,does satb1 regulate the rag1 and rag2 genes,train
5d38577b7bc3fee31f000017,factoid,what is the main difference between nascent and mature chromatin,train
5d371ec97bc3fee31f00000c,yesno,is ctcf bound at nucleosome free regions,train
5e3c6850b5b409ea5300001f,yesno,is bortezomib a proteasome inhibitor,validation
5d3856ca7bc3fee31f000016,yesno,is prdm9 essential for meiosis,train
5d387e24a1e1595105000011,summary,what is particular about the mouse fxy gene s chromosomal position,train
5e4b5f9a6d0a277941000021,yesno,should pentoxifylline be used for treatment of amyotrophic lateral sclerosis,internal_test_LOCKED
5e4025f148dab47f2600000b,summary,what does a pet positron excitation tomography measure,train
5e52bc986d0a277941000049,yesno,is the cadm2 gene associated with differences in information processing speed,train
5e52af9e6d0a277941000048,summary,what is genecodeq,train
5e494cf96d0a277941000008,yesno,is nivolumab opdivo a pd l1 inhibitor,train
5e4b5fd86d0a277941000022,yesno,does clinical trial data support the use of minocycline for amyotrophic lateral sclerosis,train
5e81cb50835f4e477700002f,summary,what are apoptotic bodies,train
5e776a10835f4e477700000c,yesno,is the drug exubera currently march 2020 available,train
5d3880eea1e1595105000014,summary,what is the function of the isw1 and chd1 remodellers in yeast chromatin,train
5e3c6e15b5b409ea53000023,yesno,are breaks in double stranded dna associated with ionizing radiation,internal_test_LOCKED
5e3c69c9b5b409ea53000021,list,as of 2019 what type of cancer is commonly associated with ionizing radiation,internal_test_LOCKED
5e52c0c76d0a27794100004b,yesno,is kat2a involved in acute myeloid leukemia aml,train
5e47612035b8f0833c000003,summary,what is idiopathic toe walking,validation
5e4b639c6d0a277941000027,yesno,is nicvax vaccine effective for smoking cessation,train
5e48b1ddd14c9f295d000012,yesno,does natalizumab improve disease course of secondary progressive multiple sclerosis,train
5e3c841148dab47f26000002,list,before 2019 what neurologic diseases are associated with the tau protein,internal_test_LOCKED
5e7f6138835f4e477700001b,summary,what is the difference between daptacel and pentacel,train
5e52c9266d0a27794100004e,yesno,ahr ligands are attractive drug targets for pharmaceutical development due to their induction of cyp1a1 yes or no,train
5d385f717bc3fee31f00001a,yesno,does the chromatin remodeling complex rsc target h2a z nucleosomes,internal_test_LOCKED
5e4703d13f54159529000016,list,list radioprotection agents,train
5d36b8a37bc3fee31f000009,factoid,what is the effect of satb1 knock out in mice,validation
5e7f69d2835f4e4777000021,yesno,has zp pth been tested in a phase ii clinical trial,train
5e52900d6d0a277941000041,list,ph motifs in which genes endow breast cancer growth,validation
5e6e9348c6a8763d23000005,summary,what is herd immunity,validation
5e48b9abd14c9f295d000015,yesno,are multipotent adult progenitor cells effective for treatment of stroke,train
5e52c5166d0a27794100004d,list,list the stages types of multiple sclerosis,validation
5e48ab8dd14c9f295d000010,summary,what is known about opicinumab for multiple sclerosis,train
5e47681b35b8f0833c000006,factoid,what is the target of inebilizumab,train
5e48af7ad14c9f295d000011,summary,is eculizumab effective for guillain barré syndrome,train
5e6e8897c6a8763d23000003,list,list mcl 1 inhibitors,train
5e3d8edf48dab47f26000003,yesno,autophagy is the process where a virus obtains nutrients from it s host yes or no,train
5d3858a97bc3fee31f000018,summary,what is the basis of the methidiumpropyl edta sequencing mpe seq method,train
5e7659db835f4e4777000001,list,name two rotavirus vaccines,train
5d387a51a1e159510500000e,yesno,does cxorf21 escape x chromosome inactivation,validation
5e50123e6d0a277941000036,factoid,which programming language has been used for implementing gwar,train
5e52937c6d0a277941000042,summary,describe f sclvm,train
5e52ab626d0a277941000046,yesno,does promoter shape vary across populations,train
5e6e8f92c6a8763d23000004,factoid,how large is a lncrnas,train
5e543704b761aafe09000001,summary,what is mle4901,train
5e80caeb835f4e477700002b,list,what is the drug chloroquine or hydroxychloroquine used for,train
5e4b5ef36d0a27794100001f,yesno,does xaliproden improve prognosis of amyotrophic lateral sclerosis,internal_test_LOCKED
5e3c686fb5b409ea53000020,factoid,what is telangiectasia,validation
5e8101e3835f4e477700002e,yesno,is cathepsin l active in endosomes,validation
5e80e449835f4e477700002c,list,which tissues express the ace2 protein,internal_test_LOCKED
5e5286036d0a277941000040,factoid,in which chromosome are transgenes inserted in the case of the lips a3s line,train
5e3daf7648dab47f26000005,summary,what is a j pouch,train
5e80489b835f4e4777000022,factoid,what is the function of the protein encoded by the gene nkcc2,validation
5e4b5f566d0a277941000020,yesno,is celecoxib effective for amyotrophic lateral sclerosis,internal_test_LOCKED
5e6e8600c6a8763d23000002,yesno,is the protein mcl 1 anti apoptotic,validation
5e4b56276d0a27794100001d,summary,describe the mechanism of action of trilaciclib,train
5e7f64d6835f4e477700001f,factoid,how is zp pth delivered to patients,train
5e7f6971835f4e4777000020,factoid,which disease is zp pth used for,train
5e805e62835f4e4777000023,factoid,which gene is mutated in the classic bartter s syndrome,train
5e52a3416d0a277941000043,factoid,what is the purpose of the unique connectivity of uncharged compounds uc2 search tool,train
5e5438c3b761aafe09000003,factoid,name a selective nk3r agonist,internal_test_LOCKED
5e808ef4835f4e477700002a,factoid,what is the target of the drug olmesartan,train
5d38767ca1e159510500000b,factoid,in which cells does tlr7 escape x chromosome inactivation,train
5e52a7b66d0a277941000045,factoid,which tool has been developed for prediction of single cell dna methylation states using deep learning,train
5e7644a2c6a8763d23000014,factoid,when was vaxchora first licensed by the fda,train
5e7745ea835f4e4777000006,factoid,what is the active ingredient of eligard,train
5e776443835f4e4777000008,factoid,which company produces eligard,train
5e52be146d0a27794100004a,factoid,which type of distance is used in the r package xenofilter,train
5d388535a1e1595105000018,factoid,how many copies of tp53 does the elephant genome contain,train
5e776a75835f4e477700000d,factoid,which company originally developed the drug afrezza,train
5e2b00bc76af173751000004,factoid,which tool exist for predicting drug synergy with deep learning,train
5e48bd2ed14c9f295d000017,yesno,is ozanezumab effective for amyotrophic lateral sclerosis,train
5e4b62946d0a277941000024,yesno,is dexmecamylamine effective for depression,train
5e52add36d0a277941000047,factoid,which cloud based platform has been developed for comparing gwas,train
5e7f64a5835f4e477700001e,yesno,can cmb305 be used against sarcomas,train
5e7f61ed835f4e477700001c,summary,what is quadracel,train
5e7f5d83835f4e4777000017,factoid,what delivery system is used for the fluzone intradermal vaccine,train
5e7768f9835f4e477700000b,list,name two inhalable insulin products,internal_test_LOCKED
5d387e74a1e1595105000012,summary,how is the mouse fxy gene evolving,internal_test_LOCKED
5d387f24a1e1595105000013,factoid,how long in bp is the human pseudoautosomal region 2 par2,train
5e30f638fbd6abf43b000045,yesno,does teplizumab hold promise for diabetes prevention,train
5e36dc8cb5b409ea5300000d,factoid,what is another name for acid sphingomyelinase deficiency asmd,validation
5e3da25848dab47f26000004,factoid,what rare disease is associated with a mutation in the gpc6 gene on chromosome 13,train
5e360f3d158f994d3a000009,list,what are 3 symptoms of waardenburg syndrome,train
5e2dfab2fbd6abf43b00001d,yesno,does prosavin use an adenoviral vector,train
5e3238bcfbd6abf43b000056,yesno,does radiation for tinea capitis increases brain tumor risk,train
5e31cb85fbd6abf43b00004e,factoid,what gene is mutated in huntington s disease patients,train
5e493bc06d0a277941000003,list,list types of cancer where long intergenic nonprotein coding rna p53 induced transcript linc pint is involved,train
5e2dbd0afbd6abf43b000017,yesno,is pimavanserin a typical antipsychotic,train
5e5b93a2752ebcdc7a000003,yesno,can flotillin be used as exosomal marker,validation
5d31b847b3a6380763000002,factoid,how many genes belong to the krab znf family in the human genome,validation
5e30e80bfbd6abf43b00003b,factoid,which molecule is targeted by asciminib,train
5e2f43bafbd6abf43b000029,list,please list 2 human diseases caused by a coronavirus,train
5e30ec74fbd6abf43b00003e,summary,what is characteristic to fitz hugh curtis syndrome,train
5e499e266d0a27794100000c,factoid,what is the trade name of sildenafil,train
5e5b6f04b761aafe0900000e,factoid,how large is the sars cov proteome,train
5e30f417fbd6abf43b000043,yesno,is apremilast effective for behçet s syndrome,train
5e46ece93f5415952900000e,yesno,is rad4 xpc a dna damage sensing protein,internal_test_LOCKED
5e2f9e0dfbd6abf43b000034,list,list symptoms of the hakim triad,train
5e5b60adb761aafe0900000b,yesno,is the protein abcg2 transmembrane,train
5e3247f1fbd6abf43b00005b,yesno,can radiotherapy cause radiation induced osteosarcoma,train
5e2fa276fbd6abf43b000035,list,what are manifestations of the saint s triad,internal_test_LOCKED
5e31af4bfbd6abf43b00004b,summary,what is the mechanism of action of erdafitinib,internal_test_LOCKED
5cebf83ea49efeb44c00000a,factoid,are male or female persons more prone to autoimmunity,validation
5e5b8b4e752ebcdc7a000001,factoid,which is the phenotype of the disease fibrodysplasia ossificans progressiva,train
5cf4dec0a49efeb44c00000c,yesno,are lamina associated domains lads associated with transcriptional activation,internal_test_LOCKED
5e31cc22fbd6abf43b000050,yesno,is hemochromatosis type 4 is caused by a mutation in a recessive gene,train
5cf7835fa49efeb44c000011,summary,what is the purpose of the lincs project,train
5e371a1db5b409ea53000015,yesno,can patient derived organoids pdos recapitulate patient responses in the clinic,train
5e36dbdbb5b409ea5300000c,summary,what is fuchs uveitis,validation
5e49c5336d0a277941000011,yesno,is overexpression of ly6k associated with better prognosis for non small cell lung cancer patients,train
5d31daacb3a6380763000003,yesno,are the members of the krab znf gene family promoting gene repression,validation
5e2dbd72fbd6abf43b000018,factoid,what does the boxed warning of pimavanserin say,train
5e36e093b5b409ea5300000f,list,list cdk targets that are dephosphorylated during cytokinesis,validation
5e361c8792b3349b55000001,factoid,what is dystopia canthorum,validation
5e5b5c6fb761aafe0900000a,yesno,is the protein abcg2 atp binding cassette subfamily g member 2 transporter excreting uric acid,train
5e360b6a158f994d3a000007,summary,what is heterochromia iridis,train
5d3883a0a1e1595105000017,summary,how is transcriptional elongation affected by nucleosome positioning,internal_test_LOCKED
5e4940f46d0a277941000004,factoid,how many annotated conserved human lncrnas come from ancestral protein coding genes,train
5e30f23cfbd6abf43b000042,yesno,is modified vaccinia ankara effective for smallpox,internal_test_LOCKED
5e30f76afbd6abf43b000046,yesno,does nintedanib hold promise for lung disease associated with systemic sclerosis,train
5cea52c7a49efeb44c000005,factoid,what is the lincs program,internal_test_LOCKED
5e49a1196d0a27794100000d,yesno,is pf 05190457 an inverse agonist of the ghrelin receptor,internal_test_LOCKED
5e30e9e3fbd6abf43b00003c,yesno,is ubrogepant effective for migraine,train
5e30f494fbd6abf43b000044,yesno,is selinexor effective for multiple myeloma,train
5e5bab131af46fc130000001,factoid,what is the protein product of the gene gba2,train
5e447f2448dab47f26000013,yesno,are there lncrnas that control the extent of neuronal outgrowth,validation
5e4705753f54159529000017,summary,can the radiation of cellphones be dangerous,train
5e4af1d86d0a277941000018,yesno,does metformin has as an antitumor effect,train
5e3234e0fbd6abf43b000054,yesno,can radiation induced meningiomas be treated with radiosurgery,train
5e481b2cd14c9f295d00000a,summary,what is known about ros production in relation to uvr,internal_test_LOCKED
5d2f3a5db3a6380763000001,list,which drugs used in the treatment of systemic lupus erythematosus are targeting granulocytes,train
5e49c5ee6d0a277941000012,summary,what is pwmscan,train
5e3709a4b5b409ea53000012,yesno,is there a brca mutation analysis in the greek population,train
5cf4eb6aa49efeb44c00000e,summary,what is the basis of the damid experimental protocol,train
5cf619a8a49efeb44c000010,summary,what is the function of the spt6 gene in yeast,train
5e2dbc55fbd6abf43b000016,factoid,what has pimavanserin been approved for by the fda 2018,train
5e49c88c6d0a277941000013,list,list the members of a network of noncoding regulatory rnas that play a role in the mammalian brain,internal_test_LOCKED
5e2dbf48fbd6abf43b00001a,yesno,has prosavin undergone phase iv clinical trials by 2018,train
5e5cbf4e1af46fc130000004,list,list approved radioprotective compounds,train
5d35b9ecb3a6380763000004,yesno,does deletion of cohesin change gene expression,internal_test_LOCKED
5e2e1d6afbd6abf43b000026,yesno,do mait cells have a role in multiple myeloma,internal_test_LOCKED
5e2dbe17fbd6abf43b000019,summary,what is prosavin,train
5e3e843748dab47f26000007,yesno,are stretch enhancers transcribed more than super enhancers,train
5e2dc047fbd6abf43b00001b,summary,what is q symbio,internal_test_LOCKED
5cebe907a49efeb44c000008,summary,what is the function of the nipbl factor in genome conformation,train
5e31c4adfbd6abf43b00004d,yesno,is mesothelioma caused by asbestos exposure,train
5e5b8170b761aafe09000010,factoid,which diagnostic test is approved for coronavirus infection screening,train
5e2dfb52fbd6abf43b00001e,summary,what is xanamem,train
5e4b4be26d0a27794100001a,summary,can nrf2 activation lead to resistance to radiotherapy,train
5e46fda33f54159529000012,yesno,are there interactions between short and long noncoding rnas,train
5e319789fbd6abf43b00004a,factoid,which molecule is inhibited by encorafenib,train
5cf4ea83a49efeb44c00000d,summary,what is the basis of the capture hi c experimental protocol,train
5e49bcce6d0a27794100000f,summary,what is the role of scc2 nipbl,train
5e31cceafbd6abf43b000052,factoid,what is the chromosomal location of the ldl receptor gene associated with autosomal dominant familial hypercholesterolemia,validation
5e5b90b3752ebcdc7a000002,yesno,can brain derived exosomes carry app molecules,train
5e48100bd14c9f295d000007,list,list the most common cancers after a radiation exposure,validation
5cf0f567a49efeb44c00000b,list,which are the main g1 s transcription factors in yeast,validation
5e31cc3cfbd6abf43b000051,summary,what is hemochromatosis,validation
5e5b626fb761aafe0900000c,factoid,what molecules are the multidrug transporter mdr3 targeting,train
5e36de90b5b409ea5300000e,summary,what is the role of the hof1 cyk3 interaction in yeast,train
5e30ee25fbd6abf43b00003f,list,list features of the sam syndrome,train
5e360b81158f994d3a000008,summary,what does the smith waterman algorithm do,validation
5d38826ea1e1595105000016,yesno,is satb1 positioned close to at rich sequences,validation
5e36e51ab5b409ea53000011,summary,describe the java adverse drug event jade tool,train
5e30f12afbd6abf43b000041,list,which drugs were tested in the checkmate 227 clinical trial,internal_test_LOCKED
5e5b9b96752ebcdc7a000005,summary,what is known about pai 1 in longevity in humans,validation
5d38462b7bc3fee31f000012,yesno,does metformin alleviate atherosclerosis,internal_test_LOCKED
5e46f9683f54159529000010,list,list side effects of radiation therapy,train
5e2e1017fbd6abf43b000020,yesno,are cd8 cytotoxic t cells and cd4 helper t cells generated in the thyroid and express the t cell receptor,train
5e3c6c9eb5b409ea53000022,factoid,what bacteria is associated with gastric cancer and peptic ulcers,train
5e31d181fbd6abf43b000053,yesno,is huntington s disease is caused by expansion of a ctg repeat in the htt gene on chromosome 4,internal_test_LOCKED
5d387aa8a1e159510500000f,factoid,what is the purpose of the 123 dihydrorhodamine assay,internal_test_LOCKED
5cd96f33a49efeb44c000004,factoid,what is the mode of action of filgotinib,validation
5e31cbd4fbd6abf43b00004f,factoid,is huntington s disease caused by a dominate or recessive gene,train
5e4700e03f54159529000015,summary,what is ribotag profiling,train
5e323780fbd6abf43b000055,yesno,is there an increased risk of meningiomas in atomic bomb survivors,train
5e2db427fbd6abf43b000015,summary,what is foliglurax,train
5cebeb82a49efeb44c000009,factoid,what is the genetic basis for cornelia de lange s syndrome,validation
5e48e0e0f8b2df0d49000001,yesno,are gut microbiota profiles altered by irradiation,validation
5c7a4c35d774d04240000007,yesno,is tim 3 a target for cancer immunotherapy in nsclc,train
5e29fb27aa19d74431000005,factoid,how does lb 100 affect the ddr proteins brca1 chk2 and γh2ax,train
5e48edb1f8b2df0d49000002,factoid,what particles is hadron therapy using,train
5c7019557c78d6947100005f,yesno,does an interferon ifn signature exist for sle patients,validation
5e36d924b5b409ea5300000b,yesno,is and 1 ctf4 essential for proliferation,internal_test_LOCKED
5e4adcbe6d0a277941000017,yesno,does the brafv600e mutation have an effect on clinical response to radioiodine therapy,internal_test_LOCKED
5e29f666aa19d74431000001,factoid,which phosphatase is inhibited by lb 100,train
5e2dadcffbd6abf43b000011,list,what are the most common side effects of amantadine er,train
5e2f93bbfbd6abf43b00002e,list,which symptoms comprise abdominal aortic aneurysm rupture triad,train
5e2f9596fbd6abf43b00002f,list,list symptoms of allgrove syndrome,train
5e482f08d14c9f295d00000d,summary,what is water radiolysis,train
5e2dae57fbd6abf43b000012,summary,how do the plasma concentrations of amantadine extended release and amantadine immediate release compare,internal_test_LOCKED
5e30b56efbd6abf43b000037,yesno,is the bagel algorithm used for arrayed crispr screens,train
5e2b109cfbd6abf43b000002,list,what is included in the lace index,internal_test_LOCKED
5e2f906ffbd6abf43b00002c,list,which drugs are included in gi cocktail,validation
5e2b253ffbd6abf43b000006,yesno,is azd5153 active in prostate cancer,train
5e2b3784fbd6abf43b000009,yesno,is grg5 involved only in late embryonic mouse development,train
5e480909d14c9f295d000003,yesno,are astronauts in higher risk for developing cancer,train
5e2900368b3851296d000001,summary,describe the mechanism of action of a drug elagolix,train
5e2905da8b3851296d000009,summary,describe mechanism of action of volanesorsen,train
5e480da0d14c9f295d000006,factoid,what is the cyberknife used for,train
5e2906948b3851296d00000a,yesno,is niraparib effective for ovarian cancer,train
5e2e136bfbd6abf43b000023,factoid,which portal has been developed to explore protein protein interactions in cancer cell lines,validation
5c72768a7c78d6947100006c,yesno,are genes that escape x chromosome inactivation related to mental impairment,validation
5c74266a7c78d694710000a2,factoid,which biological process takes place in nuclear speckles,train
5e2d7fabfbd6abf43b00000c,summary,what is the effect of hmgb2 loss on ctcf clustering,train
5e29fe76aa19d74431000007,yesno,has lb 100 been tested in clinical trials,internal_test_LOCKED
5e307a05fbd6abf43b000036,list,which algorithms have been developed for analysing crispr cas9 knockout screens data,validation
5e48136dd14c9f295d000008,summary,which cells are affected in radiation induced leukemias,train
5e2b1ed9fbd6abf43b000005,factoid,pdq39 questionnaires is design for which disease,internal_test_LOCKED
5e290a268b3851296d00000d,yesno,is palbociclib effective for glioblastoma,train
5e482160d14c9f295d00000c,list,list five proteins with antioxidant properties,internal_test_LOCKED
5e36d807b5b409ea5300000a,yesno,does the mcm2 ctf4 polα axis play a role in transfer of histones to leading strand dna at the replication forks,train
5e2b07537d50947c2f000001,summary,what is scalp cirsoid aneurysms,train
5e355e20fbd6abf43b000065,factoid,which gene is frequently involved in autosomal dominant adult onset demyelinating leukodystrophy adld,train
5e48f2b6f8b2df0d49000005,factoid,what is the radiation induced cd8 lymphocyte apoptosis rila assay used for,train
5e35cb27158f994d3a000002,summary,what are the puqtls promoter usage quantitative trait loci,validation
5ca61f17ecadf2e73f000050,factoid,which is the main epigenetic difference between poised and constitutive enhancers,train
5e2a0a02aa19d7443100000b,summary,what is prl3 zumab,train
5e2f0afcfbd6abf43b000028,factoid,which receptor is inhibited by tivozanib,validation
5e2b0d71fbd6abf43b000001,yesno,can discharge destinations be accurately predicted using the risk assessment and prediction tool rapt,validation
5e35c4ea9be68b5512000002,summary,what is perturb seq,train
5e490d276d0a277941000001,summary,what is the content of the repairtoire database,internal_test_LOCKED
5e2db15cfbd6abf43b000014,yesno,has amantadine er been approved by the fda,validation
5e2a0eb1aa19d7443100000c,yesno,can prl3 zumab inhibit prl3 cancer cells in vitro and in vivo,train
5c7a4fddd774d04240000009,factoid,how rare are ctcs circulating tumour cells in the plasma of patients,train
5e48f90bf8b2df0d49000006,summary,what is gamma sterilization used for,train
5ca61b14ecadf2e73f00004f,yesno,does estrogen lead to forkhead foxa1 activation,train
5e46da9c3f5415952900000a,factoid,what is detected by the uv damaged dna binding protein uv ddb complex,internal_test_LOCKED
5e4981e96d0a277941000009,summary,what is the current regulation of eye lens radiation exposure,validation
5cc011e2a49efeb44c000001,yesno,does association with the nuclear pore promote gene silencing,train
5c72c9207c78d6947100007b,list,which methods are used for genome segmentation of gene expression data,validation
5e2902688b3851296d000005,factoid,which receptor is inhibited by teprotumumab,train
5e46e74e3f5415952900000b,factoid,what is the cause of the disease xeroderma pigmentosum,internal_test_LOCKED
5e2f972bfbd6abf43b000030,list,list alkaptonuria triad,train
5e29f959aa19d74431000004,yesno,can lb 100 sensitize ovarian carcinoma to cisplatin,train
5e369ecfb5b409ea53000002,list,list t ucrs that have been implicated in breast cancer,train
5e2a046caa19d74431000008,factoid,how many different mirnas can be upregulated by lb 100,train
5e36ad01b5b409ea53000006,list,which t ucrs have been implicated in gastric cancer,train
5e2902e48b3851296d000006,factoid,which disease can be treated with anifrolumab,internal_test_LOCKED
5e2e11a1fbd6abf43b000021,factoid,which de novo mutation in fgfr cause achondroplasia,train
5e46e8c13f5415952900000c,list,list types of dna lesions caused by uv light,train
5e2dac4efbd6abf43b00000f,yesno,has istadefylline been considered as a treatment for parkinson s disease,train
5c74285c7c78d694710000a3,factoid,in which cellular compartment do stress granules localize,train
5cd96eb2a49efeb44c000003,list,which software are used for the detection of selective sweeps,train
5c70273c7c78d69471000061,list,which organs are primarily damaged in sle,train
5e2ad60e76af173751000003,summary,what is amyand hernia,validation
5c700c607c78d6947100005e,summary,what is the lupus severity index lsi,validation
5e2dad57fbd6abf43b000010,yesno,is amantadine er the first approved treatment for akinesia,train
5c701f4f7c78d69471000060,factoid,which disease is dasatinib used to treat,train
5e480ccfd14c9f295d000005,yesno,is g h2ax a marker for double strand breaks,internal_test_LOCKED
5e2894109499698331000002,factoid,which algorithm has been developed for finding conserved non coding elements cnes,validation
5e2daaa2fbd6abf43b00000e,factoid,what type of antagonist is istradefylline,train
5c7a4ed5d774d04240000008,list,what are the advantages of liquid biopsy in nsclc,train
5e2d80cafbd6abf43b00000d,summary,what is the 4d chains algorithm,validation
5e2b0d167d50947c2f000002,list,which disorders are caused by de novo mutations in zswim6,internal_test_LOCKED
5e369c30b5b409ea53000001,summary,describe chromotrace,validation
5e48339fd14c9f295d00000e,summary,what is the aim of iodine prophylaxis,train
5e2a080caa19d7443100000a,factoid,through which molecular pathway does lb 100 reduce hepatic steatosis,validation
5e2f9ceefbd6abf43b000033,list,which drugs are included in polyiran,internal_test_LOCKED
5c7f806d617e120c34000001,yesno,are tumour specific antigens originating from known protein coding genes,train
5e2e1792fbd6abf43b000024,factoid,mutations in which gene form the genetic basis of the doors syndrome,validation
5e48efd9f8b2df0d49000004,factoid,what is the aim of the radiogenomics consortium,validation
5e49032df8b2df0d49000008,summary,who should wear dosimeters,validation
5e2a1096aa19d7443100000e,factoid,what kind of molecule is azd8601,train
5e29f6e0aa19d74431000002,factoid,which disease category is lb 100 mostly assessed for,train
5e2b2c85fbd6abf43b000007,factoid,which disease can be classified using the koos classification,internal_test_LOCKED
5cc0817da49efeb44c000002,summary,what is circulating free dna cfdna,validation
5e2a120c76af173751000001,summary,what are the in vivo effects of azd8601,train
5e2dafccfbd6abf43b000013,factoid,which receptor does amantadine antagonize,validation
5c7006037c78d6947100005d,list,which characteristics are used in the sledai index for sle patients,internal_test_LOCKED
5e2f992cfbd6abf43b000031,list,which medication are included in the polycap polypill,train
5e2903978b3851296d000007,summary,describe the mechanism of action of luspatercept,train
5e2deb35fbd6abf43b00001c,factoid,which method has been developed for mapping of transcription start sites tss starting from nanograms of rna,train
5e29fc57aa19d74431000006,summary,what are the molecular and cellular effects of lb 100 on ovarian carcinoma cells following cisplatin treatment,validation
5e2a04feaa19d74431000009,yesno,can lb 100 downregulate mir 33,train
5e499c636d0a27794100000a,factoid,what is molecular radiotherapy,train
5c74305d7c78d694710000a4,factoid,which mrnas are sequestered in stress granules,train
5c7a4a31d774d04240000006,list,which are the problems associated with the use of pd l1 as immunotherapy biomarker,train
5e41620648dab47f2600000e,yesno,is poliosis circumscripta another term for a white or unpigmented patch of hair or skin,train
5d35ef8a7bc3fee31f000002,summary,how are sahfs created,internal_test_LOCKED
5e540c866d0a277941000052,factoid,what is another name for azd0530,train
5d35f1267bc3fee31f000004,factoid,which is the effect of the hp1a protein on chromatin,train
5e44bdba48dab47f2600001c,yesno,is selumetinib effective for low grade glioma,train
5e501d866d0a277941000038,summary,what is nextflow,train
5e4adb486d0a277941000015,factoid,which application is the backbone of biopaxviz,validation
5e51a7ec6d0a27794100003b,summary,what is spatialde,validation
5e3356c0fbd6abf43b00005c,summary,what is the match bam to vcf method,validation
5e48b397d14c9f295d000013,summary,describe magnims criteria,train
5d35c227b3a6380763000007,yesno,is satb1 expressed in thymocytes,validation
5e763602c6a8763d2300000c,factoid,which company produces ormd 0801,train
5d35e7ddb3a638076300000e,factoid,in which cell organelle is the saf a protein localized,train
5e4606c03f54159529000004,summary,describe twiddler syndrome,train
5d35e114b3a638076300000c,summary,what are drosophila s balancer chromosomes,validation
5e5cc1fa1af46fc130000005,factoid,what is iodine thyroid blocking,train
5e44c18648dab47f2600001f,yesno,does gavestinel improve outcomes of stroke patients,validation
5e4c06d96d0a27794100002e,yesno,can systemic lupus erythematosus cause seizures,train
5e4bed1c6d0a27794100002b,factoid,what disease is associated with a malar rash,train
5e44bc4c48dab47f2600001b,summary,what is the mechanism of action of rogaratinib,train
5d35ef017bc3fee31f000001,factoid,which epigenetic mark is deposited by prc2,train
5e4fd4d56d0a277941000034,yesno,is impetigo a viral infection that affects the skin,train
5e4027f948dab47f2600000d,list,list diseases that are caused by the meningococcus b,train
5e44caaf48dab47f26000024,yesno,should lubeluzole be used for treatment of ischemic stroke,train
5e76384fc6a8763d2300000e,summary,what is vivotif,train
5e52c1fd6d0a27794100004c,list,list types of cancer where tbc1 domain family member 16 tbc1d16 is involved,validation
5e550b5db761aafe09000007,summary,what does osanetant and talnetant have in common,internal_test_LOCKED
5e36e254b5b409ea53000010,list,list slc25a46 related pathologies,internal_test_LOCKED
5e460f823f54159529000006,factoid,what is the target of galcanezumab,train
5e4604d83f54159529000003,factoid,which disease was studied in the cadiss trial,train
5d35d901b3a638076300000a,factoid,what is the human rca locus size in bps,train
5e36994092b3349b55000002,yesno,is there a role for tet proteins in invariant natural killer t cells inkt cell fate,train
5e47568d3f5415952900001b,summary,what is the purpose of the sunnybrook facial grading system,train
5d36b5087bc3fee31f000008,summary,what is the function of the pdz domain in satb1,train
5e4fd44a6d0a277941000033,factoid,what cellular process is the protein clathrin involved in,train
5e3c80abb5b409ea53000024,yesno,thymoquinone is ineffective against radiation induced enteritis yes or no,train
5e5015436d0a277941000037,list,which are the databases for intrinsic protein disorders,train
5e4f0a4f6d0a277941000031,list,list the 5 different human immunoglobulin heavy chains,validation
5e5d27531af46fc130000007,yesno,has the spanich flu virus been reconstructed,train
5d35ebe7b3a6380763000010,summary,what is the basis of the bliss technique,train
5e55046fb761aafe09000004,list,list 3 nk3r antagonists,train
5e3a6c49b5b409ea53000017,yesno,is verubecestat effective for alzheimer s disease,validation
5e44c76f48dab47f26000022,yesno,is aptiganel effective for treatment of stroke,train
5e47656935b8f0833c000004,yesno,is indinavir effective for treatment of amyotrophic lateral sclerosis,train
5e324167fbd6abf43b00005a,yesno,is there an increased risk for meningiomas in childhood leukemia survivors,train
5e51c6036d0a27794100003c,list,list the clinical characteristics of the smith kingsmore syndrome sks,train
5e763366c6a8763d2300000b,summary,what is ormd 0801,internal_test_LOCKED
5e540ed36d0a277941000054,yesno,does saracatinib promote oncogenesis,internal_test_LOCKED
5e2e0fa2fbd6abf43b00001f,yesno,is bcl11b involved in schizophrenia,train
5e40260f48dab47f2600000c,summary,what is synucleinopathy,train
5e48a916d14c9f295d00000f,factoid,which receptor is modulated with siponimod,validation
5e5d2b4c1af46fc130000008,summary,what is a zoonotic virus,internal_test_LOCKED
5e49ac346d0a27794100000e,factoid,which drug is the first oral ghrelin receptor inverse agonist to be profiled in healthy subjects,train
5d35f07b7bc3fee31f000003,summary,what is the function of brd4,validation
5e76452fc6a8763d23000015,factoid,what is the protective efficacy of vaxchora against moderate to severe cholera,internal_test_LOCKED
5e499e0a6d0a27794100000b,summary,what is minodixil approved for,train
5e338cf5fbd6abf43b00005d,yesno,are chernobyl survivors at increased risk for breast cancer,train
5e5409776d0a277941000051,factoid,what is azd0530 an inhibitor of,train
5d36b4817bc3fee31f000007,yesno,is satb1 necessary for t cell maturation,train
5d35e421b3a638076300000d,factoid,for how long do drosophila embryos use maternal genome mrna,train
5e48b7e2d14c9f295d000014,summary,what is the use of erenumab,train
5e5bafa01af46fc130000002,factoid,what is the function of a viral peplomer,validation
5e46bf743f54159529000008,yesno,have toll like receptor 2 activators been found in food,internal_test_LOCKED
5e3714a8b5b409ea53000013,summary,describe the open targets platform,train
5e33904afbd6abf43b00005f,yesno,does radiotherapy for hodgkin disease increases risk for lung cancer,validation
5e33916afbd6abf43b000061,yesno,does radiotherapy for prostate cancer increase bladder cancer risk,validation
5e550758b761aafe09000005,summary,what is esn364,validation
5e51a2d76d0a27794100003a,yesno,do genes with monoallelic expression contribute proportionally to genetic diversity in humans,validation
5e5437ffb761aafe09000002,yesno,has mle4901 been tested in phase iii clinical trials,train
5e5508e2b761aafe09000006,yesno,does esn364 activate the hypothalamic pituitary gonadal axis,validation
5e2f6353fbd6abf43b00002b,list,which type of variants can be called by the vardict algorithm,train
5e763645c6a8763d2300000d,yesno,has ormd 0801 been tested in patients,train
5e763c3fc6a8763d23000010,yesno,was vivotif licensed in europe and the us at the same time,train
5e43090d48dab47f26000011,yesno,are stem cell transplants used to treat acute kidney injury,train
5d35c070b3a6380763000006,summary,what is the interaction between wapl and pds5 proteins,train
5e51dab06d0a27794100003d,yesno,is deletion at 6q24 2 26 associated with shorter survival for ovarian cancer patients,internal_test_LOCKED
5e4f2aeb6d0a277941000032,summary,what is the function of a protein kinase,train
5e7641a0c6a8763d23000011,factoid,which was the first cholera vaccine approved in the us,train
5e494b0e6d0a277941000007,list,list 3 pd l1 inhibitors on the market as of 2018,train
5d35eb01b3a638076300000f,yesno,are there negative enhancers,internal_test_LOCKED
5d35be1cb3a6380763000005,factoid,what is the function of wapl protein on cohesin,train
5e5d24811af46fc130000006,factoid,what is romiplostim targeting,train
5e4be9496d0a27794100002a,list,please list 3 drugs that have egfr as their primary target,validation
5d35dfbdb3a638076300000b,factoid,what is the role of stag1 stag2 proteins in differentiation,train
5d35ca5eb3a6380763000008,summary,what can we measure with the tsa seq method,train
5e4ada686d0a277941000014,factoid,which method is behind hipmcl,validation
5d35d03ab3a6380763000009,summary,what is the function of cr elements in b cells,train
5e42d1a748dab47f26000010,factoid,what is drug target for olaparib,validation
5e3df59348dab47f26000006,summary,what virus is the gardisil vaccine used for,train
5d36a9507bc3fee31f000005,factoid,which cells mature in the human thymus,internal_test_LOCKED
5e46fef23f54159529000014,summary,what are the erna producing centers epcs,train
5e4adc296d0a277941000016,summary,describe brain radiation information data exchange bride approach,train
5e763bd4c6a8763d2300000f,factoid,when was vivotif first licenced in europe,internal_test_LOCKED
5e46c7e73f54159529000009,summary,what is herceptin,train
5e540db06d0a277941000053,yesno,has saracatinib been tested in clinical trials,internal_test_LOCKED
5e2f4a8bfbd6abf43b00002a,factoid,what animal is thought to be the host for the coronavirus causing mers,train
5e30f8abfbd6abf43b000047,list,which molecules are inhibited by gilteritinib,train
5e500d8c6d0a277941000035,yesno,is αcgrp a member of the cgrp family,train
5e51dc516d0a27794100003e,factoid,which is the most common monogenic cause of common variable immunodeficiency cvid in europeans,internal_test_LOCKED
5e4163b848dab47f2600000f,list,list 3 human diseases caused by viruses in the family paramyxoviridae,train
601bde6e1cb411341a000006,factoid,which disease is caused by de novo vps4a mutations,train
5e3a6e70b5b409ea53000018,factoid,what is the target of a drug pidilizumab,train
5e9206642d3121100d000007,list,list the proteins defining the triple negative breast cancer,train
5e6d1c6f1af46fc130000021,factoid,han wistar and sprague dawley are breeds of what laboratory animal,train
5fdb4364a43ad31278000029,summary,which is the role of the ifit1 gene in systemic lupus erythematosus sle,train
60258ebe1cb411341a0000a8,yesno,has tocilizumab been assessed against covid 19,validation
601c18eb1cb411341a000010,list,variants in which genes cause nonsyndromic retinal degeneration,train
601c13be1cb411341a00000d,summary,describe the mechanism of action of omecamtiv mecarbil,validation
5e9208702d3121100d000009,list,list the types of defensins expressed in humans,train
5e722812c6a8763d2300000a,summary,what do ha and na stand for with respect to the flue virus e g h1n1,train
5fdb2e60a43ad3127800000c,yesno,is the tfr1 gene dispensable for erythropoiesis,validation
5e76611b835f4e4777000002,list,which are the predominant rotavirus genotypes around the world,train
601d31df1cb411341a00002e,list,which trex mrna export complex subunits have been implicated in neurodevelopmental disorders,train
5e4752933f54159529000018,summary,what is the use of the liverpool elbow score,train
5e94aadf0d431b5f73000002,yesno,is bcl 2 like protein 1 an pro apoptotic protein,train
5e52c96b6d0a27794100004f,yesno,glucoraphanin from broccoli can help reduce obesity yes or no,internal_test_LOCKED
5fdb2e91a43ad3127800000e,summary,what is the function of the zelda transcription factor in d melanogaster,train
602598101cb411341a0000ae,factoid,what does tsdmard stand for,train
601d6ec61cb411341a000032,list,which conditions are manifested by trim8 mutations,train
601c13b61cb411341a00000c,summary,what is ly cov555,internal_test_LOCKED
5e92015b2d3121100d000004,list,list blood marker for non hodgkin lymphoma,train
5e6f774ec6a8763d23000009,yesno,are bacteria in the genus clostridium facultative anaerobes,internal_test_LOCKED
5fdb4253a43ad31278000022,yesno,do nematodes contain architectural proteins like ctcf,train
60258edd1cb411341a0000a9,factoid,what is the primary indication of tocilizumab,train
601d72a31cb411341a000037,summary,describe efforts on sarcoma from the 100 000 genomes project,train
5e3393e1fbd6abf43b000063,summary,what is the goal of the radrat calculator,validation
5e92005c2d3121100d000003,list,list the deadliest viruses in the world,train
5e639d081af46fc130000014,list,what monoclonal antibody drugs are used to treat late stage melanoma,train
5e4bf9436d0a27794100002d,factoid,which transcription factor controls drosophila s hes genes,train
6025912a1cb411341a0000aa,yesno,is tocilizumab a tumor necrosis factor inhibitor,validation
601d35111cb411341a00002f,summary,describe manifestations of kif1a related disorders in children,train
5e48bb12d14c9f295d000016,summary,describe the mechanism of action of pitolisant,validation
5e920ddf2d3121100d00000d,summary,what is endoplasmic reticulum stress,train
5e6e751351b80c9423000005,summary,what is an operon,train
5e43ee1f48dab47f26000012,yesno,do circular exons increase gene expression,validation
5e7f63f5835f4e477700001d,list,what does cmb305 contain,internal_test_LOCKED
601bcb5d1cb411341a000003,factoid,what kind of mutations cause grk1 associated oguchi disease,internal_test_LOCKED
5e4d6e446d0a27794100002f,yesno,is mage a3 immunotherapeutic effective for non small cell lung cancer,validation
5e94a8250d431b5f73000001,yesno,does protein alex1 contain armadillo repeats,internal_test_LOCKED
5e6e9a2fc6a8763d23000007,factoid,what disease is associated with anticitrullinated peptide antibodies acpas,train
5fdb8309a43ad3127800002f,summary,what is the function of emergency granulopoiesis,internal_test_LOCKED
5e7667b1835f4e4777000004,factoid,what was the predominant rotavirus genotype in the pre vaccine era in australia,train
601bef4b1cb411341a000007,list,missense mutations in which genes cause x linked developmental and epileptic encephalopathy,train
5e3390fafbd6abf43b000060,yesno,does radiotherapy for cervical cancer increases risk of colon cancer,train
5e9206f92d3121100d000008,list,list human antibody isotypes,validation
5e67cce31af46fc13000001d,summary,what is crao in the context of the eye,internal_test_LOCKED
5fe31321a43ad3127800004b,yesno,is yeast fbp1 affected by glucose starvation stress,internal_test_LOCKED
602598301cb411341a0000b0,factoid,what does csdmard stand for,train
601bd7d41cb411341a000004,list,what is caused by scube2 loss of function,train
5e4b64516d0a277941000029,yesno,is semagacestat effective for alzheimer s disease,validation
5e9209792d3121100d00000b,list,list enzymes that removes histone modifications,train
5e61425e1af46fc13000000d,factoid,roughly how many base pairs are in the human mitochondrial genome or mtdna,train
5e9eba150d431b5f73000005,yesno,do nematodes contain a ctcf gene,train
60259fe91cb411341a0000b3,yesno,is tocilizumab a csdmard,internal_test_LOCKED
601bfa531cb411341a000008,factoid,what is caused by heterozygous lamin b1 and lamin b2 variants,train
5e339202fbd6abf43b000062,summary,what is the risk for secondary cancer after proton beam therapy,internal_test_LOCKED
5e92021a2d3121100d000005,list,list the essential aminoacids,train
5e5e508b1af46fc13000000c,factoid,what does retapamulin treat,train
5fe30e06a43ad31278000037,factoid,which histone mark distinguishes active from inactive enhancers,internal_test_LOCKED
602593101cb411341a0000ab,factoid,what does dmard stand for,internal_test_LOCKED
601c1a271cb411341a000011,yesno,can smad6 variants cause craniosynostosis,train
5e44cf61f5547e6e27000001,factoid,what is targeted by pexidartinib,train
5e920fe42d3121100d00000f,factoid,what is the microgenderome,internal_test_LOCKED
5e67b8bb1af46fc13000001b,summary,what causes yellowing of the skin and eyes also known as jaundice in patients with liver failure,train
5fdb4124a43ad31278000017,yesno,is tcf3 associated with the wnt pathway,train
5e766256835f4e4777000003,yesno,have the rotavirus vaccines changed the predominant rotavirus genotypes,train
601d2d001cb411341a00002c,factoid,which syndrome is caused by dysfunction of the ciliary armc9 togaram1 protein,validation
5e323e93fbd6abf43b000059,yesno,does head ct increase brain tumor risk,internal_test_LOCKED
5e920be42d3121100d00000c,factoid,which main viral protein is targeted by the drug remdesivir,train
5e6d1c271af46fc130000020,summary,what can be isolated from pleurotus mutilus,train
5fd0d880a43ad31278000002,factoid,which type of pluripotency is otx2 associated with,internal_test_LOCKED
5e764732c6a8763d23000017,yesno,can agy be used as antidiuretic replacement therapy,train
601d2ec01cb411341a00002d,summary,what is caused by de novo sox6 variants,train
5e323d79fbd6abf43b000058,yesno,can secondary glioblastoma be caused by brain irradiation,internal_test_LOCKED
5e94902f2d3121100d000012,yesno,is aggrephagy a variant of autophagy,train
5e5e4fdb1af46fc130000009,list,list the blood group antigens associated with blood type,train
5fe08b50a43ad31278000031,factoid,how many dnasei hypersensitive sites dhs mark the murine beta globin locus region,train
60259b661cb411341a0000b2,summary,what is the outcome of covid 19 patients treated with tocilizumab,validation
5e2e1986fbd6abf43b000025,factoid,which loss of function abcc8 mutation is associated with pulmonary arterial hypertension pah,train
5e46eb7a3f5415952900000d,factoid,which disease is rated using the fahn tolosa marin scale,train
5e9202c52d3121100d000006,list,list the core snare complex proteins,internal_test_LOCKED
5e64eef51af46fc130000016,summary,what is septicemia,train
5fe31312a43ad31278000042,factoid,which is the master oncogenic transcription factor in t cell acute lymphoblastic leukemia,train
5e29f732aa19d74431000003,list,list as many european influenza vaccines as possible,train
5e2b2d4afbd6abf43b000008,summary,what is cansar,internal_test_LOCKED
601c13a91cb411341a00000a,summary,what is the mechanism of action of magrolimab,train
5e91ffc22d3121100d000002,list,list types of mutations,train
5e639a0a1af46fc130000010,factoid,her 2 belongs to what family of proteins,train
5fe31306a43ad3127800003c,summary,what is the chemical structure of etanercept etn,train
602598201cb411341a0000af,factoid,what does bdmard stand for,train
601d75281cb411341a000043,yesno,is there any role of genotoxic pks e coli in cancer,internal_test_LOCKED
5e44c59848dab47f26000021,yesno,should tirilazad be used for treatment of ischemic stroke,train
5e9208da2d3121100d00000a,list,list the major families of histones,validation
5e64f11a1af46fc130000017,yesno,is the paramyxovirus geneome segmented negative sense rna,train
5d387c20a1e1595105000010,factoid,approximately how many genes are contained in the x chromosome s non pseudoautosomal region non par,train
602599251cb411341a0000b1,yesno,does the use of bdmards during pregnancy impact neonatal development,train
601d46d61cb411341a000030,yesno,do exon 38 or 39 kmt2d missense variants cause kabuki syndrome type 1 ks1,train
5e47592835b8f0833c000001,list,the nosas score can be used for screening of which disorders,internal_test_LOCKED
5e669e0e1af46fc130000019,factoid,what is the chromosomal abnormality associated with klinefelter syndrome,train
5d388192a1e1595105000015,factoid,what distinguishes ridls from other transpozable elements,train
605271d994d57fd87900000f,factoid,what indication has fty720 been approved for by the fda,train
6053bd5194d57fd879000018,factoid,is fingolimod a drug or a pro drug,train
5fe0b4cda43ad31278000034,factoid,which conditions is caused by mutations in hfe,train
5fdb2e3ea43ad3127800000b,summary,what is the reason for the abundance of operons in the genome of c elegans,validation
5fdb4392a43ad3127800002a,factoid,which chromosome contains the tlr7 locus in the human genome,internal_test_LOCKED
5fdb2e23a43ad3127800000a,factoid,what is marked by dnasei hypersensitive sites,train
5fdb4290a43ad31278000024,yesno,do polycomb group proteins pcg mediate the formation of chromatin loops,internal_test_LOCKED
5fdb41b6a43ad3127800001d,factoid,which type of analysis does deseq2 perform,internal_test_LOCKED
5eb9a7f60d431b5f7300000c,summary,what is the function of a protein degron,train
5fdb2f77a43ad31278000013,list,which computational methods are used for the definition of synteny,train
5fe31319a43ad31278000046,yesno,can atac seq be employed in single cell mode,train
5fdb43c2a43ad3127800002c,summary,how can b cells transdifferentiate into macrophages,train
5fdb43d4a43ad3127800002d,summary,what is the function of the chromhmm software,internal_test_LOCKED
5fdb41c5a43ad3127800001e,factoid,what is featurecounts used for,validation
5fdb4231a43ad31278000020,summary,which is the main difference in the roles of otx2 and nanog during development,validation
5fdb42b7a43ad31278000025,yesno,are super enhancers structurally insulated in chromatin loops,train
6060e1a094d57fd879000049,yesno,does il18 signaling have a role in thymus,train
601c18921cb411341a00000f,yesno,does an antiphlogistic promotes inflammation,train
601c2fb51cb411341a000013,list,which interleukin receptors are targeted with rilonacept,train
601eafcd1cb411341a000056,factoid,which deep learning framework has been developed for cancer molecular subtype classification,train
601eab7d1cb411341a000053,factoid,what class of drugs have been given a black box warning for suicide,train
601eaac81cb411341a000051,factoid,what nerve is affected in carpel tunnel syndrome,train
601f08c11cb411341a00006c,factoid,what drug used to treat rheumatoid arthritis is an interleukin 1 receptor antagonist,train
601f105e1cb411341a000071,factoid,herpes viruses have what type of genome,train
6020ad161cb411341a000082,yesno,is liraglutide effective for weight reduction,train
6020ae4c1cb411341a000083,summary,is lorcaserin associated with increased cancer risk,validation
6020b0e21cb411341a000085,yesno,is eflornithine and sulindac are effective for prevention of progression in familial adenomatous polyposis,train
6020b2b21cb411341a000086,factoid,which cancer can be treated with darolutamide,internal_test_LOCKED
6020b8811cb411341a000089,list,which cancers can be treated with selpercatinib,train
602343051cb411341a00008d,factoid,what is the target of volanesorsen,train
6023518f1cb411341a000097,factoid,roflumilast cream is effective for which disease,train
602494cf1cb411341a00009c,summary,describe the mechanism of action of givosiran,train
602498cb1cb411341a00009e,yesno,is olaparib effective for prostate cancer,train
6024a5891cb411341a0000a3,summary,what is corkscrew esophagus,train
6025a1e91cb411341a0000b4,list,list 3 conventional synthetic dmards,train
6025fd261cb411341a0000bf,yesno,is isradipine effective for parkinson s disease,train
6026c1071cb411341a0000cb,yesno,is mk 1602 a cgrp antagonist,train
6026ef311cb411341a0000d4,factoid,which company developed eptinezumab,train
602748681cb411341a0000e1,list,what are the features of the aesop syndrome,internal_test_LOCKED
602752681cb411341a0000e7,list,which drugs are included in the vifup regimen for breast cancer,train
602753951cb411341a0000e9,list,which drugs are included in the ee 4a regimen for wilm s tumor,train
6027dc011cb411341a0000eb,yesno,does inactivation of cyld help in colorectal cancer,validation
6027f8ae1cb411341a0000ed,factoid,which network analysis method can you use for prioritization of metabolic disease genes,train
602823e61cb411341a0000f9,list,which drugs are included in the irox regimen for colorectal cancer,train
602826da1cb411341a0000fb,list,what are the targets of pemigatinib,validation
60290c2b1cb411341a00010a,yesno,is there high nucleotide diversity in the drosophila suzukii species,validation
602918381cb411341a00010c,list,which tools have been developed for identifying and visualising ncrna promoters,internal_test_LOCKED
602c19e71cb411341a00011a,factoid,what is the mode of administration of azd8601,internal_test_LOCKED
602c1fcc1cb411341a000120,summary,what is sar425899,train
6030fe7a1cb411341a000128,factoid,which class of disorders are caused by ampa receptor glua2 subunit defects,train
60327e541cb411341a00013e,yesno,is hunter s disease is associated with the x chromosome,train
6032899c1cb411341a000144,factoid,where are integrins localized in a cell,train
6032a0e21cb411341a000148,factoid,what is a bacteriocin,train
6032a8b91cb411341a000149,factoid,what protein complex is altered in coffin siris syndrome,train
60314c361cb411341a00012e,factoid,what is aortitis,train
60314ce01cb411341a00012f,list,please list the syndromes that are part of castleman s disease aka tafro,validation
60327f331cb411341a00013f,summary,what is known about the protein curli,train
60322b501cb411341a000137,list,list the core lung matrisome proteins,train
60328f351cb411341a000145,yesno,can freund s complete adjuvant induce arthritis,train
603291f21cb411341a000146,yesno,can saponins be used as adjuvant,train
603bc16b1cb411341a000158,yesno,is erabutoxin b usually found in plants,validation
603285861cb411341a000141,yesno,are toll like receptors tlrs induced by microbes,validation
60320ef51cb411341a000130,factoid,what is a decoy exosome,train
603bc1a81cb411341a000159,summary,can you summarize myasthenia gravis,validation
601ead101cb411341a000055,list,what 3 disorders are commonly associated with kaufman mckusick syndrome,train
603e43d51cb411341a00015e,yesno,is ixodes a species of tick,internal_test_LOCKED
604b6a941cb411341a00016f,list,what is the active ingredient in the most common hand sanitizer,train
6053ba5b94d57fd879000017,factoid,which was the first oral drug for the treatment of multiple sclerosis by the us food and drug administration fda,train
6053c11094d57fd87900001a,summary,which s1p receptors does fingolimod bind to,train
60550d2994d57fd87900001b,summary,what was fingolimod synthesized from,train
60527fc794d57fd879000013,summary,what does fingolimod do to the grey matter of the brain,train
6052819894d57fd879000014,list,what doses of fingolimod were administered during the freedoms trial,train
605281cf94d57fd879000015,factoid,how many patients were enrolled in the freedoms clinical trial,train
605256a894d57fd87900000b,factoid,what is blepharospasm,internal_test_LOCKED
604cda0994d57fd879000002,summary,explain the action of balovaptan,validation
604cda2f94d57fd879000004,summary,what is the effect of bisphenol a in the body,internal_test_LOCKED
6057238394d57fd879000029,list,list the main proteins found in human saliva,validation
60367f5e1cb411341a000157,yesno,is hba1c an ideal biomarker of well controlled diabetes,internal_test_LOCKED
60579cb394d57fd87900002e,factoid,which tool has been developed for microrna target enrichment and network based analysis,internal_test_LOCKED
6057a1ed94d57fd87900002f,list,list example genes that swim tool has identified and which are down regulated in glioblastoma,train
6057a3bf94d57fd879000030,summary,describe switchminer swim,train
6057bf0694d57fd879000031,factoid,what promotes amyloid peptide beta 42 aβ42 accumulation in neuroblastoma cells,train
6057c2f894d57fd879000033,factoid,which method has been developed for detection of atac seq or chip seq signals with dna methylation,train
6057c78994d57fd879000034,factoid,which protein is involved in the organization and regulation of pluripotency associated three dimensional enhancer networks,train
60578f2894d57fd87900002c,factoid,where is the agouti related peptide expressed,train
60578bc994d57fd87900002b,factoid,what is the function of ketohexokinase a,train
6057003594d57fd879000020,yesno,are the major royal jelly proteins similar to the yellow proteins,train
60607fea94d57fd87900003f,list,which r packages have been developed for studying tads,train
606081e594d57fd879000041,factoid,which bioconductor tool has been developed for accessing bacterial regulatory networks,validation
6057014c94d57fd879000022,yesno,is the apis mellifera genome available,internal_test_LOCKED
605255a894d57fd87900000a,list,what genes is implicated in myotonic goats and other nondystrophic myotonias,train
60570af094d57fd879000025,yesno,has the olive tree pollen proteome been studied,train
6060c7c094d57fd879000046,yesno,is cadherin a plasma membrane marker,validation
6057c0cd94d57fd879000032,factoid,what impacts stability of genomic imprinting in mouse pluripotent stem cells,validation
6057057c94d57fd879000023,factoid,what are the end products of the shikimate pathway,train
5e9ef62f0d431b5f73000006,summary,what are the uber operons,train
6031270b1cb411341a00012c,factoid,which key gene is involved in syndromic obesity phenotype of patients with 1p21 3 microdeletions,train
601c4e5e1cb411341a000021,yesno,is cabergoline used for treatment of the nelson s syndrome,internal_test_LOCKED
604903551cb411341a000162,yesno,are mucins glycosylated proteins,train
601d73ee1cb411341a00003f,yesno,is carpal tunnel syndrome a type of nerve entrapment,train
5e4565c63f54159529000001,factoid,what is the main manifestation of liebenberg syndrome,train
6028fe391cb411341a000104,list,which idh inhibitors by agios pharmaceuticals have been approved by the fda,train
602969061cb411341a000114,summary,what is radicl seq,train
601cb4541cb411341a000024,factoid,which disease is treated with anti siglec 8 antibody,train
60321c531cb411341a000135,summary,what is known about mammalian melatonin receptors,validation
601ebe451cb411341a00005e,summary,what is holoprosencephaly,train
5e4bf7876d0a27794100002c,summary,what is the effect of notch in the division of neural progenitor cells in drosophila,validation
602c21501cb411341a000121,summary,in what clinical trials has sar425899 been tested,train
602905e81cb411341a000108,yesno,is there a link between rare variants in pparg and type 1 diabetes,validation
6025f7dc1cb411341a0000bd,summary,what is the mechanisms of action of pexidartinib,train
60321aad1cb411341a000134,list,list pore forming toxins,validation
601ebbeb1cb411341a00005b,factoid,what syndrome is associated with mutations in lysine methyltransferase 2d kmt2d,validation
5fd78702a43ad31278000005,yesno,does steroid 5a reductase deficiency lead to hermaphroditism,validation
6026db1f1cb411341a0000cf,yesno,has ubrogepant entered clinical phase iii trials,internal_test_LOCKED
602967de1cb411341a000113,factoid,how many nucleotides long is the hotair cne,train
60274a2a1cb411341a0000e2,list,what symptoms are included in the narcolepsy pentad,train
604911661cb411341a000169,factoid,what is the function of osteolectin,train
601d74391cb411341a000041,factoid,what is ecmo,internal_test_LOCKED
5fdb84f2a43ad31278000030,list,which diseases are associated with the yaa gene,train
602c1d3b1cb411341a00011e,factoid,which receptors does bimagrumab block,internal_test_LOCKED
6031002d1cb411341a000129,yesno,are pdxk mutations linked to polyneuropathy,train
601d76131cb411341a000044,yesno,is avelumab effective for urothelial carcinoma,train
603221741cb411341a000136,list,what tissues have been studied by circadian proteomics,train
601dc46c1cb411341a000050,yesno,is mis c or multisystem inflammatory syndrome in children a complication of covid 19,train
5fe3131ba43ad31278000047,factoid,which rna polymerase transcribes enhancer rnas,train
602900aa1cb411341a000107,list,name the three phase 3 randomized double blind placebo controlled that assessed galcanezumab,internal_test_LOCKED
6020010a1cb411341a00007c,yesno,is co loss of brca2 rb1 associated with better prognosis for prostate cancer patients,internal_test_LOCKED
60273a161cb411341a0000d8,list,which drugs were investigated in the alpheus trial,internal_test_LOCKED
6048ff3e1cb411341a000160,factoid,which cell secretes the enzyme tryptase,train
60292d191cb411341a00010e,factoid,what disease does bcg immunotherapy used to treat,validation
5d35ee08b3a6380763000012,factoid,which epigenetic marks are deposited by prc1,train
6028ffae1cb411341a000106,yesno,does erenumab target the calcitonin gene related peptide,train
6031287e1cb411341a00012d,factoid,which key gene is involved in interstitial 6q25 microdeletion syndrome,train
601c42ad1cb411341a00001b,factoid,brensocatib was tested for treatment of which disease,train
60355c0f1cb411341a000156,factoid,what is the function of the protein cuf1,train
601f10b71cb411341a000072,factoid,how many groups of viruses exist in the baltimore classification,validation
5fdb41a2a43ad3127800001c,summary,what is the effect of dkk1 in wnt signaling,train
602c1dc41cb411341a00011f,summary,what is bimagrumab,train
602a87c71cb411341a000117,list,list orally bioavailable mps1 kinase inhibitors,train
601c44ab1cb411341a00001c,yesno,can radiosurgery be used for the dnet tumors,train
6032866a1cb411341a000142,summary,what are commensal bacteria,train
601ec2d61cb411341a000062,factoid,what disease is associate with defects in both the kdm6a lysine specific demethylase 6a and kmt2d lysine methyltransferase 2d,train
5fdb43aea43ad3127800002b,factoid,which transcription factor regulates emergency granulopoiesis,validation
6026ef9d1cb411341a0000d5,factoid,when did eptinezumab get its first fda approval,validation
6030fcb51cb411341a000127,factoid,which database exists that contains regulatory sites for splicing in human basal ganglia,train
6026754f1cb411341a0000c8,yesno,should minocycline be used for mild alzheimer disease,train
60490a0f1cb411341a000165,summary,what is pyroptosis,train
601db8111cb411341a00004b,factoid,what is a hapmap,internal_test_LOCKED
5fda3dcaa43ad31278000006,list,which cancer types are associated with mutations in the twist1 gene,internal_test_LOCKED
602c1c701cb411341a00011d,summary,what did the resilient study investigate,train
60274aca1cb411341a0000e3,list,list features of the thrombotic thrombocytopenic purpura pentad,train
60491db71cb411341a00016e,summary,what are organoids,train
601f0ed81cb411341a000070,list,list 3 therapeutic uses for botulism toxin,train
5fdb4148a43ad31278000018,summary,what is the role of tcf3 in the maintenance of pluripotency,train
6026d6891cb411341a0000cc,factoid,what pathological condition is mk 1602 used for,train
60290a131cb411341a000109,yesno,is there an association of alterations in adcy7 and ulcerative colitis,train
60266cf31cb411341a0000c4,summary,what is the mechanism of action of satralizumab,train
604906ed1cb411341a000163,yesno,are mucin overexpression associated with disease,train
601ec1fb1cb411341a000061,list,what are the 4 types of holoprosencephaly,train
5fe31301a43ad31278000039,factoid,which yeast genes encode for condensin,train
6026ed981cb411341a0000d2,factoid,what is another name for the drug amg334,train
6028204c1cb411341a0000f6,summary,describe the genetic determinants of common epilepsies,train
6025fdf41cb411341a0000c0,yesno,should nerinetide be used for treatment of ischaemic stroke,validation
6033fae11cb411341a00014d,summary,what is the role of alcohol acyl transferases in fruit aroma,internal_test_LOCKED
601d73501cb411341a00003b,summary,what is hikikomori syndrome,train
5fe08b77a43ad31278000032,factoid,which gene is primarily associated with the saethre chotzen syndrome,validation
6025a45b1cb411341a0000b5,list,list 4 targeted synthetic dmards that are jak inhibitors,validation
6026af5e1cb411341a0000c9,list,which micrornas are involved in targeting cyld in triple negative breast cancer,validation
60274cd41cb411341a0000e4,list,which drugs were tested in the candor trial,train
603281cb1cb411341a000140,list,which are the parts of a flaggelum,train
601d742e1cb411341a000040,summary,why are male calico cats rare,train
5fdb2e74a43ad3127800000d,factoid,which master regulator drives liver development,train
6026de661cb411341a0000d1,yesno,are there small molecule cgrps under development for the treatment of migraine,train
6028183e1cb411341a0000f1,factoid,which subcortical brain structure is influenced the most by common genetic variants,train
601c4b231cb411341a000020,factoid,givosiran is used for treatment of which disease,train
604900391cb411341a000161,list,list mediators that are released from mast cells,internal_test_LOCKED
601f027f1cb411341a00006b,factoid,what is exencephaly,train
5fe31310a43ad31278000041,summary,what is the role of tnf in obesity,internal_test_LOCKED
6026ee821cb411341a0000d3,yesno,is eptinezumab a small molecule,train
6028196e1cb411341a0000f2,summary,describe the enhancing neuroimaging genetics through meta analysis enigma consortium,train
601cb5be1cb411341a000025,factoid,inhaled molgramostim can be used for treatment of which disease,train
60322d811cb411341a000138,list,which are the main functions of the annexin family,internal_test_LOCKED
601d6a651cb411341a000031,list,please list the 2 vaccines for herpes zoster shingles,train
5fdb4264a43ad31278000023,factoid,what is a likely origin of intronless genes,train
6028fc841cb411341a000103,factoid,which company developed ivosidenib,train
60324b771cb411341a000139,yesno,is the apilimod inhibitor effective against sars cov 2,train
602673e91cb411341a0000c7,yesno,is lanabecestat effective for alzheimer s disease,train
60490c421cb411341a000166,factoid,how is the sting protein activated,internal_test_LOCKED
601ebc241cb411341a00005c,summary,explain the use of radio frequency ablation as a treatment,train
5fe3130da43ad3127800003f,factoid,what does 28 stand for in the disease activity score das28,validation
602c19f11cb411341a00011b,summary,what is epiccure,train
60296ace1cb411341a000115,list,list updates for jaspar 2020,train
601c46f61cb411341a00001d,yesno,was golimumab tested for diabetes,train
604fc22894d57fd879000008,yesno,is g3bp1 found in stress granules,train
601d725d1cb411341a000036,summary,what is progeria,train
60606c9994d57fd87900003b,summary,describe crossicc,train
601c3fc21cb411341a000019,factoid,which receptor is blocked by finerenone,train
6081af3c4e6a4cf630000008,yesno,is colistin an antibiotic,train
602e84e61cb411341a000126,yesno,is tocilizumab actemra used to block antagonize the il 6 receptor,train
5cebe41ea49efeb44c000006,yesno,is the process of dna loop extrusion independent of atp,train
606ab57394d57fd87900004f,factoid,what is the effect of carbamazepine on cyp3a4,train
6060df1e94d57fd879000047,yesno,is there an upper limit on the functional fraction of the human genome,train
601c48c11cb411341a00001e,summary,what is couvelaire uterus,validation
6080646c4e6a4cf630000004,factoid,what protein is otof gene encoding,train
604b6bec1cb411341a000170,summary,what is hypercapnia,train
5fe31318a43ad31278000045,summary,what is tsa seq used for,train
606c34c994d57fd879000077,factoid,does the herceptest use a polycloncal or monoclonal antibody,train
6027fa581cb411341a0000ee,summary,describe participants experiences from the 100 000 genomes project,train
6024a25c1cb411341a0000a1,summary,what is the role of elagolix in treatment of uterine fibroids,train
60805c344e6a4cf630000001,factoid,where is the organ of corti located,validation
601d72181cb411341a000034,list,what eye disease s are associated with ocular toxoplasmosis,train
5e9eaf3b0d431b5f73000004,list,which eukaryote genomes contain operons,train
606b79da94d57fd87900006e,summary,what has capmatinib received fda approval for in 2020,train
601ec5661cb411341a000063,yesno,is slic cage used for quantification of translation,train
6025fa371cb411341a0000be,yesno,does hypofractionated radiotherapy offers any benefit for dipg,train
608069984e6a4cf630000006,factoid,what is the function of the stard10 protein,validation
601d72e61cb411341a000039,yesno,is progeria caused by an autosomal recessive gene,internal_test_LOCKED
5fe31305a43ad3127800003b,factoid,what is the target of adalimumab,train
606ae4fd94d57fd879000056,factoid,which gene is implicated in the metabolism of codeine and its polymorphisms in the mother can pose a risk to breastfeeding children,internal_test_LOCKED
6026b0e01cb411341a0000ca,summary,describe the role of epidermal cyld inactivation in sebaceous and basaloid skin tumors,train
602745c51cb411341a0000de,summary,describe the mechanism of action of lisocabtagene maraleucel,train
60805e204e6a4cf630000002,factoid,what is the cause of the kleefstra syndrome,train
601d73c71cb411341a00003e,yesno,is acupotomy used to treat muscle stiffness,train
5fdb40eba43ad31278000014,summary,which is the role of mediator in genome organization,train
6028fc001cb411341a000102,list,which two antibodies directed towards the cgrp ligand were approved by the fda in september 2018,train
6032536a1cb411341a00013b,summary,describe lowmaca,train
60234bd51cb411341a000093,yesno,is ofatumumab effective for multiple sclerosis,train
6082e2254e6a4cf63000000d,list,list proteins that promotes calcification,validation
601f1bbd1cb411341a000074,list,please list 3 small molecule cgrp receptor antagonists for migraine,train
5fdb43f6a43ad3127800002e,list,what are the two types of duplicated genes in the yeast s cerevisiae,train
6053be3594d57fd879000019,summary,why is fingolimod considered a prodrug,internal_test_LOCKED
60206bae1cb411341a00007d,yesno,is there a role for dickkopf 1 dkk1 in prostate cancer,validation
60249aa31cb411341a0000a0,summary,what is hemophilic pseudotumor,validation
6081b9d64e6a4cf63000000b,summary,what is the aim of the trap method,validation
601c17c21cb411341a00000e,factoid,the shingrix vaccine is used to prevent what disease,internal_test_LOCKED
5eb504560d431b5f7300000b,summary,what is the function of hp1a in the nucleus,train
602c28551cb411341a000123,yesno,has azd9668 been tested in clinical trials,validation
602a84ae1cb411341a000116,factoid,which class of genomic elements was assessed as part of the fantom6 project,train
602828b11cb411341a0000fc,factoid,which molecule is targeted by camrelizumab,train
6086f0ef4e6a4cf630000011,factoid,what is a foam cell,train
601ff4a61cb411341a000076,factoid,what class of drugs frequently has muscle pain and other muscle toxicities such as mysositis and rhabdomyolysis as a side effect,train
5fe3131fa43ad3127800004a,factoid,which cytokine molecule activates smads,train
606bfca094d57fd879000072,summary,what is the oncomine dx target test,train
60281eb11cb411341a0000f5,factoid,what are common variants at 12q14 and 12q24 associated with,internal_test_LOCKED
601d74681cb411341a000042,factoid,which mutation is targeted by sotorasib,train
603404f41cb411341a00014f,factoid,when is dele1 exiting the mitochondrion,validation
601ffa7a1cb411341a000078,summary,what is a ciliopathy,train
5ebac76b0d431b5f7300000d,factoid,which histone mark is recognized by hp1,train
602c192c1cb411341a000119,summary,what is azd8601,train
603125341cb411341a00012b,list,list critical regions for 7p22 1 microduplication syndrome,validation
6023598a1cb411341a00009b,list,which molecules are targeted by trastuzumab deruxtecan,train
6081b64d4e6a4cf63000000a,factoid,what is the function of the hsj1 proteins,train
601dbe2b1cb411341a00004d,factoid,what is the indication for zolmitriptan,train
5fe09c99a43ad31278000033,factoid,what percentage of c elegans genes reside in operons,train
60527e8c94d57fd879000012,factoid,what is the most advanced phase of clinical trial that fingolimod has entered,internal_test_LOCKED
605fb41094d57fd879000039,factoid,what is caused by a gain of function mutation in clcn2,train
6027505c1cb411341a0000e6,list,which treatments were compared in the unblocs trial,train
603557ef1cb411341a000155,list,which are the ligands of the roundabout robo receptors,train
604d41ba94d57fd879000005,summary,what is the function of kisspeptin in the brain,train
5fdb415ba43ad31278000019,yesno,is nanog repressed in pluripotent stem cells,train
6026d8bf1cb411341a0000ce,factoid,what is the mode of administration of ubrogepant,train
6060e03394d57fd879000048,yesno,are synonymous sites in primates and rodents functionally constrained,train
6020a9f11cb411341a000080,factoid,which animal bite can cause capnocytophaga canimorsus infection,train
6032ba631cb411341a00014b,factoid,what is the function of lysozyme,train
601ec6e11cb411341a000064,summary,explain amniotic band syndrome,train
5fdb420fa43ad3127800001f,list,which are the main advantages of kallisto against similar methodologies,train
606c34ff94d57fd879000078,factoid,what methodology does the herceptest use,train
601ebde11cb411341a00005d,factoid,which r bioconductor package has been developed for gene expression signature searching,train
601c317a1cb411341a000014,factoid,which molecule is targeted by upadacitinib,validation
606b61f794d57fd879000068,summary,what is known about natriuretic peptide receptor a,train
601c0b071cb411341a000009,summary,what is the mode of action of dexamethasone,train
5fe3130fa43ad31278000040,summary,what is the phenomenon described as complex coacervation,validation
602c17d41cb411341a000118,list,which proteins does rg 7992 target,train
6027f7171cb411341a0000ec,yesno,is there a role for tfii i in megakaryopoiesis,validation
60274ec61cb411341a0000e5,list,which drugs are included in the vac regiment for ewing s sarcoma,train
604915581cb411341a00016a,yesno,is ykl 40 used as a biomarker for alzheimer s disease,train
601db60e1cb411341a000049,factoid,on what chromosome is the gene for silver coat color found for the domestic cat,train
5fe31322a43ad3127800004c,list,which lncrnas are induced by heatshock,train
606ad07394d57fd879000050,factoid,what is the prevalence of poor metabolizers of cyp2c19 among southern asians compared to east asians,train
601d79e01cb411341a000047,factoid,which r bioconductor package has been developed for network based differential expression analysis,train
601c3f041cb411341a000018,yesno,can propofol cause green urine,train
6032187e1cb411341a000132,yesno,are gram positive bacteria able to release extracellular vesicles,internal_test_LOCKED
6032722f1cb411341a00013d,summary,describe a cytokine release syndrome,internal_test_LOCKED
5fdb4190a43ad3127800001b,list,which genes are the main markers of primitive endoderm pren formation,train
606ae55d94d57fd879000057,summary,what are the ema and fda recommendations regarding pharmacogenetic testing for abacavir,validation
60291a0c1cb411341a00010d,summary,describe pwmscan,train
6025d88c1cb411341a0000b6,yesno,is vocimagene amiretrorepvec effective for glioblastoma,validation
605700d294d57fd879000021,list,list the major royal jelly proteins in apis mellifera,internal_test_LOCKED
604bc5b41cb411341a000173,summary,what is bel biological expression language used for,train
5fe30efea43ad31278000038,factoid,which database contains gene expression data for yeast,train
606b5ba794d57fd879000067,factoid,which cyp gene polymorphism is a well known predictor of efavirenz disposition,train
605cc21d94d57fd879000036,factoid,what is the role of the ire1a xbp1 pathway,validation
601cb7a61cb411341a000026,yesno,can panitumumab cause trichomegaly,train
6082d9044e6a4cf63000000c,list,list proteins that are contained in atherosclerotic plaques,internal_test_LOCKED
604b8cf71cb411341a000171,list,list characteristics of developmental and epileptic encephalopathies dees,train
6027fcd31cb411341a0000ef,list,which methods exist for efficient calculation of elementary flux modes efms in genome scale metabolic networks gsmns,train
602747921cb411341a0000e0,summary,what is the mechanism of action of vosoritide,train
606b3ce794d57fd879000065,summary,what is the flight or fight response,train
605258f494d57fd87900000c,summary,how is burke fahn marsden dystonia scale used,train
5fe31304a43ad3127800003a,yesno,is methotrexate used for the treatment of rheumatoid arthritis ra,train
606b800994d57fd879000071,factoid,what methodology does the foundationone cdx test use,train
6060701c94d57fd87900003c,factoid,which r bioconductor package exists for discovery of intergenic transcripts,train
601cba001cb411341a000028,summary,what is the mechanism of action of idasanutlin,validation
606b390f94d57fd879000062,factoid,where is corticosterone synthesized,train
6060996394d57fd879000045,list,where is the klotho protein primarily expressed in the body,internal_test_LOCKED
5fd779b4a43ad31278000004,factoid,which particular intersex phenotype is related to steroid reductase,train
605e3c8294d57fd879000037,yesno,is atenolol metabolized by cyp2d6,train
601eba711cb411341a000059,summary,describe deeptriage,train
601c4a0a1cb411341a00001f,summary,what is pseudomelanosis duodeni,train
606b3b6794d57fd879000064,yesno,is the glucocorticoid receptor a transcription factor,internal_test_LOCKED
601ff55a1cb411341a000077,list,what are the five traits associated with metabolic syndrome,train
5fdb1023a43ad31278000009,factoid,which gene is responsible for the liebenberg syndrome,train
606ad2ab94d57fd879000053,summary,which pharmacogenetic test is recommended prior to administering carbamazepine and why,train
601fff6a1cb411341a00007b,yesno,are there sex differences in oncogenic mutational processes,train
602825a61cb411341a0000fa,list,which drugs are included in the maid chemotherapy regimen for sarcoma,validation
606b396994d57fd879000063,factoid,which is the main ligand for the glucocorticoid receptor,internal_test_LOCKED
601f19d11cb411341a000073,list,who received the nobel prize for development of crispr,train
5fdb4112a43ad31278000016,summary,how are super enhancers defined,validation
606a232a94d57fd87900004c,yesno,is metoprolol metabolized by cyp2d6,train
60311f691cb411341a00012a,list,list versions of expansionhunter,train
6023480b1cb411341a000091,summary,what are the uses of nirsevimab,train
606b3f4d94d57fd879000066,summary,what is the proteoglycan tsukushi,train
60292e1b1cb411341a000111,yesno,does curare function by stimulating the acetylcholine receptor,train
5fdb2ee4a43ad3127800000f,yesno,are somatic mutations positioned towards the nuclear periphery,internal_test_LOCKED
606b6dc194d57fd87900006a,list,which biological drugs are ema approved for pediatric psoriasis,train
60290f741cb411341a00010b,summary,what is the role of adamts18 in hormone receptor signaling,train
6020ab801cb411341a000081,yesno,is belimumab effective for the lupus nephritis,train
606b295294d57fd87900005b,list,which are the lactate isomers,train
6068640894d57fd87900004b,factoid,what is the function of the eyeless associated gene in drosophila,train
5fdb4311a43ad31278000028,yesno,are enhancers directional in their targeting of gene promoters,train
606b718994d57fd87900006b,yesno,has dupilumab been fda approved for atopic dermatitis,train
6060732b94d57fd87900003d,summary,describe reactomegsa,train
6020b43a1cb411341a000087,summary,what is the role of phenylbutyrate taurursodiol for amyotrophic lateral sclerosis,validation
606b33e394d57fd879000061,summary,what is known about growth arrest specific 6 protein,validation
5e57fb40b761aafe09000009,summary,what is leptomeningeal disease,train
5fe31307a43ad3127800003d,factoid,what percent of rheumatoid arthritis ra patients are not responding to anti tnf therapy,train
606b767294d57fd87900006d,list,which recombinant antibody therapeutics were granted marketing approval in 2014,train
6027fec01cb411341a0000f0,list,what is caused by bach2 related immunodeficiency,validation
6025dd0c1cb411341a0000b9,yesno,should cerebrolysin be used for aneurysmal subarachnoid hemorrhage,validation
603213ea1cb411341a000131,yesno,do bacteria release extracellular vesicles,train
604f632494d57fd879000007,summary,what is the effect of the venom of the cone snail conus tulipa,train
5e4e3cee6d0a277941000030,factoid,which component of the influenza a virus affects mrna transcription termination,internal_test_LOCKED
606a23c694d57fd87900004d,list,which two genes are predominantly considered by warfarin initial dosing algorithms,train
606080eb94d57fd879000040,summary,describe msstatstmt,internal_test_LOCKED
6025ddde1cb411341a0000ba,yesno,is tranexamic acid effective for intracerebral haemorrhage,validation
60490dc71cb411341a000167,yesno,are interferons defensive proteins,train
5e52cb6d6d0a277941000050,factoid,what effect does methylsulfonylmethane msm have on inflammation,train
5fdb2f03a43ad31278000010,summary,what is particular about the 3d structure of the inactive x chromosome,train
606ad4bd94d57fd879000054,summary,why mothers with a cyp2d6 ultrarapid metabolizer phenotype may expose their infants to risk of adverse events when taking codeine while breastfeeding,validation
606074ab94d57fd87900003e,factoid,which r package can infer protein protein interactions via thermal proximity coaggregation tpca,train
601c33f81cb411341a000017,summary,what is the mechanisms of action of evinacumab,internal_test_LOCKED
60354a7b1cb411341a000154,yesno,do honey contain diastases amylases,train
601ee4c61cb411341a000066,factoid,what year was the first successful human heart transplant performed,train
5fe3130ca43ad3127800003e,factoid,which disease is monitored in the biocura cohort,internal_test_LOCKED
606aea9b94d57fd879000058,factoid,which gene is associated with response to abacavir,train
601ecab41cb411341a000065,yesno,is adenosine signaling prognostic for cancer outcome,internal_test_LOCKED
60266b371cb411341a0000c2,list,which drugs are included in the cnic polypill,train
6032b6661cb411341a00014a,factoid,which human tissue synthesize crp,train
6025382b1cb411341a0000a5,summary,what is the relationship between the x chromosome and a neutrophil drumstick,train
5fe31317a43ad31278000044,factoid,the formation of which inflammatory molecule is regulated by map3k8 tpl2,train
606bfe5b94d57fd879000073,factoid,which company produces the oncomine dx target test,train
603256981cb411341a00013c,summary,describe the inspect r package,train
6024a4111cb411341a0000a2,factoid,which molecule is targeted by teprotumumab,train
607323fe94d57fd879000079,factoid,which protein is encoded by the protein apobec3c,internal_test_LOCKED
5e67cd6b1af46fc13000001e,yesno,does azd3759 cross the blood brain barrier,train
5fe3131ca43ad31278000048,factoid,what is the major sequence determinant for nucleosome positioning,train
606ad16594d57fd879000051,factoid,which is the primary enzyme metabolizing esomeprazole,internal_test_LOCKED
602822341cb411341a0000f8,list,which factors contribute to the risk of very early onset inflammatory bowel disease,internal_test_LOCKED
6020af2e1cb411341a000084,factoid,what disease is treated with bivv001,train
606b2bf594d57fd87900005d,factoid,what is the mode of action of thiazovivin,train
601f0d6f1cb411341a00006f,summary,explain the association between barr bodies nuclear inclusions and the x chromosome,train
5fe0c141a43ad31278000035,yesno,is the zelda transcription factor a chromatin remodeller,train
606ad1f094d57fd879000052,summary,what is the effect of the alleles cyp2c19 2 and cyp2c19 3 on cyp2c19 function,internal_test_LOCKED
6028f6781cb411341a000100,summary,describe full spectrum of intolerance to loss of function fusil,train
6025db0e1cb411341a0000b8,yesno,is capmatinib effective for glioblastoma,train
6057151094d57fd879000027,yesno,are there antimicrobial proteins in royal jelly,internal_test_LOCKED
601d72c21cb411341a000038,list,what are the years of the initiation and completion of the human genome project,validation
5ea97bec0d431b5f73000007,list,which methods infer 3d genome structure without proximity ligation,internal_test_LOCKED
606b7e5694d57fd879000070,factoid,how many genes are screened by the foundationone companion diagnostic,train
603251f81cb411341a00013a,factoid,interaction of wdr5 with which gene has a critical role in pancreatic cancer,validation
6025e2641cb411341a0000bb,yesno,can thiotepa be recommended for treatment of osteosarcoma,train
60571d4294d57fd879000028,summary,what is known about aberrant proteolytic activity in disease,internal_test_LOCKED
601db7fb1cb411341a00004a,yesno,does a comet assay measure radiation induced mutations,internal_test_LOCKED
5fdb2f54a43ad31278000012,summary,what is formative pluripotency,train
606c017294d57fd879000076,yesno,has the companion diagnostic herceptest received fda approval,internal_test_LOCKED
601ebba41cb411341a00005a,factoid,which r bioconductor package has been developed for visualizing differential amino acid group usage in proteomics,train
601cb2e41cb411341a000023,factoid,dasatinib and blinatumomab are used for treatment of which disease,train
6033f5541cb411341a00014c,yesno,is phosphoenolpyruvate carboxykinase 1 pck1 the rate limiting enzyme in gluconeogenesis,internal_test_LOCKED
601eac531cb411341a000054,list,what conditions are diagnosed using the scratch collapse test,validation
5fdb42e7a43ad31278000026,factoid,which is the main gene signature in systemic lupus erythematosus sle,validation
605265ee94d57fd87900000d,yesno,has fty720 been considered for the treatment of stroke,validation
6060838e94d57fd879000042,list,list r packages for lipidomics,validation
602496791cb411341a00009d,list,which disease can be treated with relugolix,train
6056fd8a94d57fd87900001e,summary,what is the effect of carbendazim on bees,internal_test_LOCKED
60292e661cb411341a000112,list,what 3 organs are the sphincter of oddi associated with,train
61f97372882a024a10000051,list,list clinical phenotypes and molecular genetic features of patients with kmt2b related disorders,train
61f60157882a024a1000001e,factoid,what is the use of atogepant,train
621b950f3a8413c653000044,yesno,is smoc2 expressed during wound healing,train
621ecc3e3a8413c653000060,list,what is a potential alternate uses repositioning for primaquine,train
620580afc9dfcb9c0900002f,yesno,does daily atemoya juice intake change the pharmacokinetics of cyp1a2 substrates,train
61f86b5b882a024a10000043,summary,what is caused by gain of function variants in syk,internal_test_LOCKED
61f602a3882a024a1000001f,yesno,is cabotegravir effective for hiv prevention,validation
6217e5433a8413c653000032,factoid,what is the function of the protein sert,internal_test_LOCKED
62211b973a8413c65300006c,yesno,are g quadruplexes g4 possible drug targets for glioblastoma,validation
622608ea3a8413c653000079,yesno,is runx1t1 associate with obesity,train
61f9cb19c9dfcb9c09000002,yesno,is adamts18 deficiency associated with cancer,train
61f5fcb6882a024a1000001b,factoid,what causes ocular thelaziasis,validation
6217d8973a8413c653000020,factoid,what is the role of cytidine deaminase in healthy cells,train
621fca543a8413c653000064,summary,summarize the cause of autosomal dominant spinocerebellar ataxia type 3,train
622628b03a8413c65300007d,factoid,through which pathway does the fto guided demethylation of gadd46 drive myogenesis,train
61f81a2d882a024a10000042,list,what are the key characteristics of the syndrome caused by ankrd17 loss of function variants,train
61f5f89b882a024a10000019,yesno,is ozanimod effective for ulcerative colitis,train
621d02f33a8413c653000047,factoid,what is the function of the protein piezo1,validation
601dbeb31cb411341a00004e,list,please list 3 biologic monoclonal antibody drugs used to treat migraine headaches,internal_test_LOCKED
622627103a8413c65300007c,factoid,what is the most common n6 methyladenosine m6a methylation modification site of runx1t1,train
61f9c990c9dfcb9c09000001,summary,describe greekc,train
61f6055b882a024a10000021,list,which receptors are targeted by tirzepatide,train
621bd38d3a8413c653000046,yesno,is esophageal adenocarcinoma associated with aberrant glycosylation,train
601f0c161cb411341a00006e,summary,what is the function of a chaperonin,train
622629d13a8413c65300007e,yesno,can fto promote pancreatic cancer development,train
61f95f9f882a024a1000004e,factoid,which disorder is caused by biallelic mutations in g protein coupled receptor kinase 1 grk1,train
61f5fb64882a024a1000001a,factoid,which disease is treated with tebentafusp,train
621b8dee3a8413c653000042,yesno,is lysozyme abundant in human tears,train
603e4dc71cb411341a00015f,summary,what is neuromedin u nmu,train
6052715494d57fd87900000e,yesno,is fty720 fda approved,train
61f9cc19c9dfcb9c09000003,summary,describe spar k,train
61f6048e882a024a10000020,summary,what is the mechanism of action of donanemab,train
621d19cc3a8413c65300004a,yesno,is cytokeratin a tumor marker,train
6222257e3a8413c653000077,factoid,what are tams in cancer therapy,validation
62260aa13a8413c65300007a,summary,what is the relationship between runx1t1 and fto,train
6200411cc9dfcb9c09000014,factoid,which java utility has been developed for class hidden markov models,train
61f5f777882a024a10000018,summary,what is the mechanism of action of etesevimab,validation
621b85993a8413c653000041,list,list known pseudokinases,internal_test_LOCKED
601eb3b61cb411341a000057,factoid,where is the body would the peyer s patches be found,internal_test_LOCKED
602596691cb411341a0000ad,yesno,is tofacitinib a jak inhibitor,train
61f86f58882a024a10000046,summary,describe the genomeasia 100k project,validation
61f60735882a024a10000022,factoid,which disease is treated with risdiplam,train
604919411cb411341a00016c,summary,what is protein palmitoylation,internal_test_LOCKED
60292dc61cb411341a000110,yesno,αre plants from the genus strychnos the original source of curare,train
6028fad21cb411341a000101,factoid,when was galcanezumab approved by fda,train
61f9605f882a024a1000004f,yesno,are variants in fhf2 also known as fgf13 associated with encephalopathy,internal_test_LOCKED
602356b81cb411341a000099,factoid,tofersen has been developed for treatment of which disease,train
606b2b1994d57fd87900005c,factoid,what is the cause of lactose intolerance,train
60575f5a94d57fd87900002a,summary,what is etizolam,train
602c26171cb411341a000122,yesno,is azd9668 a vegf mrna drug,train
61f9718f882a024a10000050,summary,what is caused by de novo vps4a mutations,train
61f5f377882a024a10000016,list,what is the use of pegcetacoplan,internal_test_LOCKED
621b78e63a8413c65300003f,factoid,what is the activity of a oligosaccharyltransferases,train
601eb56c1cb411341a000058,factoid,on what chromosome would the mkks gene for mckusick kaufman aka kaufman mckusick syndrome be found,train
606add0094d57fd879000055,summary,which maternal cyp2d6 related phenotype may expose their infants to risk of adverse events when taking codeine while breastfeeding,validation
62004003c9dfcb9c09000013,summary,describe the web application victor,train
61f5fe43882a024a1000001c,summary,what is gls 5700,train
603400051cb411341a00014e,yesno,is histone variant h3 3k27m associated with gliomas,internal_test_LOCKED
601ef0571cb411341a000067,factoid,what is another name for keratomileusis,train
62260afb3a8413c65300007b,factoid,in which motif of the runx1t1 protein is the rs34269950 snp located,train
61f86db9882a024a10000045,summary,what is caused by scube3 loss of function,train
602820fb1cb411341a0000f7,list,which drugs are included in the capox chemotherapy regimen for colorectal cancer,train
6081a83f4e6a4cf630000007,yesno,is fkbp52 encoding a chaperone,train
603bc2801cb411341a00015a,factoid,isotocin is an homolog of what hormone,internal_test_LOCKED
6052729c94d57fd879000011,factoid,fingolimod is a selective antagonist for which molecule,train
62004357c9dfcb9c09000015,yesno,does αcgrp have amyloidogenic properties,train
60282c3f1cb411341a0000fe,yesno,is istiratumab effective for pancreatic cancer,train
621b99973a8413c653000045,summary,what is the human proteoform project,train
622118a43a8413c65300006a,factoid,telomestatin is derived from what organism,train
6206d06ec9dfcb9c09000041,factoid,which plant is khellin extracted from,train
620058b3c9dfcb9c09000016,summary,describe antisoma,train
61f5f0e1882a024a10000014,list,which factors are inhibited by abelacimab,validation
603219c21cb411341a000133,factoid,what is vesiduction,train
6026f0251cb411341a0000d6,factoid,what is the route of administration of eptinezumab,train
61f81912882a024a10000041,list,what kind of approaches you need to combine in order to manage familial spontaneous pneumothorax,train
601cbbf11cb411341a00002a,summary,what is the mechanism of action of vericiguat,validation
606b648394d57fd879000069,factoid,what is the origin of hep 2 cells,train
601efda31cb411341a000069,yesno,does bleomycin cause lung toxicity,train
602c1b141cb411341a00011c,factoid,what is another name for bimagrumab,train
6060e30a94d57fd87900004a,summary,what is stategra,train
6023501a1cb411341a000096,factoid,what is the generic name of the xofluza,train
6082f4374e6a4cf63000000f,yesno,is keutel syndrome a common genetic disorder,train
601d724a1cb411341a000035,yesno,is fusobacterium associated with lemierre s syndrome,train
6026d8641cb411341a0000cd,factoid,what is the synonym of mk 1602,train
61f919cc882a024a10000048,factoid,how many families did the 100 000 genomes pilot enrol,validation
61f5ffc8882a024a1000001d,summary,what is cis43ls,train
621b806c3a8413c653000040,list,list the main salt inducible kinases,train
621fd6083a8413c653000066,yesno,unlike dna rna is not methylated yes or no,train
606bfeb494d57fd879000074,factoid,what methodology does the oncomine dx target test use,train
61f50f8b882a024a10000001,summary,describe the application of whole genome sequencing in the diagnosis of primary ciliary dyskinesia pcd,train
6020a8431cb411341a00007f,factoid,which cd38 antibody has been shown to be effective for lupus erythematosus,internal_test_LOCKED
60853db94e6a4cf630000010,factoid,what is a circrna,train
62211b5a3a8413c65300006b,summary,summarize fanconi s anemia,train
6211454a3a8413c65300000b,factoid,which one of the cyp450 enzymes is the second most frequently implicated in the metabolism of the drugs currently available on the market,validation
62190f633a8413c653000037,summary,describe sbgnview,train
61f5f1ef882a024a10000015,list,which diseases can be treated with itepekimab,train
603534671cb411341a000153,factoid,what is the msdna,train
621ea5a53a8413c653000055,yesno,are epoxyeicosatrienoic acids eets synthesized by cytochrome p450 epoxygenases from arachidonic acid,validation
621142713a8413c65300000a,factoid,what percentage of currently available drugs are metabolized by cyp3a4,train
61f810a5882a024a1000003e,factoid,what is caused by bi allelic loss of function variants in ipo8,internal_test_LOCKED
6023415b1cb411341a00008c,summary,what is the mechanism of action of evinacumab,validation
6056fef294d57fd87900001f,factoid,which glands in the bee secretes royal jelly,train
622122683a8413c653000075,list,list the common retinal diseases associated with circrnas,train
620bedb13a8413c653000004,summary,how do cyp1a2 polymorphisms affect the habitual coffee consumption effect on apetite,train
620be7613a8413c653000003,summary,what is the role of sde2,train
602738ac1cb411341a0000d7,list,which drugs are included in the cabenuva pill,validation
60805f0c4e6a4cf630000003,summary,what is shone s complex,train
621eb1d83a8413c653000059,list,what methods are used to diagnose bowel endometriosis,train
621145c63a8413c65300000c,factoid,when did fda approve the first b cell maturation antigen targeted car t cell therapy,train
62128c503a8413c653000018,summary,describe the n6 methyladenosine rna modification in aml,train
6027446d1cb411341a0000dd,yesno,does trimetazidine protect from myocardial injury after percutaneous coronary intervention,train
6049173d1cb411341a00016b,factoid,when is the drug ivermectin used,train
6221468d3a8413c653000076,summary,what is the function of a dead box protein,train
6206b740c9dfcb9c0900003b,factoid,what is the effect of rhdl apoe3 on vascular permeability,internal_test_LOCKED
6217bf6a3a8413c65300001d,factoid,what is inhibited by th1579,train
60281e461cb411341a0000f4,summary,what is the mechanism of action of gemogenovatucel t,train
606b32af94d57fd879000060,factoid,what is the versene solution used for,train
62211d6f3a8413c65300006f,yesno,are circrnas susceptible to degradation by rnase r,train
62057f1ec9dfcb9c0900002e,yesno,does atemoya juice inhibit tye cyp3a4 enzyme,train
61f7fca6882a024a10000039,list,which processes are affected by pathogenic sptbn1 variants,train
601c40bb1cb411341a00001a,summary,describe the role of bevacizumab in radiosurgery for arteriovenous malformation,train
6217db763a8413c653000028,yesno,is mycobacterium abscessus a human pathogen,validation
621ebb733a8413c65300005c,factoid,what is the indication for favipiravir,validation
62121c583a8413c653000016,yesno,is medi2228 a bispecific antibody,train
61f56284882a024a10000005,factoid,which syndrome is caused by pathogenic col4a3 col4a5 variants,train
601c4ff61cb411341a000022,yesno,is proton beam therapy used for treatment of craniopharyngioma,train
606b30e094d57fd87900005f,list,what are the phases of hair follicle cycle,train
60292d311cb411341a00010f,summary,what is the cause of bow hunter s syndrome,train
621215ec3a8413c653000012,list,what types of anti tumor therapeutic antibodies are available,train
61f52f22882a024a10000002,factoid,which disease do pathogenic nr2f1 variants cause,train
6020b5681cb411341a000088,factoid,which mutation is targeted by tepotinib,internal_test_LOCKED
6032874f1cb411341a000143,list,list second messengers,train
601d73261cb411341a00003a,yesno,is there a genetic cause of craniostenosis,train
620586a8c9dfcb9c09000032,yesno,can bergapten cross the blood brain barrier,train
620be4fd3a8413c653000002,yesno,does timeless tipin participate in replisome disassembly,internal_test_LOCKED
602354e41cb411341a000098,factoid,nemolizumab has been shown to be effective for which disease,train
60570fe494d57fd879000026,yesno,is hemoglobin antimicrobial,train
603bc3181cb411341a00015c,factoid,what is the mammalian version of arginine vasotocin,validation
6206bf3cc9dfcb9c0900003d,factoid,which kinase does pd98059 inhibit,internal_test_LOCKED
61f80e22882a024a1000003d,factoid,what is caused by loss of function variants in bcas3,train
601c287f1cb411341a000012,list,which transporter is inhibited by sotagliflozin,train
6217d8f03a8413c653000021,factoid,what is the main use of etd fragmentation,internal_test_LOCKED
6060915b94d57fd879000044,summary,what is the bartter syndrome,internal_test_LOCKED
620588f9c9dfcb9c09000033,yesno,can bergapten cause phototoxicity,train
61f52fca882a024a10000003,list,which syndromes are caused by lama1 mutations,train
602344ab1cb411341a00008e,summary,what is the use of lactin v,train
60329dc11cb411341a000147,factoid,what is congo red agar plates used for,train
601db4ac1cb411341a000048,factoid,what is the protein that is truncated to produce progerin,internal_test_LOCKED
62114bd93a8413c65300000d,summary,what are the effects of ibrutinib on cart cell production,train
605794c294d57fd87900002d,summary,what is the role of mir 193b in prostate cancer,train
602357ff1cb411341a00009a,factoid,what treatment was studied in the keynote 522 trial,train
6081b0b44e6a4cf630000009,factoid,which disease is associated with dnajb1 prkaca fusion gene,train
601eaaf61cb411341a000052,summary,what is nti nerve tissue contrast index,internal_test_LOCKED
606b75c194d57fd87900006c,factoid,when was dupilumab approved by ema,train
601ffd571cb411341a000079,summary,describe bigpint,train
61f5914e882a024a1000000d,factoid,aducanumab can be used for treatment of which disease,train
6217d9bf3a8413c653000024,yesno,can ifng induce the expression of ido,train
601efe051cb411341a00006a,factoid,covid 19 is though to have arisen from what species,train
602c2ade1cb411341a000124,yesno,are tams good anticancer therapeutic targets,train
620c2f4f3a8413c653000009,summary,describe meclick seq,train
61f5bef2882a024a10000011,summary,what is the mechanism of action of lumasiran,train
6049080c1cb411341a000164,factoid,where are goblet cells localized,train
621e9e7b3a8413c653000054,summary,what is ohrqol,validation
606a296394d57fd87900004e,list,which vkorc1 genotypes are associated with a need for lower warfarin maintenance dose,validation
601ec0c91cb411341a00005f,list,which r bioconductor have been developed for copy number analysis,validation
6027434c1cb411341a0000dc,yesno,is gabapentin effective for chronic pelvic pain,validation
6056fbfc94d57fd87900001d,yesno,does the royal jelly contain proteins,internal_test_LOCKED
601dbe101cb411341a00004c,factoid,what is the brand name for erenumab,internal_test_LOCKED
606b7d6c94d57fd87900006f,factoid,which protein does capmatinib bind,train
60281b1c1cb411341a0000f3,list,which neuropsychiatric disorders are associated with 16p13 11 genomic copy number variants,train
61f575f7882a024a10000007,summary,what is carcinoma en cuirasse,train
6082f0ec4e6a4cf63000000e,factoid,what is carboxyglutamate,train
601ef7cf1cb411341a000068,summary,what is morton s neuroma,train
606bff2194d57fd879000075,factoid,which company produces the herceptest,train
6217c0b63a8413c65300001e,yesno,does ube4b promote renal cancer,train
6025d9e41cb411341a0000b7,yesno,does addition of valproic acid improve survival of patients with diffuse intrinsic pontine glioma,train
6217dccc3a8413c65300002e,list,list the main protein families found in human tears,train
601ff4021cb411341a000075,factoid,in what year did gregor mendel die,train
6026dc481cb411341a0000d0,list,list 4 monoclonal antibodies in development for the prevention of migraine,train
6212c25c3a8413c653000019,yesno,is there a role for cadm1 in myelodysplastic syndrome mds,train
61fbc51ec9dfcb9c0900000f,list,which drugs are in the segluromet combination pill,train
624c919ee764a53204000004,factoid,where is the protein single stranded dna binding protein found,validation
625374a8e764a53204000027,yesno,is periampullary carcinoma pac a relatively rare genitourinary malignancy,train
626aed2fe764a53204000043,factoid,for which indication has inotersen been approved,train
62015485c9dfcb9c09000023,yesno,do setd1a mutations predispose to schizophrenia,train
61f7cca7882a024a1000002b,yesno,is sotatercept effective for pulmonary arterial hypertension,train
623e04e4f0baec9a1b000006,factoid,which disease is caused by mutations in the gene calr,train
624f2355e764a5320400000b,yesno,is the 22 item sino nasal outcome test snot 22 a widely used measure for health related quality of life hrqol associated with chronic rhinosinusitis crs,train
626aa563e764a53204000036,yesno,is pretro super an adenoviral vector,train
62005c68c9dfcb9c09000017,factoid,which tool has been developed for annotation of gα gβ and gγ subunits of g proteins,train
6200896bc9dfcb9c09000022,summary,describe applications of the chalice rule,train
623e02e0f0baec9a1b000005,factoid,what is the kdel retention signal,train
625ebd06e764a53204000031,list,what are the diagnostic criteria for hemophagocytic lymphohistiocytosis,validation
626aef83e764a53204000044,factoid,when was vitravene approved in brazil,train
6201a85cc9dfcb9c0900002a,yesno,is there a dependence between chromatin organization and dorsoventral gene expression in drosophila,internal_test_LOCKED
61faa1fcc9dfcb9c0900000a,yesno,is vocimagene amiretrorepvec effective for recurrent high grade glioma,train
624de153e764a53204000007,list,which proteins are markers of myositis,validation
623c8330f0baec9a1b000003,factoid,what is the association between maternal and fetal alloantigens and rantes production,train
626aec71e764a53204000041,summary,what is tagsedi,train
61f93e68882a024a1000004d,yesno,should perampanel be used for amyotrophic lateral sclerosis,train
624c88a1e764a53204000002,yesno,is satb1 a transcription factor,train
622a5a483a8413c65300008f,summary,what is pprom,train
626ae803e764a5320400003c,factoid,what is the half life of epimutations across generations of c elegans,train
61fbc613c9dfcb9c09000010,list,what drugs are included in the avandamet pill,train
62507602e764a5320400000d,factoid,what does temsirolimus inhibit,train
6228b3553a8413c65300008b,yesno,are circular rnas implicated in diseases of the eye,train
626aa929e764a53204000039,factoid,what happens to the expression levels of pirnas in the case of intracranial aneurysm rupture,train
61f7c9ac882a024a10000028,factoid,lucio s phenomenon is characteristic to which disease,train
62507520e764a5320400000c,factoid,where are the complexins expressed,validation
624f0813e764a5320400000a,list,please list the tests used to diagnose allergic rhinitis,train
626aaaa8e764a5320400003a,yesno,can epigenetic modifications be heritable,train
62007f09c9dfcb9c0900001a,summary,what is the role of the aims65 score,train
6252f496e764a53204000020,factoid,what is the gene abcg1 encoding,train
6254340ae764a53204000028,list,febrifugine could be repositioned for what diseases,train
626aeab6e764a5320400003e,factoid,when was volanesorsen approved in the eu,internal_test_LOCKED
61f7d2a5882a024a10000032,yesno,is belimumab used for lupus nephritis,train
62507ca3e764a5320400000f,yesno,is sox10 expressed in melanoma cells,train
6253307fe764a53204000024,factoid,how many copies of lbx are found in teleosts,train
626aecc6e764a53204000042,list,which organizations approved tagsedi in 2018,train
62007dcec9dfcb9c09000019,summary,what is the use of the cahp score,train
6250787be764a5320400000e,factoid,what is the drug aduhelm approved for,train
622ba6673a8413c653000098,list,what are the 4 histological types of lung cancer,train
626233dbe764a53204000034,summary,what is f105 p,internal_test_LOCKED
61fa97d7c9dfcb9c09000006,summary,should edasalonexent be used for duchenne muscular dystrophy patients,train
624c838ee764a53204000001,factoid,what disease is presenilin involved in,train
62532ce6e764a53204000021,factoid,in what part of the body is the masseter muscle located,train
6206b8c2c9dfcb9c0900003c,list,which endothelial cell migration pathways were modulated at the gene expression level by rhdl apoe3,train
61f939a5882a024a1000004a,yesno,is tivantinib effective for met high hepatocellular carcinoma,train
6251a2ffe764a5320400001c,factoid,what is the function of the protein slc26a5,validation
6250a545e764a53204000012,yesno,is euroqol 5 dimension health assessment eq 5d a widely used simple instrument that monitors the general health related quality of life hrqol in chronic disease a 5 question assessment,train
626aa68ce764a53204000037,summary,what are pirnas,train
61f609d3882a024a10000024,factoid,bimekizumab is used for treatment of which disease,internal_test_LOCKED
6252f0b7e764a5320400001f,summary,what is the white mutation in drosophila affecting,train
6250a917e764a53204000013,list,austrian syndrome is a rare entity characterized by osler s triad please list the 3 components of osler s triad,train
626aab13e764a5320400003b,factoid,what is the rate of epimutations in c elegans,validation
61f608d4882a024a10000023,yesno,is sacituzumab govitecan effective for breast cancer,validation
62513dc6e764a53204000014,summary,what is upadacitinib,train
6239ec36f0baec9a1b000001,list,please list the difference between pyoderma gangrenosum versus chronic venous ulceration,internal_test_LOCKED
626aa780e764a53204000038,summary,what is mobilome seq,validation
62008130c9dfcb9c0900001c,list,which variables are included in the alt 70 score for cellulitis,validation
625ba1fae764a5320400002d,list,list biomarkers for sepsis,internal_test_LOCKED
622905043a8413c65300008e,yesno,is acute necrotizing encephalopathy ane which typically affects young healthy children usually triggered by exposure to air pollution,train
626aea6ae764a5320400003d,summary,what is waylivra,train
61f7d745882a024a10000038,factoid,which disease can be prevented with pfspz vaccine,train
6251465ae764a53204000017,yesno,is phospholemman a membrane protein,train
624d9492e764a53204000006,factoid,what is mace in the context of cardiotoxicity,train
626aeb2fe764a5320400003f,factoid,which clinical trials led to the first approval of volanesorsen by the eu,internal_test_LOCKED
61f93c38882a024a1000004b,yesno,can isradipine slow progression of early parkinson disease,train
625144c9e764a53204000016,yesno,is neurofilament light marker for disease,train
62532d42e764a53204000022,yesno,is resistance training usually associated with increasing muscle hypertrophy,internal_test_LOCKED
626aeba1e764a53204000040,factoid,which company developed waylivra,train
61f93cc7882a024a1000004c,yesno,is nerinetide effective for ischaemic stroke,train
624c97cde764a53204000005,summary,what is known about fank1,validation
625ebc98e764a53204000030,list,please list the drugs associated with drug induced hypophosphatemia,internal_test_LOCKED
61f938e7882a024a10000049,yesno,is algenpantucel l effective for pancreatic cancer,train
62515021e764a53204000018,yesno,is mical an oxidoreductase,train
625ebf76e764a53204000033,factoid,what is the most frequent evolution next stage when aortic intramural hematoma imh is not treated,train
61fbc3d5c9dfcb9c0900000e,list,which drugs are included in the qtern pill,validation
624de6dce764a53204000009,list,list sle related autoantibodies,train
625ebe5ce764a53204000032,summary,what is nephropathic cystinosis,internal_test_LOCKED
61f7d15d882a024a10000031,list,which drugs are included in the contrave pill,train
625bb257e764a5320400002e,factoid,when is lorlatinib used,train
62532ffee764a53204000023,factoid,ladybird homeobox lbx transcription factors regulate the development of what body systems organs,train
61fa9a60c9dfcb9c09000007,yesno,should istiratumab be used for pancreatic cancer,internal_test_LOCKED
62587803e764a5320400002b,factoid,when is the protein oas1 activated,train
605b9c2a94d57fd879000035,yesno,does amblyopia affect the eye,train
61fbc1acc9dfcb9c0900000d,list,which drugs are included in the lonsurf combination pill,internal_test_LOCKED
62587e14e764a5320400002c,summary,what is the correlation of cathepsin l and covid 19,internal_test_LOCKED
603bc2b61cb411341a00015b,yesno,is autism thought to be related to the arginine vasopressin peptide avp,train
6278dd6156bf9aee6f000012,list,are there any tools that could predict protein structure considering amino acid sequence,internal_test_LOCKED
62793b1c56bf9aee6f00001e,list,which proteins does p110α interact with,validation
6278ca4a56bf9aee6f00000c,factoid,which is the protein membrane interface of the cholesterol regulated start protein 4 protein stard4,validation
627a875a56bf9aee6f000023,factoid,what causes the worst headache of a patient s life,train
62755c2a56bf9aee6f000001,list,which are the types of cancer that c myc is associated with,train
621e2b7a54ca071a71a3bf9c,list,which pathways are involved in cellular senescence,train
6278dfe956bf9aee6f000016,factoid,which disease phenotype has the worst prognosis in duchenne muscular dystrophy,train
6273a2cae764a53204000046,summary,what links developmental pathways to als,train
6278da4456bf9aee6f00000f,yesno,is thalidomide used as an immunomodulatory drug nowadays,train
6278d0a756bf9aee6f00000e,yesno,does p85α homodimerize,train
6278c73756bf9aee6f00000b,list,which are the components that evaluate druglikeness,internal_test_LOCKED
6276d2d956bf9aee6f000002,yesno,do angiotensin converting enzyme ace inhibitors and angiotensin receptor blockers arbs increase the likelihood of severe covid 19,train
6275199fe764a5320400004d,list,which small molecules inhibit the c myc max dimerization,validation
6278df3c56bf9aee6f000015,list,which models are used for predicting disease progression in duchenne muscular dystrophy,train
6273a2fde764a53204000048,summary,what links muscle cellular pathways to als,train
6278e49256bf9aee6f000017,list,for what known mutations is kras gene considered to be oncogenic,train
6279392856bf9aee6f00001d,list,which proteins does the p85α interact with,validation
6278cb6056bf9aee6f00000d,list,computational tools for predicting allosteric pathways in proteins,train
62793bad56bf9aee6f00001f,list,what are the classic signs of a basilar skull fracture,train
6278dc0c56bf9aee6f000010,list,which biomarkers are currently used for duchenne muscular dystrophy,internal_test_LOCKED
6273a317e764a53204000049,summary,what links lipid metabolism pathways to als,validation
627a989856bf9aee6f000024,summary,what is the multisystem inflammatory syndrome in children mis c associated with covid 19,train
6278dd4c56bf9aee6f000011,list,what datasets are available related to duchenne muscular dystrophy,validation
6273a2a0e764a53204000045,summary,what links immune response pathways to als,train
62784f9756bf9aee6f00000a,list,which vitamin deficiencies may present with neurologic signs or symptoms,internal_test_LOCKED
6278de8e56bf9aee6f000014,summary,which are the uses of deep learning models in duchenne muscular dystrophy,internal_test_LOCKED
62792bb156bf9aee6f00001c,summary,what is long covid,internal_test_LOCKED
6278ddfe56bf9aee6f000013,yesno,are functional tests a good biomarker for duchenne muscular dystrophy,validation
6277de0d56bf9aee6f000006,factoid,what is the most sensitive test for the diagnosis of multiple sclerosis,train
627aa17156bf9aee6f000026,summary,define pseudotumor cerebri how is it treated,train
6277d7f356bf9aee6f000004,summary,what is pseudodementia,validation
6277e4ee56bf9aee6f000008,factoid,should acetaminophen or nonsteroidal anti inflammatory drugs nsaids be used when providing supportive care for covid 19,train
627926bc56bf9aee6f00001a,yesno,is there a way to distinguish covid 19 clinically from other respiratory illnesses particularly influenza,train
6277e52256bf9aee6f000009,factoid,what is the incubation period for covid 19,train
627a9ff356bf9aee6f000025,summary,what is guillain barre syndrome gbs,train
627a6ef856bf9aee6f000020,yesno,is lumbar puncture the first test that should be performed on a patient with increased intracranial pressure,train
627a70e656bf9aee6f000021,list,what laboratory abnormalities are commonly seen in patients with covid 19,train
61f80d5d882a024a1000003c,yesno,do only changes in coding regions of mef2c cause developmental disorders,train
61f58de2882a024a1000000a,factoid,which factor is inhibited by milvexian,train
6217d9de3a8413c653000025,factoid,what is granzyme b,train
62211c853a8413c65300006d,yesno,is circrna produced by back splicing of exon intron or both forming exon or intron circrna,train
5fe31323a43ad3127800004d,summary,how does condensin affect the function of topoisomeraseii,validation
6206c22ac9dfcb9c0900003e,factoid,which signaling pathway does ly294002 inhibit,train
620c27e93a8413c653000006,yesno,is mettl1 overexpression associated with better patient survival,train
61f58ef3882a024a1000000b,list,list monoclonal antibodies included in the regen cov,train
6217db1b3a8413c653000027,factoid,which disease is caused by mutations in the gene prf1,train
62211f453a8413c653000072,factoid,what protein is encoded by the grn gene,train
5fdb4176a43ad3127800001a,summary,what is the difference in the roles of tcf1 and tcf3 during development,train
62058382c9dfcb9c09000031,summary,why mix γ cyclodextrin with grapefruit juice,train
62190ca03a8413c653000035,factoid,what is disrupted by als and ftd associated missense mutations in tbk1,train
61f59012882a024a1000000c,summary,what is morel lavallée lesion,train
6217e7a63a8413c653000033,summary,what is known about the protein patatin,train
621ecac13a8413c65300005f,factoid,what is the mode of action of primaquine,validation
5fe3131da43ad31278000049,list,which databases are devoted to 3d genome interactions,train
621218fc3a8413c653000014,list,where does regn5458 bind to,train
61f80c37882a024a1000003b,yesno,do mutations in kcnt2 only cause phenotypes with epilepsy,train
61f593f8882a024a1000000f,yesno,is there an association between pyostomatitis vegetans and crohn s disease,train
6217e1ac3a8413c653000031,yesno,is serotonin transported by platelets,internal_test_LOCKED
6221209b3a8413c653000074,factoid,proteins in the karyopherin family kaps are associated with what cellular process,internal_test_LOCKED
5fe1fc84a43ad31278000036,factoid,what percentage of human genes have no introns,internal_test_LOCKED
62121a463a8413c653000015,list,what are the currently fda approved monoclonal antibodies for myeloma,train
61f563f7882a024a10000006,factoid,what is caused by biallelic variants in pcdhgc4,train
61f59592882a024a10000010,yesno,is sotrovimab effective for covid 19,train
621b5bcc3a8413c65300003d,yesno,is otolin 1 a matrix protein,train
621eb93b3a8413c65300005b,list,list the drug targets of faricimab,train
5fe31316a43ad31278000043,factoid,what induces downstream of gene dog readthrough transcription,train
6206b5a8c9dfcb9c0900003a,factoid,what is the effect of rhdl apoe3 on endothelial cell migration,train
620aedee3a8413c653000001,yesno,is ago2 related to cytokinesis,train
61f5ee57882a024a10000012,factoid,hampton s hump is characteristic to which disease,train
6217d9493a8413c653000022,factoid,what is the activity of indoleamine 2 3 dioxygenase 1,train
62211ebc3a8413c653000071,factoid,what is the purpose of macropinocytosis,train
5eb422150d431b5f73000009,factoid,which was the first species in which a de novo gene emergence gene birth was reported,train
6206c428c9dfcb9c0900003f,summary,what are chromones,train
620c28d03a8413c653000007,factoid,which type of cancer has been suggested as a strategy for potential small molecule inhibition of mettl3,train
61f5f580882a024a10000017,summary,what is the mechanism of action of lanifibranor,train
621b61833a8413c65300003e,yesno,is the protein hoxa11 associated with endometrial disease,internal_test_LOCKED
6220cf383a8413c653000069,summary,summarize the function of deah helicase dhx36 and its role in g quadruplex dependent processes,train
5fd3c4f4a43ad31278000003,summary,what is the function of the yy1 transcriptional regulator,train
620c01ae3a8413c653000005,list,which cyp genes expression is decreased at the in vivo level following pomegranate juice consumption,train
62128a913a8413c653000017,list,class defining mutations in which genes drive flt3 itd mutant aml,train
61f5924e882a024a1000000e,list,belzutifan has shown effectiveness for which diseases,train
621b54f03a8413c65300003b,factoid,where are the pux proteins found,train
621ed10f3a8413c653000062,yesno,are tregs cd4 cd25 regulatory t cells a positive regulator of the immune response,train
5fdb4100a43ad31278000015,yesno,is mediator present at super enhancers,train
62057b35c9dfcb9c0900002d,yesno,does atemoya juice inhibit the cyp1a2 enzyme,train
620997e9c9dfcb9c09000042,list,what is caused by biallelic variants in spata5l1,train
602346eb1cb411341a000090,list,a combination of which two drugs was tested in the imbrave150 trial,validation
6217dba43a8413c653000029,summary,is als a heritable disease,validation
62211fdf3a8413c653000073,summary,what is arnil,train
6211575f3a8413c653000011,summary,what is the indication of cpx 351,train
61f808cd882a024a1000003a,list,list signs of patients with biallelic variants in kars1,train
6024a6871cb411341a0000a4,factoid,which substance use is associated with brodifacoum poisoning,internal_test_LOCKED
621b4a223a8413c65300003a,factoid,what is alphafold,internal_test_LOCKED
621fc8513a8413c653000063,list,list diseases that are repeat expansion disorders reds,train
621150333a8413c65300000e,summary,what is bb21217,train
61f81785882a024a1000003f,summary,describe the syndrome that is caused by biallelic variants in hpdl,train
61f5847b882a024a10000008,factoid,which receptor is targeted by spesolimab,train
6217dc9d3a8413c65300002d,yesno,is nfl neurofilament light chain a biomarker of neurodegeneration,train
621ebec63a8413c65300005d,yesno,is epistaxis associated with dental implant placement,validation
62058198c9dfcb9c09000030,factoid,what is the effect of grapefruit juice on cyp3a4,internal_test_LOCKED
61f81857882a024a10000040,factoid,which is the major clinical feature observed in fdxr associated disease,validation
61f58a1a882a024a10000009,yesno,is daprodustat effective for anemia,train
6217da133a8413c653000026,factoid,where is the the protein perforin localized,train
621218353a8413c653000013,yesno,is regn5458 a single targeted antibody,train
62190bac3a8413c653000034,factoid,which disease is associated with x linked recessive tlr7 deficiency,validation
6020a7391cb411341a00007e,yesno,is benralizumab effective for chronic spontaneous urticaria,internal_test_LOCKED
6217dd013a8413c65300002f,yesno,do the proteins talin and amot interact,train
6220cbf83a8413c653000067,yesno,do rna binding proteins that bind to adenine uridine au rich elements ares in the 5 untranslated region utr of mrnas au rbps regulate the dna damage response,train
6211566a3a8413c653000010,yesno,has cpx 351 been approved by the fda and the ema,validation
620c2d743a8413c653000008,summary,what is the role of kat7 in aml,validation
6027549d1cb411341a0000ea,list,which drugs are included in the capiri regimen,train
621b45943a8413c653000039,summary,what is the p crassphage,train
62211ce03a8413c65300006e,summary,what is the function of circular rna circrna,train
6206cfd5c9dfcb9c09000040,factoid,which one was the first chromone in clinical use,internal_test_LOCKED
605fb19794d57fd879000038,factoid,which resource is used for visualisation of non covalent contacts,train
60234dc61cb411341a000094,factoid,which disease is treated with emapalumab,validation
6217dc173a8413c65300002b,yesno,do we find bacteriophages in the gut,train
621fcaf93a8413c653000065,factoid,what is the function of the protein encoded by pumilio1,train
6211557b3a8413c65300000f,summary,what is cpx 351,train
6028f5851cb411341a0000ff,factoid,what is the prevalence of the inactivating akt variant p pro50thr in the finnish population,train
6025e3a71cb411341a0000bc,list,which mutations are inhibited by ripretinib,train
60490e321cb411341a000168,summary,what is known about the pyhin proteins,internal_test_LOCKED
621ec0313a8413c65300005e,factoid,what class of drugs is commonly associated with drug induced interstitial lung disease diild,train
6206b399c9dfcb9c09000039,factoid,what pathological phenotype could potentially concomitant pomegranate juice and rosuvastatin use cause,train
621911323a8413c653000038,factoid,which tool has been developed to discover vntr associated deletions,train
601d6fe11cb411341a000033,yesno,is tirabrutinib effective for lymphoma,train
620155b6c9dfcb9c09000024,yesno,is covid 19 induced anosmia caused by disruption of nuclear architecture,validation
61f7d6db882a024a10000037,summary,what is the mechanism of action of toripalimab,train
622dd1433a8413c6530000a5,yesno,is taxilin a cancer marker,internal_test_LOCKED
6238a32a3a8413c6530000b9,list,what are the symptoms of an incidental durotomy id,train
622668313a8413c653000087,yesno,is pcat6 a microrna,train
6201a4edc9dfcb9c09000028,yesno,is hdac1 required for gata 1 transcriptional activity,internal_test_LOCKED
61f7d683882a024a10000036,factoid,which enzyme is inhibited by aramchol,validation
622d17b83a8413c6530000a2,factoid,what is the cause of the diamond blackfan anemia,train
6220ce4c3a8413c653000068,list,what are the functions of dna and rna g quadruplexes,train
6237aa3c3a8413c6530000b5,summary,what is the effect of epiregulin expression in tumors,internal_test_LOCKED
621e5cf53a8413c65300004e,list,name scrna seq workflows which harness graph attention networks,internal_test_LOCKED
61f7d5a0882a024a10000035,factoid,which molecule is targeted by fenebrutinib,validation
622d04da3a8413c65300009f,summary,what is cereblon,train
623648513a8413c6530000ae,summary,what is abbreviated injury scale ais used to determine,train
6237a8343a8413c6530000b2,factoid,which protein family is epiregulin a member of,train
6202fa3cc9dfcb9c0900002c,summary,describe cap trap rna seq,train
6200879ac9dfcb9c09000021,summary,what is the use of the canadian c spine rule,train
622d1ed13a8413c6530000a3,factoid,what is the daughterless gene,train
623a24d6f0baec9a1b000002,yesno,is telomestatin a novel statin drug used to treat high cholesterol,train
6237a8a33a8413c6530000b3,factoid,what is amphiregulin a ligand of,internal_test_LOCKED
6206743ac9dfcb9c09000037,list,which genetic susceptibility loci are implicated in irritable bowel syndrome ibs,train
61f7d4da882a024a10000033,yesno,is there an association between guillain barré syndrome and covid vaccine,internal_test_LOCKED
623dfd2ef0baec9a1b000004,factoid,what is the function of the protein calreticulin,train
6235f0e93a8413c6530000ad,list,atlanto axial rotary instability fielding type 1 is common to what diseases,validation
6237ab873a8413c6530000b6,factoid,what is the effect of epiregulin on leptin secretion,train
6202f600c9dfcb9c0900002b,factoid,which jaspar release is jaspar 2022,internal_test_LOCKED
61fa904fc9dfcb9c09000004,yesno,is erythropoietin effective for neuroprotection of preterm infants,train
622deabc3a8413c6530000a6,factoid,what is the sprtn protein function,train
6238a0033a8413c6530000b8,factoid,what part of the body is associated with cauda equina,internal_test_LOCKED
62265b4a3a8413c653000083,factoid,what does runx1t1 stand for,train
621e5dcf3a8413c65300004f,summary,describe interactivecomplexheatmap,internal_test_LOCKED
620086aac9dfcb9c09000020,summary,what is the use of brain metastasis velocity bmv model,train
622df6663a8413c6530000a7,summary,what is cell competition,validation
623648723a8413c6530000af,summary,what is idd in relation to organ transplantation,train
62265c953a8413c653000084,factoid,is mettl3 an m6a writer reader or eraser,train
6201a06fc9dfcb9c09000026,summary,what is the 4d nucleome project,train
61f7d017882a024a1000002f,list,which drugs were included in the polypill that was tested in tips 3 trial,validation
622dfb133a8413c6530000a8,factoid,what is the drug gantenerumab targeting,train
6226317a3a8413c653000080,yesno,is ameloblastoma ab a common benign tumor occurring in the brain,train
622664fa3a8413c653000086,list,in which aspects of the immune response is m6a methylation implicated,train
621e991a3a8413c653000052,summary,describe nextneopi,train
62008577c9dfcb9c0900001f,summary,what is the use of the atria score,validation
622b99f73a8413c653000093,factoid,which protein is targeted by herceptin,validation
6235ee453a8413c6530000ac,list,what are the main clinical components of the brain death exam,validation
6237a94f3a8413c6530000b4,summary,how does amphiregulin decrease the anti proliferative effect of cetuximab,train
621e5aa53a8413c65300004d,summary,describe rcandy,validation
61fbca4bc9dfcb9c09000011,list,what variables are included in the mulbsta score,train
622cebe13a8413c65300009d,list,which organisms are the focus of the wormbase,train
622901d23a8413c65300008c,yesno,is ameloblastoma ab a benign tumor that never metastasizes,train
622668b13a8413c653000088,factoid,what does pcat6 stand for,validation
620157bec9dfcb9c09000025,yesno,is there any role of the greek islands in olfactory receptor choice,train
62008456c9dfcb9c0900001e,summary,what is astral score,train
622dc4b63a8413c6530000a4,yesno,is paxillin affected by rankl,train
622b9d593a8413c653000095,factoid,what organ is associated with a gleason pattern or gleason score,validation
62262b353a8413c65300007f,summary,how does fto suppress pancreatic tumorigenesis,train
621e59ce3a8413c65300004c,factoid,which tool has been developed to identify the glycan shielding of glycosylated proteins,train
61f7ceeb882a024a1000002e,list,what are the targets of tirbanibulin,train
622b95dc3a8413c653000092,yesno,is retinol binding protein 4 an adipokine,train
622cbb4e3a8413c65300009a,summary,what is the function of bach1,train
6237a5513a8413c6530000b0,factoid,what does the gene symbol ereg stand for,train
62005e02c9dfcb9c09000018,factoid,which tool has been developed for proteome wide detection of membrane lipid binding proteins,train
61f7c883882a024a10000026,factoid,what disease can be treated with avacopan,train
622ce21d3a8413c65300009c,yesno,is hydin hydrocephalus inducing protein homolog an axonemal protein,train
622b9e743a8413c653000097,factoid,what disease is also known as bechterew s disease,train
6237ac143a8413c6530000b7,factoid,through which pathway does epiregulin promote leptin secretion,train
621e62c33a8413c653000050,yesno,are there any r packages that help with visualizing data on spirals,train
61faa3bac9dfcb9c0900000b,yesno,was alvac hiv effective for hiv prevention in the hvtn 702 trial,train
622baf3f3a8413c653000099,yesno,do afamin bind vitamin e,internal_test_LOCKED
622632483a8413c653000081,yesno,is disruption of immune regulation mechanisms associated with adverse pregnancy outcomes including preeclampsia pe,internal_test_LOCKED
62266c353a8413c65300008a,yesno,can autophagy related lncrnas be used for colorectal cancer prognosis,train
621e9aa13a8413c653000053,yesno,are there roles for cohesin mutations in aml,train
61f7c60c882a024a10000025,factoid,what is the target of sotorasib,validation
622d0aa63a8413c6530000a0,yesno,is asf1 phopshorylated by the tousled like kinases,validation
6226335d3a8413c653000082,factoid,what is luteolin,train
6237a6e93a8413c6530000b1,yesno,does sphingosine 1 phosphoate suppress epiregulin,validation
621e63a43a8413c653000051,factoid,which is the literature based database of phenotypes,train
61f7ce26882a024a1000002d,factoid,idecabtagene vicleucel can be used for treatment of which disease,validation
623345bf3a8413c6530000ab,factoid,linc00339 is a diagnostic prognostic and treatment efficacy biomarker for what disease,internal_test_LOCKED
622669363a8413c653000089,summary,what is the role of pcat6 in human cancers,train
62068e67c9dfcb9c09000038,yesno,can whole genome sequencing be used for diagnosis of mitochondrial disease,internal_test_LOCKED
61f7d535882a024a10000034,list,what are the targets of avapritinib,train
622cbec13a8413c65300009b,summary,what is jackhammer esophagus,train
622662e13a8413c653000085,yesno,can mettl3 methylate long noncoding rnas,train
61f86c03882a024a10000044,factoid,which disease is caused by repeat expansion in vwa1,validation
6200839bc9dfcb9c0900001d,summary,what is the use of the apfel score,validation
622a5a7c3a8413c653000090,factoid,is pprom a condition that occurs in males or females,train
6201a20cc9dfcb9c09000027,summary,what is epimethyltag,internal_test_LOCKED
61f7cc0c882a024a1000002a,factoid,what is the target of sutimlimab,train
622f6ad13a8413c6530000aa,yesno,can parasite infections by schistosoma japonicum prevent or improve asthma,internal_test_LOCKED
62059190c9dfcb9c09000034,summary,describe multilocus inherited neoplasia allele syndrome minas,train
63f73f1b33942b094c000008,yesno,is erenumab effective for trigeminal neuralgia,train
643d41e757b1c7a315000037,list,what is the first indication for lurasidone,train
643c88a257b1c7a315000030,yesno,can other vaccines be given with covid 19 vaccine,train
64403c4257b1c7a31500004f,summary,what is sublocade,train
6441302d57b1c7a315000056,yesno,is music therapy effective for pain management in neonates,train
63f042e2f36125a426000022,summary,what is the mechanisms of action of gilteritinib,train
64184483690f196b51000038,summary,what is the reason for n acetylgalactosamine galnac conjugation of sirnas,train
643de76757b1c7a315000039,summary,what is synthetic lethality,validation
64403ab057b1c7a31500004d,factoid,how many injections of cls ta did the patients participating in the peachtree trial receive,train
64179139690f196b5100002f,list,what are the most commonly used diagnostic tests for the diagnosis of duchenne muscular dystrophy,train
63f02b50f36125a426000014,yesno,is there any association between tripe palms and cancer,train
6411b678201352f04a000036,factoid,is prosopagnosia inherited or acquired,train
643bc8f957b1c7a31500002b,factoid,where are promoters typically found in dna,train
64403be357b1c7a31500004e,factoid,what was the duration of the follow up period of patients in the peachtree clinical trial,internal_test_LOCKED
644289c457b1c7a31500005e,list,which are some symptoms of fshd,train
63f02ec1f36125a426000017,summary,what is the mechanism of action of adagrasib,train
641c516d690f196b5100003f,yesno,can amyotrophic lateral sclerosis als be associated with a mutation of the super oxide dismutase 1 sod gene,train
64371c5957b1c7a31500002a,summary,what are enhancers,train
6440396957b1c7a31500004b,factoid,what is the mode of delivery of the drug xipere,train
641791ca690f196b51000031,list,what are the most common muscular dystrophies,train
63eef7eff36125a42600000e,summary,which disease is targeted by fazirsiran,train
6431708a57b1c7a315000017,factoid,where does brain or b type natriuretic protein bnp usually originate from,train
643c396457b1c7a31500002d,yesno,are any medications available to prevent covid 19 following exposure,train
6440092d57b1c7a315000040,yesno,has rta 408 received fda approval,train
644291fa57b1c7a31500005f,list,which are the types of myotonic dystrophy,train
63f741a633942b094c000009,list,what are the active components of opdualag,train
640f8641201352f04a00002c,factoid,where in the body would schlemm s canal be found,train
643c446357b1c7a31500002f,yesno,can reinfection occur after sars cov 2 infection,train
644009c557b1c7a315000041,factoid,what is the mode of inheritance of friedreich s ataxia,train
641790a3690f196b5100002c,summary,what is the difference between duchenne muscular dystrophy and becker muscular dystrophy,train
63f56dc533942b094c000001,summary,what is lance adams syndrome,internal_test_LOCKED
643def7057b1c7a31500003a,summary,what does mitapivat do,train
64371a4257b1c7a315000029,factoid,in prokaryotes functionally related genes are sometimes positioned adjacent to each other in the genome and can be under the control of the same regulatory machinery what are these called,internal_test_LOCKED
6440377c57b1c7a315000049,factoid,what is the active ingredient of xipere,train
64163568690f196b5100001b,list,what are the most common mutation locations in dystrophin gene in duchenne muscular dystrophy,train
63ee5eeaf36125a426000002,yesno,does mutation of artemis gene causes severe combined immunodeficiency,train
640c821c201352f04a000023,yesno,is wilson s disease described as an iron storage disease,train
643c9b4057b1c7a315000032,summary,what are promoters,internal_test_LOCKED
6440084357b1c7a31500003e,yesno,is omaveloxolone an activator of nfkb,train
6441057657b1c7a315000052,factoid,what is the most commonly used pain scale for the measurement of pain in children,train
6402c71f201352f04a00000a,summary,what is the mechanism of action of daridorexant,validation
64257c9c690f196b5100004b,factoid,what is dili cat used for,train
6429e1b857b1c7a315000008,summary,what is the significance of a persistently positive rt pcr for weeks after illness,train
644029f857b1c7a315000042,summary,what is the genetic cause of freidreich s ataxia,internal_test_LOCKED
6442869857b1c7a31500005d,list,which diagnostic tests are used for the diagnosis of fshd,internal_test_LOCKED
64040d73201352f04a000010,yesno,can efgartigimod be used for myasthenia gravis,train
6422e7ba690f196b51000044,yesno,have quercetin biapigenin nanoparticles been shown to be effective in penetrating the blood brain barrier,train
6429e85e57b1c7a315000009,factoid,what process involves metabolite sensing mrnas to control gene expression,train
6440360557b1c7a315000047,summary,what is concerta,train
641794e7690f196b51000036,list,what are the most common neuropsychiatric disorders associated with duchenne muscular dystrophy,internal_test_LOCKED
63ee5c78f36125a426000001,list,which interleukins are affected by dupilumab,train
64316f8e57b1c7a315000016,list,what cells are used to regenerate cartilage,train
6429eb8457b1c7a31500000a,yesno,is adenosine methylation an epigenetic modification,train
6440393157b1c7a31500004a,factoid,which year was xipere approved by the fda,train
64412c2757b1c7a315000055,yesno,can breastfeeding be used to alleviate the procedural pain in neonates,internal_test_LOCKED
64042000201352f04a000020,yesno,can lenacapavir be used for hiv,internal_test_LOCKED
6415b3b4690f196b51000009,factoid,what color light does the the inhibitory receptor halorhodopsin enphr respond to,train
6429fad757b1c7a31500000e,factoid,what regulatory element promotes rna polymerase ii binding as well as the binding of factors that facilitate the unwinding of dna prior to translation,train
64402e7757b1c7a315000044,factoid,how many patients with friedreich s ataxia were included in each cohort of the phase i ii double blind comparator controlled trial of rt001,validation
64425ce357b1c7a315000059,factoid,what is the incidence of facioscapulohumeral muscular dystrophy,train
63f581e933942b094c000007,factoid,risdiplam is used for treatment of which disease,validation
641c5201690f196b51000040,list,please list the diseases associated with elevations in the plasma neurofilament light chain nfl,train
643c183b57b1c7a31500002c,list,what are the most common assays to profile chromatin accessibility,train
64402f6f57b1c7a315000045,list,what doses of rt001 were used in the phase i ii double blind comparator controlled trial of friedreich s ataxia patients,train
6440f85c57b1c7a315000051,list,what are the most common pain scales used to measure pain in neonates,train
6402c3fd201352f04a000009,yesno,was prehospital transdermal glyceryl trinitrate effective for stroke in the right 2 trial,train
6431f7de57b1c7a31500001b,factoid,what gene is mutated in friedreich s ataxia,train
643ff48a57b1c7a31500003d,yesno,is omaveloxolone a suppressor of nrf2,train
64410f8057b1c7a315000054,yesno,can salivary cortisol be used to evaluate pain in neonates,internal_test_LOCKED
6402c0d5201352f04a000008,yesno,does nintedanib improve response rate in patients with bladder cancer,train
6419fa3d690f196b5100003c,summary,what is the difference between sirna and antisense oligonucleotide therapeutics,train
644036cf57b1c7a315000048,summary,what is yutiq,train
643f9eeb57b1c7a31500003c,factoid,what is the incidence of duchenne muscular dystrophy,train
6402ba49201352f04a000004,list,which drugs were studied in the tricotel study,train
6431f6a857b1c7a315000018,summary,how is amniotic fluid produced,train
6415c252690f196b51000011,factoid,which cancer is the bcg vaccine used for,train
641791b9690f196b51000030,list,what are the most common congenital muscular dystrophies,internal_test_LOCKED
63eeed0af36125a426000007,factoid,what disease can be treated with teclistamab,train
643d3e6157b1c7a315000034,list,please list the natriuretic peptides,train
63f9ee5c33942b094c000014,yesno,does srrm4 regulate neuronal specific microexon splicing of taf1 mrna,train
644281e557b1c7a31500005b,summary,what is the difference between facioscapulohumeral muscular dystrophy type 1 fshd1 and type 2 fshd2,train
63f03ea0f36125a426000020,factoid,ser 109 is developed for prevention of which disease,validation
6431f71057b1c7a315000019,yesno,in twin twin transfusion syndrome are the twins identical,internal_test_LOCKED
6414c1ae690f196b51000003,summary,what is the definition of trichotillomania,train
64179113690f196b5100002e,factoid,where is the dmd gene located,internal_test_LOCKED
64040c6b201352f04a00000f,summary,what is the mechanism of action of tolebrutinib,train
6415b7b8690f196b5100000c,yesno,optogenetics refers to the study of gene expression optimization,internal_test_LOCKED
6415c9e9690f196b51000018,factoid,which form of breast cancer has keytruda been fda approved for,train
64178f94690f196b51000027,summary,what is eteplirsen s mechanism of action,validation
63f03155f36125a426000019,yesno,was dnx 2401 tested for treatment of diffuse intrinsic pontine glioma,train
63f03006f36125a426000018,summary,what were the results of the destiny breast04 trial,train
641ad941690f196b5100003d,yesno,are loq and lod the same,train
642a029d57b1c7a315000011,summary,histone acetyltransferases hats transfer acetyl groups from acetyl coa to lysine residues on histones what is the purpose of this transfer,train
6432fc0457b1c7a31500001f,factoid,which gene is most frequently mutated in hereditary angioedema,train
64178edb690f196b51000025,summary,what is casimersen s mechanism of action,validation
6402bf2b201352f04a000007,summary,what is the mechanism of action of tiragolumab,train
641d8fd6690f196b51000041,list,what are the serum biomarkers that have been proposed in neuromyelitis optica spectrum disorders nmosd to monitor disease activity,train
6429d5c557b1c7a315000006,list,what are the major thrombotic complications in patients with covid 19,train
6433012b57b1c7a315000022,summary,what is cinryze,train
64179337690f196b51000034,yesno,do machine learning based methods outperform statistical methods for survival analysis,train
63f03c47f36125a42600001e,factoid,zf2001 is used for which disease,internal_test_LOCKED
642c82c557b1c7a315000012,factoid,what mammal has the lowest known chromosome number,train
6429b41757b1c7a315000004,list,when modifying histones with either activating or repressing marks such as with acetyl and methyl groups histone acetyltransferases and histone methyltransferases normally modify which amino acids,train
643305b257b1c7a315000025,factoid,which company produces ruconest,validation
641635fa690f196b5100001c,factoid,what is usually the age of diagnosis in duchenne muscular dystrophy,validation
6402c868201352f04a00000b,yesno,was erythropoietin effective for optic neuritis in the tone trial,train
6424154d690f196b5100004a,summary,what is the r value with respect to hepatoxicity,internal_test_LOCKED
64299b6a57b1c7a315000001,yesno,is covid 19 caused by the omicron variant less severe than infection caused by other variants,internal_test_LOCKED
6432ffdf57b1c7a315000021,summary,what is hereditary angioedema,train
64178ec2690f196b51000024,summary,what is viltolarsen s mechanism of action,train
64040bd8201352f04a00000e,yesno,should be used bexarotene for relapsing remitting multiple sclerosis,train
6422e7f0690f196b51000045,list,hepcidin is a key regulator of what processes,train
6429ee7457b1c7a31500000b,yesno,can analgesics or antipyretics be taken for side effects following covid 19 vaccination,internal_test_LOCKED
6433050157b1c7a315000024,factoid,which drug was the first recombinant human c1 inhibitor protein c1inh for the treatment of acute attacks of hereditary angioedema hae,internal_test_LOCKED
6417900b690f196b5100002a,factoid,what type of dmd can viltolarsen be used for,internal_test_LOCKED
63f57ea133942b094c000005,list,what is the triad of the cat eye syndrome,train
64281a47690f196b5100004f,yesno,is oxlumo lumasiran used for the treatment of primary hyperoxaluria,train
6429cfb557b1c7a315000005,yesno,should patients using inhaled glucocorticoids for asthma or copd be advised to stop these medications to prevent covid 19,train
6432f75757b1c7a31500001d,yesno,is zanubrutinib a first generation btk inhibitor approved by us food and drug administration fda,train
64178fea690f196b51000028,factoid,what types of dmd can eteplirsen be used for,validation
63eef94ff36125a426000010,yesno,is cinpanemab effective for parkinson s disease,train
6426d131690f196b5100004e,factoid,in what organ would you find the ashwell receptor,train
6429e17657b1c7a315000007,list,what histone marks are indicative of enhancers in the chromatin landscape of a given cell,train
643306cc57b1c7a315000027,yesno,can crispr cas12a be used for the detection of egfr mutations in circulating dna,train
64178ffb690f196b51000029,factoid,what type of dmd can casimersen be used for,train
63eeefc5f36125a426000009,factoid,what is targeted by cis43ls,validation
6415b422690f196b5100000a,summary,what does cal light do,train
64172bb2690f196b5100001e,factoid,to which region of a gene does an rna polymerase bind to initiate transcription,train
63f9ccdc33942b094c00000f,yesno,is prp 40 involved in microexon splicing,train
641790d6690f196b5100002d,factoid,at what range of ages usually occurs the loss of independent ambulation in duchenne muscular dystrophy,internal_test_LOCKED
6404199d201352f04a000019,yesno,is ocrelizumab effective for primary progressive multiple sclerosis,train
641b7bba690f196b5100003e,summary,how is indocyanine green icg used,validation
6428da74690f196b51000052,factoid,what is the process that generates multiple transcripts from the same gene,train
63f9cdcc33942b094c000013,yesno,does silencing of srrm4 inhibit tumor growth across cancers,train
64179aac690f196b51000037,factoid,what is the life expectancy for duchenne muscular dystrophy patients,internal_test_LOCKED
64041e97201352f04a00001e,yesno,is daridorexant effective for insomnia,train
6422ee03690f196b51000046,factoid,what cells produce erythroferrone,internal_test_LOCKED
6429f86657b1c7a31500000d,summary,what is the role of the mediator in gene expression,internal_test_LOCKED
6415c0df690f196b51000010,factoid,what does fbdd stand for,train
64041dae201352f04a00001d,yesno,is deucravacitinib effective for psoriasis,internal_test_LOCKED
6415b6eb690f196b5100000b,list,what processes do orexin hypocretin neurons regulate,train
6428da47690f196b51000051,yesno,can the epigenetic status of introns affect gene expression,train
6415c5d4690f196b51000014,list,what was keytruda originally approved for by the fda,internal_test_LOCKED
63f5713733942b094c000003,summary,what are clinical features of the achard thiers syndrome,train
642d4c9b57b1c7a315000013,yesno,are luminopsins a fusion proteins of luminol and rhodopsin,validation
6429fe4e57b1c7a31500000f,summary,what are coactivators,validation
6412331b201352f04a000038,factoid,what are protacs,train
62008022c9dfcb9c0900001b,list,which variables are included in the albi grade,train
64240f33690f196b51000049,list,what drugs are used to treat fip feline infectious peritonitis in cats,internal_test_LOCKED
6428da98690f196b51000053,yesno,is there a way to distinguish covid 19 clinically from other respiratory illnesses such as influenza,validation
6415c8f1690f196b51000017,factoid,which form of cancer have paclitaxel docetaxel doxorubicin and epirubicin been approved for,validation
63eeec79f36125a426000006,factoid,talquetamab was developed for treatment of which disease,internal_test_LOCKED
642321a5690f196b51000047,summary,please summarize feline spongiform encephalopathy fse,validation
6428d7da690f196b51000050,yesno,can untranslated regions utrs regulate gene expression,internal_test_LOCKED
63f9cbb433942b094c00000c,yesno,is alternative splicing associated with heart disease,validation
61fa941ec9dfcb9c09000005,yesno,should intepirdine be used for alzheimer s disease,validation
6422e2f1690f196b51000043,factoid,what human cells are usually targeted with a gal nac conjugated sirna or aso,train
64299fa957b1c7a315000002,summary,what is rebound covid 19,train
6432fb1957b1c7a31500001e,list,what clinical applications is zanubrutinib approved for in the united states,train
61f7cb37882a024a10000029,yesno,is rilonacept effective for pericarditis,internal_test_LOCKED
6413712a201352f04a00003e,list,the 1p19q co deletion is associated with what types of tumors,validation
6429ad3857b1c7a315000003,factoid,the x inactive specific transcript xist gene is responsible for mediating the x chromosome inactivation in females where one x chromosome is silenced and transcriptionally inactivated what does xist encode,train
63f92fd033942b094c00000b,summary,what are microexons,validation
64041f38201352f04a00001f,yesno,is tebentafusp effective for uveal melanoma,validation
6426bb49690f196b5100004d,summary,what is the fenton reaction,train
63f57d9b33942b094c000004,factoid,which amino acid in implicated in the blue diaper syndrome,train
642f4aac57b1c7a315000015,summary,explain the function of sox9,train
644ea20157b1c7a31500007a,list,what are the outcomes of ubiquitination,train
6440306357b1c7a315000046,list,what were the primary endpoints of the phase i ii double blind comparator controlled trial of rt001 in friedreich s ataxia patients,train
6450ec0c57b1c7a31500008f,factoid,what is the cause of friedreich s ataxia fa,validation
63eee73ef36125a426000003,list,what causes serpentine supravenous hyperpigmentation,train
644294b757b1c7a315000061,summary,please summarize the relationship between a syn and cell death,train
644ef46557b1c7a315000083,factoid,what are positive cell cycle regulators that can cause cancer when mutated called,train
6432fdd857b1c7a315000020,factoid,what is the inheritance pattern of hereditary angioedema,train
6450ede757b1c7a315000090,factoid,what is usually the onset age of friedreich s ataxia,train
63f03d58f36125a42600001f,factoid,what disease was the topic of the world hip trauma evaluation white trial,validation
6436953757b1c7a315000028,yesno,is functional neurological disorder fnd classified as a psychosomatic disorder,validation
645004fa57b1c7a31500008b,yesno,are accessible enhancers necessarily active,train
644008a657b1c7a31500003f,factoid,what is the alternative name of rta 408,validation
644640de57b1c7a31500006b,factoid,what is the cause of spinal muscular atrophy sma,train
63eef9b6f36125a426000011,yesno,is prasinezumab effective for parkinson s disease,train
6419cd02690f196b5100003a,summary,what are luminopsins,train
644f0ca257b1c7a315000089,list,what are the hallmarks of cancer,train
64403a5857b1c7a31500004c,factoid,what was the phase of the clinical trial peachtree,internal_test_LOCKED
6446838957b1c7a31500006e,list,which genes are related to emery dreifuss muscular dystrophy edmd,train
63f02e1bf36125a426000016,yesno,was aavs3 developed for hemophilia a,train
642f49db57b1c7a315000014,list,list the luciferase substrates,train
645037e557b1c7a31500008c,summary,what are master regulatory genes,train
64402bb057b1c7a315000043,factoid,in what type of clinical trial has rt001 been evaluated against friedreich s ataxia,train
6450bf2557b1c7a31500008d,list,which are the known inflammatory myopathies,train
63eef8d6f36125a42600000f,factoid,l9ls was developed for which disease,train
6419d79c690f196b5100003b,yesno,does iron regulate oligodendrocyte maturation,train
644ea46d57b1c7a31500007c,summary,what are genome wide association studies gwas,train
64121f44201352f04a000037,factoid,what does protacs stand for,train
6451029f57b1c7a315000094,factoid,what is the incidence of leigh syndrome,internal_test_LOCKED
64041260201352f04a000013,list,what are features of the the trauma triad of death,internal_test_LOCKED
6431f74057b1c7a31500001a,summary,what is a glossectomy,internal_test_LOCKED
644eb55457b1c7a315000081,list,what are some examples of epigenetic modifications,train
6432f5f257b1c7a31500001c,factoid,what does zanubrutinib inhibit,train
6450f02257b1c7a315000091,list,which are the types of friedreich s ataxia based on onset age,validation
6402bd7c201352f04a000006,list,which drugs were tested in the faktion trial,internal_test_LOCKED
64184949690f196b51000039,summary,explain gene knock down,train
644ea41957b1c7a31500007b,list,what are the necessary steps for the transition from a precursor mrna to a mature mrna,train
6440420857b1c7a315000050,factoid,what is apretude used for,validation
64463a5057b1c7a315000064,list,what are the types of spinal muscular atrophy,train
63eef4f5f36125a42600000b,factoid,what disease is treated with ublituximab,internal_test_LOCKED
640c842f201352f04a000025,factoid,what is palmar erythema,train
644efd5157b1c7a315000086,yesno,are epigenetic changes heritable,validation
6414c1d0690f196b51000004,summary,what is the treatment for trichotillomania,train
64468b0757b1c7a315000070,factoid,what is the cause of oculopharyngeal muscular dystrophy opmd,train
63f0494cf36125a426000028,factoid,which viral disease can be treated with edp 938,train
640ddbe9201352f04a000027,factoid,what is the generic name for imfinzi,validation
644e81fa57b1c7a315000079,factoid,what are negative cell cycle regulators that can cause cancer when mutated called,validation
6415c7fb690f196b51000016,factoid,when was keytruda approved for the treatment of melanoma,train
64468e0d57b1c7a315000071,factoid,what is the incidence of oculopharyngeal muscular dystrophy opmd,train
64041355201352f04a000014,list,what are features of the mackler s triad,train
641373fc201352f04a000040,summary,what is tastin,internal_test_LOCKED
644efd2c57b1c7a315000085,yesno,do epigenetic changes change the dna sequence,train
6433020c57b1c7a315000023,summary,what is ruconest,train
6446ac0b57b1c7a315000072,list,which are the motor neuron diseases,internal_test_LOCKED
63f04716f36125a426000025,factoid,donidalorsen was tested for which disease,train
641dc49b690f196b51000042,list,treatment with plasma exchange tpe is used for what diseases,train
644ec7fe57b1c7a315000082,factoid,what are the proteins that are necessary for the use of lactose in e coli collectively called,train
63fa16d8201352f04a000002,factoid,alternative microexon splicing is associated with metastasis in which cancer,train
6451034c57b1c7a315000095,list,how is leigh syndrome inherited,train
61f901bd882a024a10000047,list,list features of the zinner syndrome,train
644f0a9757b1c7a315000088,summary,what is a regulon,internal_test_LOCKED
6414c5ba690f196b51000007,yesno,can skin picking phenotype present following methylphenidate treatment,validation
6451060c57b1c7a315000096,factoid,what is the cause of spinal bulbar muscular atrophy,train
61f7c904882a024a10000027,factoid,which disease can be treated using tezepelumab,train
644f0fd257b1c7a31500008a,yesno,do enhancers have to be close to their gene targets,train
64463f9357b1c7a31500006a,yesno,are there any other types of spinal muscular atrophy except for types 1 4,validation
63f749cf33942b094c00000a,summary,what is the mechanism of action of zanidatamab,train
644eae9c57b1c7a315000080,summary,describe the function of a transcription factor such as sox10,train
6450e67457b1c7a31500008e,summary,what is friedreich s ataxia,validation
640418af201352f04a000018,yesno,is tilavonemab effective for progressive supranuclear palsy,train
644e7e4757b1c7a315000077,summary,what does the term homeotic transformation mean,train
64463cee57b1c7a315000065,summary,what is spinal muscular atrophy,train
643df77457b1c7a31500003b,list,what factors are associated with severe covid 19,train
641791ed690f196b51000032,yesno,is sars cov 2 transmitted through breast milk,train
644ef78f57b1c7a315000084,factoid,chromatin is tightly packed into what structure inside the nucleus,validation
644284a957b1c7a31500005c,yesno,is there any treatment for the facioscapulohumeral muscular dystrophy,validation
644e7e5257b1c7a315000078,summary,what is the role of enhancers in cancer,internal_test_LOCKED
6441371857b1c7a315000057,list,what are the currently used non pharmacological measures for the management of procedural pain in neonates,train
644e642a57b1c7a315000075,yesno,do all proteins start with methionine,internal_test_LOCKED
6442810c57b1c7a31500005a,list,which are the types of facioscapulohumeral muscular dystrophy,train
644f057357b1c7a315000087,list,which transcription factors are essential for the melanocyte lineage,train
644298cc57b1c7a315000062,factoid,what is the cause of facioscapulohumeral muscular dystrophy type 2 fshd2,train
6446c89e57b1c7a315000073,summary,what is spinal bulbar muscular atrophy sbma,train
6417921b690f196b51000033,list,what are common symptoms in female carriers of dmd,train
6446caac57b1c7a315000074,list,which are the types of charcot marie tooth disease cmt,train
6442933f57b1c7a315000060,factoid,what is the cause of facioscapulohumeral muscular dystrophy type 1 fshd1,train
6450f1b457b1c7a315000092,summary,what is kearns sayre syndrome kss,train
64178f76690f196b51000026,summary,what is golodirsen s mechanism of action,validation
64467df857b1c7a31500006c,summary,what is emery dreifuss muscular dystrophy edmd,train
6402c910201352f04a00000c,yesno,can losartan reduce brain atrophy in alzheimer s disease,train
640f857d201352f04a00002b,factoid,what is charms with respect to medical review of predictive modeling,validation
6410eb95201352f04a00002e,list,which splicing factors have been associated with alternative splicing in pln r14del hearts,train
64162fb0690f196b5100001a,list,what are the most common mutation types in duchenne muscular dystrophy,train
63eef3ebf36125a42600000a,factoid,what is the target of litifilimab,train
64136fbf201352f04a00003d,factoid,what is auroc in context of predictive modeling,train
63fa13da201352f04a000001,yesno,is prp 40 regulation of microexons a conserved phenomenon,train
64178e15690f196b51000020,yesno,is casimersen effective for the treatment of duchenne muscular dystrophy,train
63f02ceaf36125a426000015,summary,which are the targets of tirzepatide,validation
640e2616201352f04a00002a,yesno,is medical hydrology the same as spa therapy,train
6410fa66201352f04a000034,summary,how does cyp1a2 relate to coffee consumption and apetite,internal_test_LOCKED
64178e73690f196b51000023,yesno,is eteplirsen effective for the treatment of duchenne muscular dystrophy,train
63f03939f36125a42600001b,summary,what is the use of darolutamide,train
64136664201352f04a00003b,list,what are the main clinical features of small fiber neuropathy sfn,train
6415c53e690f196b51000012,factoid,when was keytruda approved by the fda for the treatment of metastatic non small cell lung cancer,internal_test_LOCKED
6417949d690f196b51000035,list,which gene therapies are under investigation for duchenne muscular dystrophy,train
63f02a82f36125a426000013,yesno,does cideb mutation protect from liver disease,train
64089b21201352f04a000021,summary,can you summarize the function of cdk9,train
6410eead201352f04a000030,summary,how does rbm24 control qt interval,train
64105502201352f04a00002d,yesno,is north star ambulatory assessment score a reliable clinical outcome for disease progression assessment in duchenne muscular dystrophy,train
63f032caf36125a42600001a,summary,what is the mechanism of action of rilzabrutinib,validation
641368ee201352f04a00003c,list,what are the types categories of adult diffuse gliomas,train
6415ca99690f196b51000019,yesno,have chimeric antigen receptor car t cell therapies been approved for the treatment of b cell malignancies,train
64178e4b690f196b51000022,yesno,is golodirsen effective for the treatment of duchenne muscular dystrophy,train
63f043e4f36125a426000023,yesno,is baricitinib effective for alopecia areata,train
64137616201352f04a000041,yesno,anemia is not associated with chronic kidney failure,train
6415bc8d690f196b5100000f,factoid,what is the estimated reduction in time when using online genetic counseling,validation
64163660690f196b5100001d,yesno,is deflazacort more efficient than prednisone prednisolone for the treatment of duchenne muscular dystrophy,train
6402bc2d201352f04a000005,list,what are the targets of mosunetuzumab,train
64144200201352f04a000043,yesno,is anaphylaxis a results of mast cell activation,internal_test_LOCKED
6415c6b6690f196b51000015,list,on which two clinical trials was the approval of keytruda based,train
64178e34690f196b51000021,yesno,is viltolarsen effective for the treatment of duchenne muscular dystrophy,validation
640410d1201352f04a000012,summary,what is wilkie s syndrome,validation
641461bb201352f04a000046,summary,what is a protac,train
6410f839201352f04a000032,yesno,can the concept of digital twins be applied in precision nutrition,train
63eef6edf36125a42600000d,summary,what is the mechanism of action of teclistamab,train
640c8309201352f04a000024,list,the diagnosis of cholestasis is based on the elevations seen in what liver function tests,train
6415c599690f196b51000013,factoid,which company produces keytruda,train
64040edf201352f04a000011,yesno,based on clinical trial data can pioglitazone delay cognitive impairment for people at risk for alzheimer s disease,validation
6414638c201352f04a000047,factoid,cereblon crbn has been identified as the target for what type of drug,train
63f9cdb033942b094c000012,yesno,does silencing of srrm4 promote microexon inclusion,train
63f03a20f36125a42600001c,list,which drugs are included in the azd7442,validation
640ddd9d201352f04a000028,list,what were the first 2 pd 1 inhibitors approved by the fda in 2014,train
6414c4cf690f196b51000006,factoid,what is the difference between dermatillomania and skin picking disorder,train
63eefa3bf36125a426000012,factoid,what causes japanese spotted fever,train
640dde93201352f04a000029,summary,what is the difference between pd 1 and pd l1,train
6410f8b2201352f04a000033,summary,what would be the benefits of using a virtual digital twin in nutrition,validation
64040af9201352f04a00000d,yesno,is levosimendan effective for amyotrophic lateral sclerosis,train
6414c0f7690f196b51000001,list,what are the clinical symptoms of an ornithine transcarbamylase deficiency,train
63fa197c201352f04a000003,summary,how does srsf11 contribute to metastasis potential of colorectal cancer,train
63eef60ef36125a42600000c,factoid,olokizumab is tested for which disease,train
6413730e201352f04a00003f,summary,please summarize the function of trophinin associated protein troap,train
6410ed73201352f04a00002f,summary,how does srsf11 promote metastasis of colon cancer,validation
63f03fc8f36125a426000021,factoid,what disease can be treated with lenacapavir,train
641365f6201352f04a00003a,yesno,is iron deficiency anemia a common complication of chronic kidney disease,train
6410ef9b201352f04a000031,yesno,can modulation of kcnq1 splicing prevent arrhythmias,train
63f57f7f33942b094c000006,summary,what is catamenial pneumothorax,train
64144419201352f04a000045,summary,please summarize haptenization,train
6414c124690f196b51000002,yesno,is trichotillomania encountered with equali frequency in males and females,train
64041701201352f04a000017,list,what is the triad of the eagle barrett syndrome,train
640c85e9201352f04a000026,factoid,what cells proliferate in mantle cell lymphoma,train
6415bb3c690f196b5100000e,factoid,what is the estimated cost reduction when using telegenetics,validation
63f03ae6f36125a42600001d,factoid,what is the target of bi 1015550,train
64089be7201352f04a000022,summary,please summarize the difference between rems and rmps,validation
63f9cd2f33942b094c000011,yesno,does microexon alternative splicing of small gtpase regulators have implication in central nervous system diseases,train
63eeeaaaf36125a426000004,factoid,beremagene geperpavec is tested for which disease,validation
64138ce8201352f04a000042,factoid,hairpatches is a single gene mutation associated with what disease,train
63f9cd0b33942b094c000010,factoid,what is the alternative microexon splicing by rbfox2 and ptbp1 associated with,train
63f56f7533942b094c000002,factoid,which gene is implicated in canavan disease,train
6411b4a8201352f04a000035,yesno,is prosopagnosia also known as lack of auditory recognition,train
6415babe690f196b5100000d,summary,what is telegenetics,train
63f04546f36125a426000024,summary,what is the mechanism of action of mitapivat,train
641357bc201352f04a000039,yesno,do cells undergoing necroptosis show disruption of their cell membranes,train
6414c3f3690f196b51000005,summary,what is the definition of dermatillomania,train
63eeeb70f36125a426000005,factoid,what disease can be treated with glofitamab,train
65cfad2d1930410b13000014,list,concizumab is used for which diseases,train
65f7736fc4010b4d78000024,factoid,what type of extracolonic tumors does the pms2 germline mutation cause,validation
65f7080fc4010b4d78000019,yesno,do stroke patients have a lower risk of obstructive sleep apnea,internal_test_LOCKED
65f859b2c4010b4d78000050,yesno,should all babies diagnosed with spina bifida be operated within the first week of life,train
6446884b57b1c7a31500006f,summary,what is oculopharyngeal muscular dystrophy opmd,train
65d144731930410b13000040,summary,what is the mechanisms of action of dersimelagon,train
65f7728fc4010b4d78000021,factoid,what proportion of risk is attributable to obesity in colorectal cancer women development,internal_test_LOCKED
65f490fac4010b4d78000010,yesno,has mdma ecstasy been successfully used to treat ptsd disorder,internal_test_LOCKED
65f843cbc4010b4d78000042,summary,what is a spillover event,train
64467f8657b1c7a31500006d,list,how can emery dreifuss muscular dystrophy edmd be inherited,train
65d12b451930410b13000031,yesno,can valproate be used during pregnancy,train
65f7725ec4010b4d78000020,list,which dietary compounds are associated with colorectal cancer incidence,train
65f494d7c4010b4d78000013,factoid,what is the relationship between electroporation ep and dna vaccines,train
65f84d20c4010b4d7800004a,yesno,is measles immunisation the best public health approach to reduce incidence of measles worldwide,train
64179034690f196b5100002b,factoid,what type of dmd can golodirsen be used for,internal_test_LOCKED
65d137871930410b1300003e,list,what are active ingredients of trikafta,internal_test_LOCKED
65f77397c4010b4d78000025,factoid,what proportion of alteration in ntrk genes are attributable to colorectal cancer,train
65f1d234c4010b4d78000005,list,please list the janus kinase inhibitors used to treat inflammatory bowel disease ibd,train
65f83281c4010b4d78000040,yesno,are only babies and young children at risk of severe malaria in endemic areas,train
64414bdb57b1c7a315000058,list,what types of glucosteroids are used for the management of duchenne muscular dystrophy,train
65cfd4b21930410b13000020,factoid,cilta cel was developed for treatment of which disease,internal_test_LOCKED
65f772d3c4010b4d78000022,list,which oncogene somatic mutations are associated to in situ carcinoma evolution from colonic polyp adenomas,validation
65f1eb84c4010b4d78000008,summary,what is prurigo nodularis,train
65f8447fc4010b4d78000043,factoid,what is the main cause of spillover events,train
644108b157b1c7a315000053,list,what are the most commonly used pain scales for the measurement of pain in icu,train
65d373e21930410b13000049,list,what medication were tested in the pemmela trial,train
65f77328c4010b4d78000023,summary,what is the pathophysiological mechanism by which the microbiota produce malignant lesions in colonic mucosa,train
65ef83acdffffb9b6b000002,yesno,is carotenodermia caused by an excess of lycopene in the diet,train
65f85231c4010b4d7800004d,list,which are the two main active ingredients of the standard prep pre exposure prophylaxis,validation
6451007857b1c7a315000093,factoid,what is the cause of leigh syndrome,train
65d129621930410b1300002e,summary,what is primary diffuse meningeal melanomatosis,validation
65f77236c4010b4d7800001f,yesno,do black race patients have worse survival in colorectal cancer,train
65f1dadac4010b4d78000007,yesno,can antioxidant curcumin kill tumor cells,validation
65f85f77c4010b4d78000053,yesno,should we treat all patients with glaucoma,train
65cfab681930410b13000012,summary,what is the mechanism of action of pegozafermin,train
65f70b9cc4010b4d7800001c,factoid,what is the indication for alirocumab,train
65f86a90c4010b4d78000057,yesno,is there an approved vaccine against helicobacter pylori,train
65cec1fb1930410b13000005,factoid,what disease can be treated with tebentafusp,train
65f856a1c4010b4d7800004e,factoid,when was havana syndrome first recognized,internal_test_LOCKED
65f86f03c4010b4d7800005b,yesno,is marburg virus a member of the family of the ebola virus filoviridae,train
65d140e71930410b1300003f,list,what medications were tested in the cosmic 313 trial,train
65f492bbc4010b4d78000011,summary,explain the action of domperidone,train
65f86ba3c4010b4d78000059,factoid,which age group should never be tested for hiv infection,train
65d12ae11930410b13000030,yesno,can fingolimod be used during pregnancy,train
65f38059c4010b4d7800000e,factoid,what does capnography measure,train
65f8611dc4010b4d78000055,summary,should men be immunized against human papilloma virus,train
65cfd68a1930410b13000021,yesno,is sectoral heterochromia associated with crohn s disease,train
65f377d5c4010b4d78000009,list,list the most effective treatment methods for madelung disease,train
65f847c5c4010b4d78000046,list,what are common side effects of the progesterone only pill pop,train
65d128f81930410b1300002d,summary,what is the mechanism of action of peresolimab,train
65f1d021c4010b4d78000004,summary,explain the difference between eosinophilic esophagitis and reflux induced esophagitis,train
65f84aa5c4010b4d78000047,list,what are the most common symptoms of fibroids,train
65cfa22b1930410b1300000c,factoid,what is the target of selpercatinib,train
65f5a319c4010b4d78000016,summary,what is il 35,train
65f84535c4010b4d78000044,list,what are the transmission mechanisms of the human ebola infection,train
65ce88be1930410b13000002,summary,what is the mechanisms of action of sotorasib,train
65f039fdc4010b4d78000002,factoid,what is the vector for coxiella burnetii transmission,train
65f82fe1c4010b4d7800003f,yesno,methotrexate is an antifolate medication,train
65d131451930410b13000034,yesno,is gc1118 effective for glioblastoma,train
65f70d71c4010b4d7800001e,yesno,is coach syndrome a rare autosomal recessive genetic disease characterized by liver fibrosis and related to portal hypertension,train
65f86f62c4010b4d7800005c,list,which symptoms could indicate depression in young children,train
65d136bc1930410b1300003c,list,what are active ingredients of paxlovid,train
65f37997c4010b4d7800000b,factoid,what is an albatross plot used for,validation
65f85df3c4010b4d78000051,list,what should you do if you find an individual that you suspect has overdosed,train
65cebf371930410b13000004,summary,what is the mechanism of action of sparsentan,train
65f70915c4010b4d7800001a,summary,please summarize musk antibody positive myasthenia gravis,train
65f8418fc4010b4d78000041,summary,is it advisable to bring the fever down when it is supposedly meant to assist in the fight of disease,train
65cfd13f1930410b1300001d,yesno,can syphilis cause proctitis,train
65f493cac4010b4d78000012,factoid,what disorder is considered off label use for domperidone,train
65f8721ec4010b4d7800005d,list,which neurotransmitters are thought to play a role in obsessive compulsive disorder,internal_test_LOCKED
65d126d21930410b1300002c,yesno,can denosumab cause jaw necrosis,validation
65f37871c4010b4d7800000a,summary,what is dextr,validation
65f85ec7c4010b4d78000052,factoid,what is the most common surgical treatment for hydrocephalus,validation
65d126471930410b1300002b,yesno,is upadacitinib effective for crohn s disease,internal_test_LOCKED
65f0369bc4010b4d78000001,yesno,is melatonin beneficial in the treatment of in cerebral ischemia reperfusion injury,train
65f84b5ec4010b4d78000048,yesno,are hemoglobin based oxygen carriers approved for human use,validation
65cfa37c1930410b1300000d,factoid,gantenerumab was developed for treatment of which disease,train
65f70a55c4010b4d7800001b,list,please list the congenital fibrinogen disorders,train
65f82218c4010b4d7800003e,list,what are the current indications for thalidomide,validation
65d1357c1930410b13000039,factoid,what is the administration route of zavegepant,train
65f59db8c4010b4d78000014,summary,brunner s gland hamartoma bgh is often asymptomatic and so how is it usually diagnosed,train
65f86e06c4010b4d7800005a,yesno,is peritoneal dialysis the best option for infants with kidney failure,validation
65ce88b71930410b13000001,yesno,is lecanemab approved for alzheimer s disease,train
65f5a3efc4010b4d78000017,yesno,can ultrasonography be used to detect tumors in dogs and cats,train
65f82058c4010b4d7800003d,factoid,what is the first line treatment for severe plasmodium falciparum malaria,validation
65cfae831930410b13000015,summary,what is the use of p85 ab,internal_test_LOCKED
662fc44b187cba990d000015,list,what are the indicated prophylaxis treatments for acute cholinergic syndrome secondary to irinotecan,validation
662cf81b187cba990d000001,summary,what is the function of fam134b also called jk 1 retreg1,train
661688cefdcbea915f000053,list,what cancers are associated with human papilloma virus,train
662fdb1e187cba990d000019,summary,what is the role of the transcription factor activator protein 2 ap 2 alpha tfap2a in tumor formation and metastasis,internal_test_LOCKED
66300f53187cba990d00001d,list,which vaccines are safe to be administered for all pregnancies,train
65d36e761930410b13000044,factoid,what is the use of lebrikizumab,train
662fc981187cba990d000018,yesno,is ct colonography a cost effective test for colorectal cancer screening,validation
662cf888187cba990d000002,yesno,is cryoglobulinemic vasculitis cv also known as mixed cryoglobulinemic syndrome mcs a systemic vasculitis that affects large blood vessels,train
66155e7dfdcbea915f00004c,list,consequences for the newborn of infection by zika virus during pregnancy,train
66302090187cba990d00002a,list,which are the key transcription factors known to drive glioma progression and therapy resistance,internal_test_LOCKED
662e29f9187cba990d00000a,list,what are the genotypes of japanese encephalitis virus jev,internal_test_LOCKED
65d373151930410b13000048,list,what medication were tested in the tricotel trial,train
66214ff0b9f8b89d7e000006,list,what are the most frequent side effects of regorafenib,train
662cf8db187cba990d000003,yesno,is periostin a novel biomarker of th2 driven asthma,train
66168a89fdcbea915f000054,summary,burkitt lymphoma and epstein barr virus,train
663020de187cba990d00002c,list,what tumor suppressor genes are commonly affected by glioblastoma mutations or deletions,train
6630211d187cba990d00002d,yesno,is there an association between specific genotypes and the risk of asd for duchenne muscular dystrophy,train
65d144b81930410b13000041,factoid,coffee bean sign is characteristic to which disease,validation
662fc351187cba990d000014,summary,what role does epiregulin and amphiregulin play in the use of egfr inhibitors for colorectal cancer,validation
662cfc88187cba990d000008,factoid,what process does trna nucleotidyl transferase 1 trnt1 catalyze,internal_test_LOCKED
6614f810fdcbea915f000043,list,what are the causes for heart and lung transplantation in children,validation
662edc6f187cba990d00000c,yesno,can enhancer promoter interactions form independently of genomic distance,validation
66300d3e187cba990d00001b,factoid,what is the prevalence of intellectual developmental disorders in becker muscular dystrophy,train
65cfdf1c1930410b13000028,factoid,mutation of which gene was implicated in disabling pansclerotic morphea,train
662fc122187cba990d000012,yesno,does physical exercise reduce the risk of recurrence from colorectal cancer,train
662a4b08b9f8b89d7e00000b,factoid,oxysterol is produced by the oxidation of what waxy fat like substance made in the liver,train
65f84c78c4010b4d78000049,yesno,is bowel transplantation commonly performed in patients with severe gastrointestinal disease,train
6630154c187cba990d000021,factoid,which chromosome is most commonly affected by loss of heterozygosity in glioblastoma,validation
663023f3187cba990d000030,summary,what is kinedmd,internal_test_LOCKED
65d12a181930410b1300002f,yesno,can fluoroquinolones be used for patient with myasthenia gravis,validation
66099eb9fdcbea915f000026,yesno,are braf v600e mutation associated to worse prognosis in colorectal cancer patients,train
662cfadc187cba990d000006,summary,circular rnas circrnas are a distinct family of rnas how are they derived,internal_test_LOCKED
66169f9bfdcbea915f000057,summary,transgender identity and mortality,validation
663016bb187cba990d000023,factoid,which genetic alteration is most commonly associated with the classical subtype of glioblastoma,train
66302487187cba990d000031,factoid,what is pul 2 in duchenne muscular dystrophy,train
65cfac201930410b13000013,summary,what is the mechanism of action of mezigdomide,train
66099907fdcbea915f000015,factoid,what is the average median survival for advanced colorectal cancer patients,train
662cfa24187cba990d000005,summary,what is the function of the mtorc1 kinase,internal_test_LOCKED
6616a122fdcbea915f000058,yesno,has statin use been associated with a higher risk of dementia,train
6630254b187cba990d000032,yesno,is dna methylation always associated with gene silencing,train
66302174187cba990d00002e,yesno,are there any digital biomarkers for duchenne muscular dystrophy,train
65cfd2681930410b1300001e,summary,how should insulin icodec be administered,internal_test_LOCKED
66099ba9fdcbea915f000022,yesno,is folfiri plus aflibercept a cost effective treatment in patients with advanced colorectal caner,train
662cf96f187cba990d000004,list,please list some treatment options for bone marrow edema syndrome,train
66150639fdcbea915f000047,list,what is the immediate treatment after a sexual assault,internal_test_LOCKED
6630562c187cba990d000036,summary,what is the potential role of the tumor microenvironment and factors like stem cells in contributing to the recurrence of glioblastoma,train
663020d7187cba990d00002b,yesno,is there an association between specific genotypes and the risk of adhd for duchenne muscular dystrophy,validation
65cfd8551930410b13000023,yesno,is vemurafenib cobimetinib promising for craniopharyngioma,train
66214db9b9f8b89d7e000004,summary,what is the molecular mechanism by which bacteroides fragilis is associated to colorectal cancer development,train
662cfbf5187cba990d000007,factoid,where in the body would the globus pallidus be found,train
66151045fdcbea915f000048,factoid,what is the approximate prevalence of autoimmune diseases,train
662ee24a187cba990d00000d,summary,what is the role of isocitrate dehydrogenase idh mutations in glioma,internal_test_LOCKED
66301fcb187cba990d000029,yesno,is there an association between specific genotypes and the risk of neurodevelopmental disorders for becker muscular dystrophy,train
65d375b31930410b1300004b,list,what medication are included in the juvisync pill,train
66214cc6b9f8b89d7e000003,yesno,is fish intake a protective factor against colorectal cancer,internal_test_LOCKED
6616b259fdcbea915f00005a,summary,what is the exposome,train
66156200fdcbea915f00004d,factoid,what is the gold standard for a diagnosis of narcolepsy,train
6630390b187cba990d000035,factoid,which receptor tyrosine kinase is commonly mutated or amplified in pediatric glioma cases,validation
66300c23187cba990d00001a,yesno,can procalcitonin be used as a predictor for mortality in paediatric sepsis,train
66214c5db9f8b89d7e000002,factoid,what is the race with the highest incidence of colorectal cancer,train
662cfd21187cba990d000009,factoid,lrp6 is a member of what superfamily of cell surface receptors,train
661686e4fdcbea915f000052,list,list of major risks of intrauterine device,train
66301e04187cba990d000027,factoid,what are episignatures,train
66215690b9f8b89d7e00000a,yesno,is chemotherapy an effective treatment for patients with advance colorectal cancer and poor performance status ecog ps 1,train
663027bb187cba990d000033,summary,how does pamrevlumab work,train
662fbec6187cba990d00000f,factoid,what are the clinical indication for transarterial chemoembolization tace in liver metastasis for colorectal cancer,train
663014c8187cba990d000020,summary,what is alzheimer s disease,train
662fbfc4187cba990d000010,yesno,is short course radiation therapy a cost effective therapy in the neoadjuvant treatment of locally advanced rectal cancer,internal_test_LOCKED
66301f5a187cba990d000028,yesno,are there any episignatures for duchenne muscular dystrophy,internal_test_LOCKED
6621506cb9f8b89d7e000007,list,what are the minimum molecular determinations necessary for the initial treatment of advanced colorectal cancer in clinical practice,train
66301c47187cba990d000025,list,what are the most common issues that need to be addressed in adults with duchenne muscular dystrophy,train
6621510eb9f8b89d7e000008,list,what histological features are described in colorectal tumors with braf mutation,validation
662e44e9187cba990d00000b,yesno,is vaccination against all arboviruses indicated for pregnant women,validation
662fc4b1187cba990d000016,list,what are the mechanisms of action of regorafenib on tumor cells,validation
661d5fe1eac11fad33000024,list,what are the types of polycystic kidney disease,internal_test_LOCKED
66214f52b9f8b89d7e000005,yesno,is tumor expression of topoisomerase i a biomarker of response to irinotecan in colorectal cancer patients therapy,train
662f401b187cba990d00000e,yesno,is vitamin d deficiency associated with sepsis mortality,train
66214b9cb9f8b89d7e000001,list,which countries have a higher incidence of colorectal cancer,train
66302978187cba990d000034,list,what are the primary and secondary endpoints of pamrevlumab,validation
66099ac8fdcbea915f00001f,list,what are the mechanisms of secondary resistance to anti egfr monoclonal antibodies in colorectal cancer treatment,internal_test_LOCKED
661d19d5eac11fad33000007,yesno,can the neonatal pediatric sepsis biomarker risk model npersevere accurately predict mortality in neonatal sepsis,train
662fc0bc187cba990d000011,yesno,can calcium dietary supplementation reduce the risk of colorectal cancer,train
66300ee7187cba990d00001c,factoid,what is the prevalence of intellectual developmental disorders in duchenne muscular dystrophy,validation
660999bffdcbea915f00001b,yesno,is treatment with acetyl salicylic acid indicated to prevent colorectal adenomas,internal_test_LOCKED
65d1350f1930410b13000038,yesno,can rozanolixizumab be used for treatment of multiple sclerosis,train
65f77701c4010b4d78000030,yesno,are folfirinox plus bevacizumab the preferred therapy for left sided ras wild type advanced colorectal cancer with aggressive clinical presentation,train
66097092fdcbea915f000010,list,amyloid β is associated with what diseases,internal_test_LOCKED
660c0071fdcbea915f00002b,factoid,which tick genus is the vector for lyme disease,train
660c44f7fdcbea915f000033,yesno,can lactate levels predict mortality in paediatric sepsis,train
65d136f41930410b1300003d,summary,what is the use of fezolinetant,validation
65f7764fc4010b4d7800002f,list,which gene mutations confer acquired resistance to anti egfr therapy in advance colorectal cancer,train
66080f4cfdcbea915f000004,list,list the methods for pectus excavatum repair,validation
660d27e3fdcbea915f000039,summary,impact of pollution on asthma,train
660c3591fdcbea915f000031,yesno,do elevated levels of procalcitonin help in diagnosing paediatric sepsis,train
65cfd7981930410b13000022,summary,what is the mechanism of action of zilebesiran,train
65f77ac9c4010b4d7800003c,summary,why does inflammatory bowel disease predispose to colorectal cancer,train
66088ffafdcbea915f00000f,factoid,in what part of the body would a periprosthetic infection occur,validation
65f86b3ac4010b4d78000058,factoid,what is the estimated impact of social determinants of health on health outcomes,validation
660c49f4fdcbea915f000034,yesno,should corticosteroids be considered as adjunctive therapy in paediatric sepsis management,train
65cfdc561930410b13000026,list,jynneos vaccine is protective against which diseases,train
65f7798dc4010b4d78000038,factoid,what is the optimal antiemetic treatment for folfirinox chemotherapy,train
65f857b0c4010b4d7800004f,list,please list the symptoms of havana syndrome,train
660c0a85fdcbea915f000030,list,what are common complications of prematurity for babies,train
65d145651930410b13000042,summary,what disease was studied in the angel aspect trial,train
65f773cdc4010b4d78000026,summary,why is the clinical benefit of egfr inhibitors different in right and left colorectal cancer,train
660712a1fdcbea915f000003,yesno,can connexin hemi channels be used for drug delivery,validation
660c02e1fdcbea915f00002c,yesno,pasteurization kills mycobacterium tuberculosis from infected cattle,validation
65cfd3961930410b1300001f,factoid,tak 994 is developed for which disease,train
66099b20fdcbea915f000021,yesno,is high blood pressure a clinical biomarker of response to bevacizumab in advanced colorectal cancer patients,train
66088cccfdcbea915f00000b,summary,what is the significance of acute pancreatitis induced splanchnic vein thrombosis,train
660d6cc3fdcbea915f00003d,yesno,is gout a very common inflammatory arthritis which is caused by hyperbilirubinemia,internal_test_LOCKED
65cfce461930410b1300001a,list,what receptors are targeted by retatrutide,validation
65f77919c4010b4d78000036,summary,what is the mechanism by which the microbiota module the effectiveness of chemotherapy,train
660a8fc4fdcbea915f000027,summary,what is tagraxofusp,train
660d6f0cfdcbea915f00003e,summary,what is the epidemiology of breast cancer in men,train
65cfdaae1930410b13000025,factoid,what disease can be treatment with bulevirtide,train
65f7785dc4010b4d78000033,factoid,which initial chemotherapy regimen is the most appropriate in total neoadjuvant therapy tnt for locally advanced rectal cancer patients,train
66088d66fdcbea915f00000c,factoid,in what part of the cell would a snare soluble n ethylmaleimide sensitive factor attachment protein receptors snares be found,train
660c0895fdcbea915f00002f,summary,relevance of tumoral microbiome,train
65cf6ae91930410b13000007,factoid,what disease is treated with teplizumab,validation
65f7778fc4010b4d78000031,yesno,is trifluridine tipiracil a preferential treatment over regorafenib in elderly colorectal cancer patients,train
66088bbafdcbea915f00000a,summary,what is the function of diphthamide,train
660d6a97fdcbea915f00003c,yesno,without immunization rabies is a lethal disease,internal_test_LOCKED
65cfaf7e1930410b13000016,factoid,what is the target of divarasib,internal_test_LOCKED
65f77a71c4010b4d7800003b,factoid,what is the appropriate treatment in her2neu amplificated refractory advanced colorectal cancer patients,validation
66088f67fdcbea915f00000e,summary,what is a basket trial,validation
660d2d6afdcbea915f00003b,list,what are atypical symptoms of gluten allergy,train
65d136081930410b1300003a,yesno,is transdermal glyceryl trinitrate effective for stroke,train
65f7794dc4010b4d78000037,summary,what is the mechanism by which the microbiota modulates the effectiveness of immunotherapy,validation
660a912dfdcbea915f000028,summary,what is the results of diphthamide deficiency,train
660c06b8fdcbea915f00002e,summary,what is the cause of sydenham s chorea,train
65d375011930410b1300004a,list,what are active ingredients of xultophy pill,train
65f775e8c4010b4d7800002d,yesno,should ugt1a1 alteration be routinely determined in colorectal cancer patients,train
66088b42fdcbea915f000009,list,please list sources of orthobiologics,train
65f84eadc4010b4d7800004c,yesno,are advanced directives an expression of the patient s wishes for future care in case they become cognitively impaired or find themselves in critical condition,train
65cf69541930410b13000006,list,which drugs were tested in the codebreak 300 clinical trial,validation
65f779edc4010b4d78000039,yesno,is surgical resection an appropriate treatment over immunotherapy in msi h locally advanced rectal cancer patients,internal_test_LOCKED
66081d61fdcbea915f000007,yesno,is one carbon 1c metabolism associated with folate,validation
660bb7f9fdcbea915f000029,factoid,what type of drug is administered to the mother for the prevention of lung immaturity when a preterm delivery is anticipated,train
65d132101930410b13000035,yesno,is depatuxizumab mafodotin effective for glioblastoma,train
66099af7fdcbea915f000020,yesno,is the use of bevacizumab indicated after progression to a previous regimen with bevacizumab in advanced colorectal cancer patients,train
65f48fa2c4010b4d7800000f,list,please list the psychoactive drugs used to treat mental health disorders,train
660d2299fdcbea915f000038,list,list of attenuated viral vaccines still in use,train
65cfd9071930410b13000024,summary,what was tested in the patch trauma trial,train
66099c01fdcbea915f000023,factoid,what is the most appropriate dose of capecitabine in concurrent treatment with radiotherapy for neoadjuvant therapy of locally advanced rectal cancer patients,validation
6609827afdcbea915f000011,yesno,is tako tsubo syndrome is an irreversible form of an acute stress related cardiomyopathy,internal_test_LOCKED
660d7491fdcbea915f000041,list,new treatments in multiple sclerosis,train
65cfcc8f1930410b13000018,yesno,is ugt1a1 implicated in crigler najjar syndrome,internal_test_LOCKED
65f77596c4010b4d7800002c,yesno,should pdyd polymorphism determination be routinely performed in patients with colorectal cancer patients,internal_test_LOCKED
660710b7fdcbea915f000002,summary,what is the function of the sodium leak channel nalcn,train
660d70b3fdcbea915f00003f,summary,cancer risk in transgender individuals,train
65d372231930410b13000047,yesno,does lenvatinib plus pembrolizumab improve prognosis of advanced hepatocellular carcinoma,train
660998d1fdcbea915f000013,list,what molecular subtypes of colon cancer are associated to smoking,train
660877c8fdcbea915f000008,factoid,what part of the cell is mitophagy associated with,train
660d2a50fdcbea915f00003a,summary,what is the association between statins and stroke,internal_test_LOCKED
65cfd02e1930410b1300001c,factoid,what channel is targeted by vx 548,train
66099926fdcbea915f000016,factoid,what is the most effective drug for oxaliplatin induced neuropathy,train
65f37bb1c4010b4d7800000d,factoid,what is microcoring used for,train
660bbc09fdcbea915f00002a,list,what symptoms can be expected in women suffering from endometriosis,train
65cf6c301930410b13000008,summary,what is the mechanism of action of mirvetuximab soravtansine,train
65f778dbc4010b4d78000035,yesno,is watch and wait policy after neoadjuvant therapy a cost effective policy for locally advanced rectal cancer patients,validation
66088ddbfdcbea915f00000d,yesno,are senolytics used to treat cardiovascular disease,train
660c0486fdcbea915f00002d,factoid,what is the cause of brazilian spotted fever,train
65cfcf201930410b1300001b,yesno,can nitrofurantoin cause lung injury,train
66099a25fdcbea915f00001e,factoid,what is the first line treatment for braf mutated advanced colorectal cancer patients,train
65f1d9f8c4010b4d78000006,list,list the causes of restrictive cardiomyopathy rcm,train
660d17dffdcbea915f000037,summary,trends of acute epiglottitis in children,train
65d12c451930410b13000032,yesno,is omaveloxolone effective for friedreich ataxia,train
6609997ffdcbea915f000019,list,what non colonic tumors are associated with lynch syndrome,train
65d3715b1930410b13000046,yesno,is durvalumab effective for locally advanced cervical cancer,validation
66099c57fdcbea915f000025,list,what clinical conditions influence the prognostic after the liver metastasis resection from colorectal cancer patients,train
661be07748a2c27714000002,summary,what is lennox gastaut syndrome,train
6616547dfdcbea915f00004f,factoid,what is the prevalence of neurofibromatosis,train
661d96c9eac11fad33000028,factoid,what is the key transcription factor for melanocyte development and differentiation,train
661d48a2eac11fad33000018,factoid,what is the cause of phenylketonuria pku,train
65cebc0c1930410b13000003,factoid,which disease is treated with nirsevimab,train
660998ecfdcbea915f000014,summary,why does rectal cancer have worse prognosis than other colon tumors,internal_test_LOCKED
661a6733fdcbea915f00005c,yesno,is loeys dietz syndrome lds associated with aortic aneurysm,train
66150366fdcbea915f000046,summary,what is borderline personality disorder,train
661d9cc3eac11fad33000029,summary,what is the role of the foxa1 transcription factor in estrogen receptor positive er breast cancer,train
661d62dceac11fad33000026,summary,how is huntington s disease inherited,validation
65cfcd541930410b13000019,factoid,burrow ink test can be used to diagnose which disease,validation
6609994bfdcbea915f000017,list,what drugs are effective for the treatment of egfr inhibitors skin rash,train
660810a0fdcbea915f000005,yesno,is mirpe also known as the nuss procedure considered to be an very invasive form of surgical treatment,train
66154a32fdcbea915f00004b,list,what are major complications of mastoiditis,train
661c41d448a2c27714000009,list,which dna language models currently exist to model the human genome,internal_test_LOCKED
661d1d2deac11fad33000015,list,what biomarkers are used for the identification of neonatal sepsis in low income countries,train
65cfdd9c1930410b13000027,summary,what is the mechanism of action of mirikizumab,train
66099c30fdcbea915f000024,list,what clinical indications does the self expanding colon stent have in colorectal cancer patients,train
661a624bfdcbea915f00005b,list,list the cells which have cd21 on the surface,validation
6616a250fdcbea915f000059,yesno,do ppis increase the risk of gastric cancer,train
661c414d48a2c27714000007,yesno,can enhancers act as promoters,train
661d575eeac11fad33000020,summary,how is pain treated in patients with ehlers danlos syndrome,train
65cfa6201930410b1300000e,yesno,is patisiran used for transthyretin cardiac amyloidosis,train
65f77a32c4010b4d7800003a,list,what are the molecular mechanisms for secondary resistance to bevacizumab in advanced colorectal cancer patients,validation
661a6a67fdcbea915f00005d,yesno,does early stage oral squamous cell carcinoma have good survival rates,train
65f85fdbc4010b4d78000054,factoid,what is the technique of choice to perform a caesarean section,internal_test_LOCKED
661d9e79fe9d0b3967000001,list,which cell states can exist in melanomas,train
661d1c3ceac11fad33000012,yesno,are there any molecular signatures identified for the differentiation between bacterial and viral infections,train
65d1369c1930410b1300003b,list,what are active ingredients of xacduro,train
66099967fdcbea915f000018,factoid,what is the faster length time for oxaliplatin infusion,train
661be55f48a2c27714000003,factoid,what disease is treated by callosotomy,train
6614fe3dfdcbea915f000045,yesno,is there an approved vaccine to prevent zika virus infection during pregnancy,validation
661c416048a2c27714000008,summary,what are ernas and what is their function,validation
661d20b7eac11fad33000016,yesno,can cytomegalovirus cmv be transmitted via breast milk to premature infants,internal_test_LOCKED
65cfcb4c1930410b13000017,list,what enzymes are inhibited by vorasidenib,train
66099a03fdcbea915f00001d,factoid,from what age is it recommended to start population screening for colorectal cancer,train
65f03bf8c4010b4d78000003,summary,what is acupotomy,validation
660d7324fdcbea915f000040,factoid,how many people affected by parkinson s disease develop dementia,train
661c3d1448a2c27714000005,list,what chromatin signatures are characteristic of active enhancers,validation
661d4fabeac11fad3300001c,list,what are the types of ehlers danlos syndrome,train
65cfe0381930410b13000029,yesno,can tacrolimus increase risk of posterior reversible encephalopathy syndrome,train
660999e7fdcbea915f00001c,factoid,what is the most effective immunotherapy regimen in patients with msi h advanced colorectal cancer,train
661c03c848a2c27714000004,summary,what is the function of the paraoxonase pon multigene family,validation
660d1285fdcbea915f000036,yesno,inflammatory breast cancer is the most aggressive form of breast cancer,validation
661dc376fe9d0b3967000002,yesno,is the majority of genetic variation present in the coding regions of the genome,internal_test_LOCKED
661d6252eac11fad33000025,factoid,what is the cause of autosomal dominant polycystic kidney disease,train
65d1300e1930410b13000033,yesno,is zilucoplan effective for myasthenia gravis,train
65f77618c4010b4d7800002e,list,which are the clinical indications for the use of raltitrexed in patients with colorectal cancer,train
661bdc9148a2c27714000001,list,please list the findings in lateral medullary wallenberg syndrome,train
6614fb7bfdcbea915f000044,summary,what are the new treatments for cystic fibrosis,train
661c424588784bab31000001,factoid,by which method do micro rnas mirnas primarily aid in transcriptional and post transcriptional regulation,train
661d6473eac11fad33000027,factoid,what is the cause of autosomal recessive polycystic kidney disease,internal_test_LOCKED
65cf98431930410b1300000b,list,what are the targets of tarlatamab,train
65f77465c4010b4d78000028,yesno,is liquid biopsy a cost effective technique in general population screening for colorectal cancer,validation
65ef8502dffffb9b6b000003,factoid,what causes mucormycosis,train
66165f2afdcbea915f000051,factoid,when was the first case of human monkey pox diagnosed,train
661c413f48a2c27714000006,yesno,does chromatin accessibility affect crispr cas9 efficiency,train
661d51fdeac11fad3300001d,list,what diseases are included in the differential diagnosis of ehlers danlos syndrome,train
65cfa70f1930410b1300000f,summary,what is the mechanism of action of nemolizumab,validation
65f774a4c4010b4d78000029,factoid,what type of colorectal cancer screening is the most cost effective for general population,train
65f37aeac4010b4d7800000c,yesno,is cri du chat syndrome cdcs a genetic syndrome caused by deletions in the long arm of chromosome 5,train
66168d7bfdcbea915f000056,summary,mortality in schizophrenia,train
661d2428eac11fad33000017,yesno,is icd 10 encoding sensitive for capturing paediatric sepsis,validation
65cf96ce1930410b1300000a,yesno,is amivantamab used for non small cell lung cancer,train
65f7754ec4010b4d7800002b,yesno,do very elderly stage iii colorectal cancer patients present clinical benefit from oxaliplatin based adjuvant chemotherapy,train
660982eefdcbea915f000012,factoid,where would odocoileus virginianus be found,internal_test_LOCKED
65f868eac4010b4d78000056,summary,what is the rationale behind treating melanoma with immunotherapy,train
661d56c0eac11fad3300001f,yesno,is there a specific cure for ehlers danlos syndrome,train
65cfa8f81930410b13000010,factoid,what mutation is associated with the vexas syndrome,train
65f774dec4010b4d7800002a,yesno,should routine pet ct scan be indicated in the initial evaluation of locally advanced rectal cancer patients,train
65f03163dffffb9b6b000005,list,please list the selective endothelin a receptor antagonists,train
65f846bfc4010b4d78000045,summary,what is the transmission mechanism of the hendra virus in humans,train
661d5c97eac11fad33000021,factoid,what is the cause of prader willi syndrome,train
65cfe1d21930410b1300002a,yesno,can capivasertib be used for breast cancer,train
65f777d7c4010b4d78000032,factoid,what is the optimal timing of surgical resection after a neoadjuvant chemoradiotherapy for locally advanced rectal cancer patients,train
660812b4fdcbea915f000006,yesno,is kagami ogata associated with a deletion in chromosome 14,train
6614f672fdcbea915f000042,factoid,are children affected by multiple sclerosis,train
661d4aa3eac11fad33000019,list,what are the current approaches for gene therapy for phenylketonuria pku,train
65d134bd1930410b13000037,factoid,what disease can be treated with trofinetide,train
65f7789dc4010b4d78000034,factoid,which is the most reliable liquid biopsy technique after complete resection of colorectal cancer metastases,train
65f59e46c4010b4d78000015,factoid,where is the tumor of follicular infundibulum usually found,train
6616576afdcbea915f000050,summary,mechanisms that explain irritable bowel syndrome,internal_test_LOCKED
661d4c2eeac11fad3300001a,factoid,what is the cause of rett syndrome,train
67dedd6818b1e36f2e000061,factoid,which ensemble machine learning framework has been developed harnessing uk biobank data,train
67e6b93718b1e36f2e0000be,summary,what is the mechanism of action of nipocalimab,train
67ded51918b1e36f2e00005e,summary,what are theragnostics,train
67e2cfa918b1e36f2e000099,summary,what is the effect of knee steroid injection,internal_test_LOCKED
67eaf2cd18b1e36f2e0000e1,summary,how do cancer associated fibroblasts cafs contribute to immune evasion in tumors,train
67e2d75118b1e36f2e00009d,summary,describe mantis ml 2 0,train
67e6bf8818b1e36f2e0000c5,factoid,what is the target of zodasiran,train
67e1356018b1e36f2e000070,factoid,where in the body would the sublci and gyri be found,train
67e28ded18b1e36f2e000080,factoid,most common reversible cause of infertility in men,train
67eaf29c18b1e36f2e0000e0,factoid,what mutation is found in about 50 of melanomas,train
67e6cf7218b1e36f2e0000d1,list,which novel potential biomarkers have been identified in basal cell carcinoma from mr phewas,internal_test_LOCKED
67e5530418b1e36f2e0000aa,yesno,does plozasiran reduce the risk of pancreatitis,train
67e0533418b1e36f2e000069,list,please list the symptoms of chikungunya virus infection,train
67e40c0f18b1e36f2e0000a2,factoid,prevention of maternal transmission of cmv infection,train
67eb822e18b1e36f2e0000f1,factoid,what is a characteristic family of enzymes that are responsible for dna demethylation,train
67df18f518b1e36f2e000064,yesno,is map3k15 associated with obesity,train
67e69d2718b1e36f2e0000b6,summary,what is the mechanism of action of remibrutinib,train
67e1359918b1e36f2e000071,summary,please summarize pendelluft,train
67e2abdf18b1e36f2e000089,list,complications of elective abortion,validation
67eb70ee18b1e36f2e0000eb,yesno,does glioblastoma commonly metastasize outside the central nervous system cns,validation
67e7df6118b1e36f2e0000d8,factoid,which database serves as a catalogue of full length 16s rrna gene sequences from bacteria in wastewater treatment plants,internal_test_LOCKED
67e6c4dd18b1e36f2e0000ca,list,what are features of the whim syndrome,train
67e85c4318b1e36f2e0000d9,list,the percutaneous thermal ablation techniques that aresuitable for the treatment of bone oligometastases,train
67e270d318b1e36f2e000075,factoid,most common infectious cause of congenital deafness,train
67eb6ea518b1e36f2e0000e9,yesno,can melanoma occur in areas not exposed to sunlight,internal_test_LOCKED
67dc452018b1e36f2e00005a,yesno,is cyld an extracellular matrix regulator,validation
67e6c2fa18b1e36f2e0000c8,yesno,can gepotidacin be used for meningitis,validation
67cf3f6481b1027333000025,factoid,what is the indication for bromocriptine,validation
67e2b8a818b1e36f2e000091,yesno,are biologics used in pancreatic cancer,validation
67eb713518b1e36f2e0000ed,yesno,does mgmt o6 methylguanine dna methyltransferase promoter methylation predict a better response to temozolomide,internal_test_LOCKED
67e7db2918b1e36f2e0000d6,factoid,what is currently the number of germline associations with clonal hematopoiesis in european ancestry populations,train
67e6c3f918b1e36f2e0000c9,list,what are active ingredients of exblifep,train
67decf2a18b1e36f2e00005c,list,what are the current interventions for congenital talipes equinovarus,train
67e2b26318b1e36f2e00008c,list,which biologic drugs are used in respiratory diseases,internal_test_LOCKED
67eb559518b1e36f2e0000e5,summary,what is the significance of the idh1 idh2 mutations in gliomas and how do they impact prognosis,train
67df1a1d18b1e36f2e000065,factoid,which missense variant in spdl1 is associated with ipf,internal_test_LOCKED
67e6be3118b1e36f2e0000c3,factoid,what disease can be treated with fidanacogene elaparvovec,train
67e3113d18b1e36f2e00009f,summary,what is the pringle manuever used for,validation
67e2942a18b1e36f2e000082,summary,which environment favors histoplasma capsulatum,validation
67eb569718b1e36f2e0000e8,list,which immune checkpoint proteins do tumors often exploit to evade immune responses,train
67e6c9d518b1e36f2e0000cd,factoid,how many individuals were selected for generation of whole genome sequencing data in the mexico city prospective study,train
67e6c6fa18b1e36f2e0000cb,list,what are features of samter s triad,train
67e014c918b1e36f2e000068,factoid,what is the mode of action of bempedoic acid,train
67e2c03d18b1e36f2e000094,summary,long term effects of obesity during adolescence,train
67eb817c18b1e36f2e0000f0,factoid,what is the median survival time for glioblastoma patients with standard treatment,train
67dede2918b1e36f2e000062,factoid,which ensemble machine learning framework has been developed for predicting druggability,internal_test_LOCKED
67e6b63118b1e36f2e0000bc,summary,what is the clinical significance of the eiffel by night sign,train
67d0396281b1027333000027,summary,what is the current hypothesis for the cause of guillian barre syndrome,validation
67e2849218b1e36f2e00007a,factoid,what is the most common genetic variant of cystic fibrosis,validation
67eaf28f18b1e36f2e0000df,list,what are the key components of the glioblastoma tumor microenvironment,train
67e2944218b1e36f2e000083,factoid,which cytoscape application has been developed for the study of metabolic pathway evolution,train
67e6d06918b1e36f2e0000d2,yesno,can galcanezumab be used for vestibular migraine,train
67dec8fb18b1e36f2e00005b,summary,summerize the relationship betweeen kisspeptin and cancer,train
67e40a2418b1e36f2e0000a1,list,infections caused by klebsiella spp,validation
67eb55d818b1e36f2e0000e6,yesno,does dna methylation always lead to gene silencing,train
67e7dbc518b1e36f2e0000d7,summary,describe gene scout,train
67e69e7918b1e36f2e0000b7,yesno,is inebilizumab effective for the igg4 related disease,train
67ded55318b1e36f2e00005f,yesno,is botulism toxin a used to treat arthritis,train
67e40e9418b1e36f2e0000a4,list,diseases that are screened in the neonate with the heel prick test,train
67eb55f418b1e36f2e0000e7,factoid,what is the most common genetic alteration in primary glioblastoma,train
67df10be18b1e36f2e000063,summary,describe gwrvis,train
67e56e1e18b1e36f2e0000af,summary,what is the mechanism of action of ntla 2002,train
67e133f118b1e36f2e00006f,factoid,why is calabash chalk consumed by pregnant women,train
67e288d518b1e36f2e00007c,factoid,country with the highest incidence of african trypanosomiasis sleeping sickness,train
67ea538318b1e36f2e0000dd,summary,what is the role of the tumor microenvironment in the mes like state of glioblastoma multiforme gbm,train
67dc41a618b1e36f2e000059,yesno,does loss of the tumour suppressor lkb1 stk11 contribute to cancer resistance,train
67e6bdc618b1e36f2e0000c2,factoid,what is the target of tulisokibart,train
67cf365781b1027333000023,list,what are the symptoms of landau klettner syndrome,train
67e2c4b618b1e36f2e000095,list,consequences of environmental exposure to lead poisoning,internal_test_LOCKED
67eb557218b1e36f2e0000e4,summary,what is the role of glioblastoma stem like cells gscs in tumor progression and therapy resistance,train
67e28a8418b1e36f2e00007d,list,what are the main advantages of mirnovo compared to existing tools,internal_test_LOCKED
67e56b5418b1e36f2e0000ad,factoid,what is the target of abelacimab,internal_test_LOCKED
67e94f4418b1e36f2e0000dc,yesno,is ameloblastoma a malignant type of cancer,validation
67e2cd8b18b1e36f2e000097,factoid,what is the treatment for paracetamol intoxication,train
67eb7cf718b1e36f2e0000ef,list,what are some immunosuppressive cytokines secreted by tumors to induce the activation of regulatory t cells and evade the immune system,train
67e2d99318b1e36f2e00009e,yesno,do cnvs contribute to the genetic architecture of familial generalized and focal epilepsies,train
67e5712e18b1e36f2e0000b2,factoid,plaques en prairie fauchée are specific to which disease,train
67d1a0de81b102733300002a,list,please list the complications associaated with plastic multilayer closure pmc when used for surgery,train
67e4165d18b1e36f2e0000a6,yesno,are biologicals safe during pregnancy,internal_test_LOCKED
67eaf32618b1e36f2e0000e3,summary,what is an e box and what is its role in gene regulation of cancer,train
67dc40da18b1e36f2e000058,summary,describe stargazer,train
67e6ba8e18b1e36f2e0000bf,list,what are the targets of ivonescimab,train
67e08afd18b1e36f2e00006a,factoid,eptinezumab is a monclonal antibody direct againest what protein,train
67e299b618b1e36f2e000087,summary,what is ophthalmologic loa loa,validation
67eb86d618b1e36f2e0000f2,yesno,can a single gene be regulated by multiple enhancers,validation
67e6ce6e18b1e36f2e0000cf,factoid,how many primary genetic associations were identified through pqtl mapping within the pharma proteomics project,train
67e6a05c18b1e36f2e0000b8,summary,what is the mechanism of action of imlunestrant,train
67e12bc718b1e36f2e00006e,yesno,can the temporomandibular joint be successfully replaced,train
67fbe85d18b1e36f2e000122,summary,have brain abnormalities been found in people with anxiety,train
67fc2f7818b1e36f2e00012c,yesno,does pten loss in gbm contribute to resistance against immunotherapy,train
67d49e0c18b1e36f2e00001d,list,list highlighted genes by rjh metastasis 1 0 for colorectal cancer with liver metastasis crclm,train
67e6b34318b1e36f2e0000b9,factoid,rvsv zebov gp is used for which disease,internal_test_LOCKED
67e0906c18b1e36f2e00006b,factoid,what is a seroma,train
67fbe2f318b1e36f2e000117,yesno,does pilates reduce pelvic pain,train
67f6f13618b1e36f2e0000ff,list,what transcription factors drive epithelial to mesenchymal transition emt,train
67e296bc18b1e36f2e000085,factoid,how many exomes did the largest whole exome sequencing study of epilepsy to date involve,train
67e4590e18b1e36f2e0000a9,factoid,westermark s sign is specific to which condition,train
67fafe7318b1e36f2e00010b,yesno,is faecalibacterium prausnitzii a butyrate producing bacteria in the human colon an aerobic bacteria,internal_test_LOCKED
67ed634018b1e36f2e0000fa,list,which new measles vaccines are being investigated,train
67fd734e18b1e36f2e00013f,yesno,do cd8 t cells and nk cells both express cytotoxic granules like perforin and granzyme b,internal_test_LOCKED
67e6d1b518b1e36f2e0000d3,factoid,which association in clonal haematopoiesis has been identified in the uk biobank proteogenomics study,train
67e56ff018b1e36f2e0000b1,list,what are the targets of zenocutuzumab,internal_test_LOCKED
67fc555a18b1e36f2e000131,factoid,what organ is evaluated by hysterosalpingography hsg,train
67fbe68c18b1e36f2e00011e,factoid,at which age should men start prostate cancer screening,validation
67f6f14118b1e36f2e000100,yesno,do mesenchymal like glioblastoma cells show increased immune evasion,train
67d45fbc18b1e36f2e000013,list,which card8 variants confer decreased risk in diabetic nephropathy,train
67e6c0f618b1e36f2e0000c7,yesno,can fasudil be used for subarachnoid haemorrhage,validation
67f8584b18b1e36f2e000106,summary,please explain how activation likelihood estimation ale is used,train
67fbe1a118b1e36f2e000112,list,which mutations increase the risk for pancreatic cancer,train
67fc380c18b1e36f2e00012e,summary,how does gbm heterogeneity affect treatment response,internal_test_LOCKED
67d48d1118b1e36f2e000016,summary,describe findbase,train
67e6b72818b1e36f2e0000bd,list,what is included in the vrd regiment for myeloma,train
67daf71018b1e36f2e000057,yesno,is pollinosis another name for allergies to tree or grass pollen,internal_test_LOCKED
67ed64e118b1e36f2e0000fd,summary,which diet is recommended for people with irritable bowel syndrome,train
67f6f1c218b1e36f2e000102,summary,how do macrophages influence the glioblastoma microenvironment,internal_test_LOCKED
67dae2d018b1e36f2e000056,list,which are the main findings from the aura3 trial on acquired resistance to osimertinib,validation
67e6cd6a18b1e36f2e0000ce,yesno,is luvadaxistat effective for friedreich s ataxia,internal_test_LOCKED
67d1a36781b102733300002b,summary,please summarize the relationship between xylazine and illicit drug use,train
67fbe25118b1e36f2e000115,yesno,is obesity a familial syndrome,train
67fbee9818b1e36f2e000124,factoid,what proportion of the cells in gbm are typically macrophages microglia,internal_test_LOCKED
67e28bdd18b1e36f2e00007e,summary,describe chimira,train
67e5541718b1e36f2e0000ab,summary,what is the mechanism of action of talquetamab,validation
67f8ea8318b1e36f2e000107,factoid,what is the difference in action between fomoterol and salmeterol,train
67fbe3cf18b1e36f2e00011a,yesno,is there any biomarker for borderline personality disorder,train
67fd6fe418b1e36f2e00013d,summary,what is the main function of plasmacytoid dendritic cells pdcs,internal_test_LOCKED
67d4179618b1e36f2e00000b,list,list primary sclerosing cholangitis effector genes and biological mechanisms,validation
67e56c7418b1e36f2e0000ae,list,what are targets of tirzepatide,train
67faf34018b1e36f2e00010a,yesno,have high values of blood pressure body mass index bmi and non high density lipoprotein hdl cholesterol been associated with increased dementia risk in late life,train
67fbe3a518b1e36f2e000119,list,what are indications for autologous blood use,train
67fd73dd18b1e36f2e000140,list,what are some commonly used markers to identify exhausted t cells,train
67e7d88f18b1e36f2e0000d5,list,which approaches are used for selecting the right target in kidney disease,train
67e5731918b1e36f2e0000b3,list,which drugs are included in the epclusa pill,train
67f8f45518b1e36f2e000108,list,what proteins are measured in a blood test for alzheimers disease,train
67ed4bdf18b1e36f2e0000f3,summary,how many types of poliovirus vaccines are currently used,train
67fd7a0218b1e36f2e000141,factoid,what type of t cell memory subset is characterized by high cd45ro and ccr7 expression,internal_test_LOCKED
67e6b4cb18b1e36f2e0000bb,summary,what is the mechanism of action of xalnesiran,internal_test_LOCKED
67ded26a18b1e36f2e00005d,summary,what is tenecteplase,train
67ed4c9018b1e36f2e0000f5,yesno,is there any dna vaccine approved for use in humans,train
67fce38c18b1e36f2e000135,list,what are the glioblastoma stem cell gsc states identified through chromatin accessibility profiling,validation
67e6d27518b1e36f2e0000d4,factoid,what is the target of zolbetuximab,internal_test_LOCKED
67cf3b6381b1027333000024,list,please list the active compounds that can be extracted from sophora tonkinensis,train
67ed57e718b1e36f2e0000f9,list,what are the main causes of iatrogenic mortality,train
67fd5d6e18b1e36f2e000139,factoid,what is a frequently lost chromosomal region in secondary glioblastoma,train
67e6b43e18b1e36f2e0000ba,summary,what is the mechanism of action of nexiguran ziclumeran,internal_test_LOCKED
67d01cc581b1027333000026,yesno,is suicide ideation associated with glp 1 agonists,train
67fbe7b818b1e36f2e00011f,yesno,are physicians at higher risk of suicide than the general population,validation
67f6f20618b1e36f2e000103,factoid,what chemokine is involved in recruiting myeloid derived suppressor cells to gbm,train
67e573f418b1e36f2e0000b4,yesno,is infigratinib effective for achondroplasia,train
67e9342618b1e36f2e0000da,summary,what is anthropogenic gadolinium,train
67e3cf4318b1e36f2e0000a0,list,causes of testicular torsion,internal_test_LOCKED
67fce47a18b1e36f2e000136,yesno,does neuroblastoma share mesenchymal like transcriptional programs with triple negative breast cancer tnbc,internal_test_LOCKED
67e4571218b1e36f2e0000a7,yesno,is perampanel associated with homicidal ideation,train
67fbe21f18b1e36f2e000114,summary,please sumarize the symptoms of ankylosing spondylitis,train
67fbe09d18b1e36f2e000110,summary,presentation of adhd in girls,train
67fc323818b1e36f2e00012d,factoid,what is the term for when a structural rearrangement places an oncogene under the control of a foreign enhancer,train
67e457ed18b1e36f2e0000a8,summary,what is the mechanism of action of vutrisiran,train
67ded64018b1e36f2e000060,factoid,what is a payload in the context of a drug,internal_test_LOCKED
67fbe49218b1e36f2e00011b,yesno,can schizophrenia be diagnosed after 50,internal_test_LOCKED
67eb711718b1e36f2e0000ec,summary,what is the purpose of tumor treating fields ttfields in gbm therapy,train
67e6bed318b1e36f2e0000c4,factoid,what is the target of axatilimab,train
67fd087218b1e36f2e000137,summary,how are molecular polaritons made,train
67ed650c18b1e36f2e0000fe,yesno,has any single infectious agent been identified as the cause of irritable bowel syndrome,train
67f6f18918b1e36f2e000101,factoid,where do infiltrating macrophages in gbm derive from,train
67e6c8dd18b1e36f2e0000cc,list,what medications are included in the capiri regimen,train
67fb064318b1e36f2e00010d,factoid,what are aptamers made of,train
67e2b5fb18b1e36f2e00008e,yesno,can a mother positive for hepatitis b breastfeed,train
67eb701618b1e36f2e0000ea,list,how do tumors evade immune responses,train
67e6bd0e18b1e36f2e0000c1,factoid,lenacapavir is tested in which disease,validation
67d03a2581b1027333000028,yesno,is anopheles the genus of a parasitic fly,train
67ed575b18b1e36f2e0000f7,list,what is the treatment for restless leg syndrome,train
67d74cde18b1e36f2e00003c,summary,describe rankmhc,train
65f7741fc4010b4d78000027,factoid,what proportion of colorectal cancer cases are not assignable to any of the consensus molecular subtype cms groups,train
67cc973e81b1027333000011,list,please list the short half life phosphodiesterase 5 inhibitors,validation
67d722e818b1e36f2e000036,summary,pathophysiology of irritable bowel syndrome ibs,train
67da17c918b1e36f2e000055,summary,what is the role of the receptor tyrosine kinase axl in malignancy,train
66301d1d187cba990d000026,yesno,are respiratory measurements correlated with disease severity in duchenne muscular dystrophy,train
67d3518718b1e36f2e000008,factoid,which disease is caused by heterozygous uchl1 loss of function variants,train
662154f0b9f8b89d7e000009,factoid,what is the most appropriate systemic treatment for conversion therapy in colorectal cancer with potentially resectable liver metastasis,train
67c847f581b1027333000003,yesno,is age an underlying factor in the eye disease amd,train
67d7fe2618b1e36f2e000044,factoid,vector of zika virus,internal_test_LOCKED
67d7503018b1e36f2e00003e,list,what are the main transcription factors driving the mesenchymal like mes like state of glioblastoma multiforme,validation
67d34fb318b1e36f2e000007,factoid,which role does aaagg have in rfc1 repeat expansions,validation
662fc277187cba990d000013,yesno,does the consensus molecular subtype cms classification for colorectal cancer any use in routine clinical practice,train
67cddce881b102733300001c,list,please list major complications of clostridum difficile infection,train
67d43cd218b1e36f2e000011,list,symptoms of polycystic ovarian syndrome,train
67d9f6a418b1e36f2e000051,list,what are the lineage transcription factors of oligodendrocyte progenitor cells opcs,validation
67d7531018b1e36f2e000041,list,data from which clinical trials have been used to demonstrate use of knowledge graphs for nsclc survival prediction,train
660999a0fdcbea915f00001a,list,what are the colorectal surgical options for patients with familial polyposis,train
67c7708481b1027333000002,yesno,is mucopolysaccharidosis plus syndrome mpsps a x linked disease,internal_test_LOCKED
67d7201b18b1e36f2e00002c,list,indications of cesarean section,train
67da148418b1e36f2e000054,list,what are the main transcriptional cell states found in melanoma,internal_test_LOCKED
67d3434d18b1e36f2e000002,factoid,which biomedical challenge has been designed to facilitate interaction between biomedical experts and automated question answering systems in order to promote covid 19 research,internal_test_LOCKED
662fc6aa187cba990d000017,summary,why is trifluridine tipiracil more active than other fluorpyrimidines in colorectal cancer patients,train
67cc89fa81b102733300000c,yesno,is the inactivation of the x chromsome linked to cognition,train
67d4354518b1e36f2e000010,factoid,prevalence of premenstrual dysphoric disorder,train
67d74a9b18b1e36f2e00003a,yesno,are transcription factors of the gata family found in the brain,internal_test_LOCKED
67d41b8518b1e36f2e00000d,yesno,is there any role between agrn and myasthenia gravis,train
67cdbe0c81b1027333000019,list,please list the 4 problems that are found in the tetrology of fallot,train
67d7238518b1e36f2e000038,summary,regarding genetic transmission of bipolar disorder has any specific gene mutation been identified,internal_test_LOCKED
67d74b0418b1e36f2e00003b,summary,how does hypoxia influence the cell states of glioblastoma multiforme gbm,train
67d496ed18b1e36f2e000019,factoid,what s the increase in core profiles in jaspar 2024 compared to the previous version,validation
67cdca3881b102733300001b,summary,what is the mode of action for baclofen,train
67d6bf9a18b1e36f2e000023,list,adverse effects of metformin,train
67c7392981b1027333000001,list,what are the main cell states of glioblastoma multiforme gbm,validation
67d34ad518b1e36f2e000005,yesno,is high wee1 expression linked to parp inhibition resistance,train
67cc9e6381b1027333000016,list,please list the surgical treatments for pilomatrix carcinoma,train
67d7fe1718b1e36f2e000043,factoid,vector of dengue infection,train
67da131f18b1e36f2e000053,yesno,is there a shift in the cell states of glioblastoma during recurrence,internal_test_LOCKED
67d45d5818b1e36f2e000012,factoid,in which population has it been described an association between the cubn gene and t2dm genetic susceptibility,train
67cde99581b102733300001f,yesno,can stem cell therapies be used to treat xerostomia,train
67d6bda918b1e36f2e000021,factoid,what is the cause of african trypanosomiasis,train
67d7506e18b1e36f2e00003f,factoid,what is the consensus binding site of the tead transcription factors,train
67d4854918b1e36f2e000014,summary,describe variant ranker,train
67cec6e781b1027333000021,yesno,is creatinine usually elevated in drug induced intestinal neuropathy dain,train
67d721d118b1e36f2e000031,yesno,are systemic beta lactams considered harmful to the human microbiome,train
67da0c0f18b1e36f2e000052,factoid,what is the most common egfr mutation in glioblastoma multiforme,internal_test_LOCKED
67d486e118b1e36f2e000015,list,which cardiovascular events are associated with alox12 gene polymorphisms,internal_test_LOCKED
67cc9bef81b1027333000013,factoid,what is dress in the context of drug therapy,train
67d430f918b1e36f2e00000f,list,adverse effects of statins,train
67d3460218b1e36f2e000004,summary,describe oncoenrichr,validation
67cc9ca681b1027333000014,list,what are the treatments for endometrioma endometriosis,train
67d7fee818b1e36f2e000048,summary,association between hypothyroidism and depression,train
67d48f6c18b1e36f2e000017,factoid,which computational method exists for prediction of transcriptional condensate associated genomic regions,train
67cf221a81b1027333000022,factoid,what tissue would be used to derive wharton s jelly mesenchymal stem cells,train
67d6c1bb18b1e36f2e000029,list,causes of infectious myocardiopathy,train
67d49ade18b1e36f2e00001b,summary,what s the effect of germline mediated immunoediting,train
67cc94f681b102733300000e,list,please list diseases that can be treated with mscs human mesenchymal stem cells,train
67d723d918b1e36f2e000039,summary,are there biomarkers of depression,train
67d34e2518b1e36f2e000006,list,what is caused by biallelic creld1 variants,train
67cc960381b102733300000f,factoid,what are desflurane and sevoflurane,train
67d7232418b1e36f2e000037,summary,are there inflammatory markers of dysmenorrhea,train
67d751e418b1e36f2e000040,factoid,which protein is silencing mir139 in order to promote aml oncogenesis,train
67cc97c481b1027333000012,factoid,on what part of the body is fontan palliation aka fontan proceedure performed,train
67d6b4e218b1e36f2e00001e,yesno,is childhood asthma more common in highly polluted areas,train
67d4161318b1e36f2e00000a,yesno,does nucleosomal dna have topological memory,internal_test_LOCKED
67c9e84181b1027333000008,factoid,what cellular process is listeriolysin associated with,train
67d7203018b1e36f2e00002d,factoid,estimated prevalence of postpartum psychosis,train
67d497c418b1e36f2e00001a,factoid,what s the effect of liver rbfox2,train
67cc826c81b102733300000b,yesno,is geographic atrophy ga found in the hand or foot,train
67d7fe6a18b1e36f2e000046,summary,manifestations of herpes genital infection,train
67d352e918b1e36f2e000009,list,what is caused by heterozygous loss of function sptan1,validation
67cc969581b1027333000010,summary,whats is the effect of berberine in ischemic stroke,train
67d7fe9318b1e36f2e000047,summary,association between eating disorders and adhd,train
67d418f418b1e36f2e00000c,summary,what is the association of orm1 and cell free dna,train
67cc9d4c81b1027333000015,yesno,are ameleographics aka tooth prints useful for forensic identification,train
67d81c7218b1e36f2e00004d,list,characteristics of prion diseases,internal_test_LOCKED
67d4903418b1e36f2e000018,factoid,which gene shapes the 3d enhancer network of the developing t cell genome,train
67c9e48f81b1027333000005,summary,how is a neoantigen created,train
67d7219018b1e36f2e000030,list,causes of sudden deafness,internal_test_LOCKED
67d74dd718b1e36f2e00003d,list,which types of data does the euro nmd registry capture,train
67cdbdb981b1027333000018,factoid,what tissue is the origin of adnexal masses,internal_test_LOCKED
67d7228818b1e36f2e000034,factoid,mean survival after a diagnosis of multiple sclerosis,train
67d49cf318b1e36f2e00001c,summary,describe the sequoia tool for predicting cancer transcriptomics profiles from histology images,train
67c9e75881b1027333000006,factoid,what is the function of cd47,train
67d6c10618b1e36f2e000027,yesno,is the use of surfactant restricted to neonatology,train
67e6cf2618b1e36f2e0000d0,yesno,should zotiraciclib be used for glioblastoma,train
680d5e47353a4a2e6b000005,factoid,is bronchiectasis a chronic or acute condition,train
680f4a68353a4a2e6b000007,yesno,do biopharmaceuticals have a role in the treatment of depression,internal_test_LOCKED
680a083218b1e36f2e00014d,yesno,are microglia involved in synaptic pruning during development,train
67e5557c18b1e36f2e0000ac,factoid,what is the target of fezolinetant,internal_test_LOCKED
6810fef8353a4a2e6b000016,factoid,what complication of pregnancy was treated with diethylstilbestrol,train
6810cb23353a4a2e6b000012,factoid,biopharmaceuticals for pediatric bronchiolitis,validation
680bc7a718b1e36f2e000156,summary,what is the cancer immunity cycle,train
67e56f2018b1e36f2e0000b0,summary,what is the mechanism of action of iptacopan,train
67fe5f0918b1e36f2e000144,factoid,what is the previous acronym for metabolic dysfunction associated steatotic liver diasease masld,train
67fbe4d718b1e36f2e00011d,summary,what is the genetic basis of addiction,train
680a079718b1e36f2e000147,yesno,do natural killer nk cells require antigen presentation to eliminate cancer cells,train
67e5749b18b1e36f2e0000b5,list,what are the targets of blinatumomab,train
680d5f2a353a4a2e6b000006,summary,what is the relationship between bronchiectasis and erdosteine,train
6810f6f0353a4a2e6b000015,yesno,can glp 1 receptor agonists be used for obesity in children under 10 years of age,train
680a237618b1e36f2e000152,yesno,are radiomic features useful in predicting survival in glioblastoma patients,train
68110110353a4a2e6b000018,yesno,in patients with acute liver failure associated with paracetamol overdose does n acetylcysteine treatment improve survival,train
680f4c63353a4a2e6b00000d,factoid,what is the pharmacological treatment of urinary schistosomiasis,train
680a087218b1e36f2e00014f,list,what types of features are typically extracted in radiomics,internal_test_LOCKED
6810daad353a4a2e6b000013,list,what diseases are treated with fecal transplants,internal_test_LOCKED
6810c27b353a4a2e6b000010,yesno,can sertraline be used in children under 10,train
680a07a418b1e36f2e000148,factoid,which cells are the primary antigen presenting cells,train
67fbd58c18b1e36f2e00010e,yesno,do misfolded and aggregated proteins build up in neurodegenerative illnesses which causes neuronal dysfunction and ultimately neuronal death,train
67fbe10618b1e36f2e000111,list,differential traits of autism spectrum disorders in girls,train
680fcb72353a4a2e6b00000e,list,what are the major classes of immunoglobulins,train
6805568118b1e36f2e000145,list,please list the dora type drugs,train
67e26b0b18b1e36f2e000073,yesno,is takotsubo cardiomyopathy more common in men,train
680a080b18b1e36f2e00014b,summary,what is radiomics,validation
6810db0a353a4a2e6b000014,factoid,what is the cause of fibromyalgia,train
67e2cfcf18b1e36f2e00009a,list,recommended prevention of osteoporosis in postmenopausal women,internal_test_LOCKED
680a081d18b1e36f2e00014c,summary,what are the functions of astrocytes in the cns,train
6810ff8f353a4a2e6b000017,yesno,is laparoscopic salpingectomy used to treat testicular cancer,internal_test_LOCKED
67fbe21818b1e36f2e000113,list,factors that are associated with thyroid cancer,train
67fc20ee18b1e36f2e00012a,yesno,do glioblastoma tumors have a high degree of lymphocyte infiltration,internal_test_LOCKED
67f8527318b1e36f2e000104,list,please list the types of videolaryngoscopy for adults undergoing tracheal intubation,train
680f4ae9353a4a2e6b000009,yesno,is electroconvulsive therapy used for any type of epilepsy,internal_test_LOCKED
67fd922518b1e36f2e000143,summary,what are the characteristics of the m1 m2 macrophage polarization paradigm in the tumor microenvironment,train
67fc1a3818b1e36f2e000129,factoid,what is nissen fundoplication,train
67e285b018b1e36f2e00007b,factoid,what are the genetic variants in turner syndrome,train
680a07f918b1e36f2e00014a,factoid,what organelle is responsible for atp production,train
67cdc78381b102733300001a,factoid,what age group is commonly affected by biliary atresia,train
67d7ff2c18b1e36f2e000049,list,manifestations of gluten allergy intolerance,train
680a084018b1e36f2e00014e,yesno,do t cells enter the cns in healthy individuals,train
67cde41a81b102733300001d,yesno,is urolithiasis the same thing as kidney stones,train
67e2b80618b1e36f2e00008f,summary,how do you acquire legionella pneumophila,train
680a21ff18b1e36f2e000151,summary,what is the role of the choroid plexus in immune surveillance,train
67fc546c18b1e36f2e000130,yesno,has antibiotic use induced hiccups,train
680f4aa6353a4a2e6b000008,summary,what do snake antivenoms contain,internal_test_LOCKED
680a078618b1e36f2e000146,yesno,are microglia derived from the same lineage as peripheral macrophages,train
67e098cb18b1e36f2e00006d,summary,how does a gastric pacemaker work,validation
67d6be8a18b1e36f2e000022,yesno,can newborns have glaucoma,internal_test_LOCKED
680bc74618b1e36f2e000155,list,what are some recent advances in cancer immunotherapy,train
67f857eb18b1e36f2e000105,yesno,is delirium a frequent complication after cardiac surgery,train
67e291a718b1e36f2e000081,list,phobias affecting humans,train
680b7f4818b1e36f2e000154,summary,how can convolutional neural networks cnns be utilized in radiomics,validation
67cde43c81b102733300001e,summary,please summarize graves disease,train
67e2958018b1e36f2e000084,yesno,are there any studies on the genetics of suicide,validation
680c174d353a4a2e6b000001,list,what are some common post translational modifications of proteins,internal_test_LOCKED
67e0053118b1e36f2e000067,yesno,do mioxsys and oxisperm measure ros reactive oxygen species in sperm,train
67e2a8d618b1e36f2e000088,list,which parasitic infections can cause anemia,train
680a07ed18b1e36f2e000149,factoid,what neurotransmitter is most associated with muscle activation,train
67e93f2d18b1e36f2e0000db,factoid,what medical proceedure causes nephrogenic systemic fibrosis,train
67e2bde318b1e36f2e000093,yesno,is obesity a risk factor for sleep apnea,internal_test_LOCKED
680c137818b1e36f2e000158,list,what cancer hallmarks are characteristically promoted by tumor microenvironment components such as pericytes,train
67ca061181b102733300000a,factoid,xist proteins mediate what cellular process,train
67e26d6218b1e36f2e000074,factoid,typical age range of onset of systemic scleroderma,internal_test_LOCKED
680a21eb18b1e36f2e000150,factoid,what glial cells are responsible for myelination in the cns,train
67fa3c5818b1e36f2e000109,factoid,what is bionda,internal_test_LOCKED
6810c54b353a4a2e6b000011,list,indications for electro convulsive therapy,train
67fd5d6518b1e36f2e000138,factoid,what is a common chromosome level gain in glioblastoma,train
67fb046e18b1e36f2e00010c,factoid,what is the gene target for zanidatamab,internal_test_LOCKED
67d6bbfa18b1e36f2e000020,summary,how do you diagnose hiv infection,internal_test_LOCKED
680fe1e3353a4a2e6b00000f,yesno,is a single nucleotide polymorphism snp the same as a mutation,train
680d5dd8353a4a2e6b000004,summary,is melatonin found in human milk,train
67d7208218b1e36f2e00002e,summary,physiopathology of alopecia,train
67fc381f18b1e36f2e00012f,summary,what is phenotype switching in melanoma,train
67c9e46881b1027333000004,summary,what is a neoantigen,train
67fbe2ab18b1e36f2e000116,yesno,do hyaluronic acid injections improve knee pain,validation
67eaf14c18b1e36f2e0000de,list,which transcription factors are important to define human astrocyte identity,train
67c9e7ee81b1027333000007,yesno,is peto s paradox associated with cancer rates,train
67d71d8f18b1e36f2e00002b,factoid,is clostridioides difficile an aerobe or a anaerobe bacterium,validation
67cdb26a81b1027333000017,list,please list the benefits of sodium glucose cotransporter 2 inhibitors,train
67e2b0a018b1e36f2e00008b,factoid,bacteria that most commonly causes urinary tract infection,internal_test_LOCKED
67e090be18b1e36f2e00006c,yesno,is bacillus clausii a probiotic,train
67d7fded18b1e36f2e000042,list,symptoms of chlamydia genital infection in women,train
